Part Number,Type,Size,Housing,Cooling,Mounting,SubResistors,Voltage,EMI,GTR7,Power_KVA,Power_KW,Power_HP,Irated_IEC_Amps,Irated_UL_Amps,I_OL_Amps,I_OC_Amps,OL2_2kHz_A,OL2_4kHz_A,OL2_8kHz_A,OL2_12kHz_A,OL2_16kHz_A,I_OC_%,I_OL_%,OL2_2kHz_%,OL2_4kHz_%,OL2_8kHz_%,OL2_12kHz_%,OL2_16kHz_%,Rated_kHz,Max_kHz,BaseBlockTime_ms
10F6A12-1A11,F6,10,2,air,panel,none,230V 3ph,none,std,4.4,2.2,3,11,11,16.5,23.76,23.991,22,18.997,15.994,13.992,216,150,218.10,200.00,172.70,145.40,127.20,8,16,600
10F6A12-1A13,F6,10,2,air,push-through,none,230V 3ph,none,std,4.4,2.2,3,11,11,16.5,23.76,23.991,22,18.997,15.994,13.992,216,150,218.10,200.00,172.70,145.40,127.20,8,16,600
10F6A32-1A11,F6,10,2,air,panel,none,230V 3ph,none,std,4.4,2.2,3,11,11,16.5,23.76,23.991,22,18.997,15.994,13.992,216,150,218.10,200.00,172.70,145.40,127.20,8,16,600
10F6A32-1A13,F6,10,2,air,push-through,none,230V 3ph,none,std,4.4,2.2,3,11,11,16.5,23.76,23.991,22,18.997,15.994,13.992,216,150,218.10,200.00,172.70,145.40,127.20,8,16,600
10F6K12-1A11,F6,10,2,air,panel,none,230V 3ph,none,std,4.4,2.2,3,11,11,16.5,23.76,23.991,22,18.997,15.994,13.992,216,150,218.10,200.00,172.70,145.40,127.20,8,16,600
10F6K12-1A13,F6,10,2,air,push-through,none,230V 3ph,none,std,4.4,2.2,3,11,11,16.5,23.76,23.991,22,18.997,15.994,13.992,216,150,218.10,200.00,172.70,145.40,127.20,8,16,600
10F6P52-1A31,F6,10,2,air,panel,none,230V 3ph,none,std,4.4,2.2,3,11,11,16.5,23.76,23.991,22,18.997,15.994,13.992,216,150,218.10,200.00,172.70,145.40,127.20,8,16,600
10F6P52-1A33,F6,10,2,air,push-through,none,230V 3ph,none,std,4.4,2.2,3,11,11,16.5,23.76,23.991,22,18.997,15.994,13.992,216,150,218.10,200.00,172.70,145.40,127.20,8,16,600
10F6P52-1A41,F6,10,2,air,panel,none,230V 3ph,none,std,4.4,2.2,3,11,11,16.5,23.76,23.991,22,18.997,15.994,13.992,216,150,218.10,200.00,172.70,145.40,127.20,8,16,600
10F6P52-1A43,F6,10,2,air,push-through,none,230V 3ph,none,std,4.4,2.2,3,11,11,16.5,23.76,23.991,22,18.997,15.994,13.992,216,150,218.10,200.00,172.70,145.40,127.20,8,16,600
10F6P52-1A51,F6,10,2,air,panel,none,230V 3ph,none,std,4.4,2.2,3,11,11,16.5,23.76,23.991,22,18.997,15.994,13.992,216,150,218.10,200.00,172.70,145.40,127.20,8,16,600
10F6P52-1A53,F6,10,2,air,push-through,none,230V 3ph,none,std,4.4,2.2,3,11,11,16.5,23.76,23.991,22,18.997,15.994,13.992,216,150,218.10,200.00,172.70,145.40,127.20,8,16,600
12F6A12-1A11,F6,12,2,air,panel,none,230V 3ph,none,std,7,4,5,17.5,17.5,26.25,37.8,40.985,35.9975,29.995,24.99,21.9975,216,150,234.20,205.70,171.40,142.80,125.70,8,16,600
12F6A12-1A13,F6,12,2,air,push-through,none,230V 3ph,none,std,7,4,5,17.5,17.5,26.25,37.8,40.985,35.9975,29.995,24.99,21.9975,216,150,234.20,205.70,171.40,142.80,125.70,8,16,600
12F6A12-3A11,F6,12,2,air,panel,none,400V 3ph,none,std,6.6,4,5,9.5,7.6,14.25,20.52,19.9975,15.998,10.9915,7.999,5.9945,216,150,210.50,168.40,115.70,84.20,63.10,8,16,450
12F6A12-3A13,F6,12,2,air,push-through,none,400V 3ph,none,std,6.6,4,5,9.5,7.6,14.25,20.52,19.9975,15.998,10.9915,7.999,5.9945,216,150,210.50,168.40,115.70,84.20,63.10,8,16,450
12F6A32-1A11,F6,12,2,air,panel,none,230V 3ph,none,std,7,4,5,17.5,17.5,26.25,37.8,40.985,35.9975,29.995,24.99,21.9975,216,150,234.20,205.70,171.40,142.80,125.70,8,16,600
12F6A32-1A13,F6,12,2,air,push-through,none,230V 3ph,none,std,7,4,5,17.5,17.5,26.25,37.8,40.985,35.9975,29.995,24.99,21.9975,216,150,234.20,205.70,171.40,142.80,125.70,8,16,600
12F6A32-3A11,F6,12,2,air,panel,none,400V 3ph,none,std,6.6,4,5,9.5,7.6,14.25,20.52,19.9975,15.998,10.9915,7.999,5.9945,216,150,210.50,168.40,115.70,84.20,63.10,8,16,450
12F6A32-3A13,F6,12,2,air,push-through,none,400V 3ph,none,std,6.6,4,5,9.5,7.6,14.25,20.52,19.9975,15.998,10.9915,7.999,5.9945,216,150,210.50,168.40,115.70,84.20,63.10,8,16,450
12F6K12-1A11,F6,12,2,air,panel,none,230V 3ph,none,std,7,4,5,17.5,17.5,26.25,37.8,40.985,35.9975,29.995,24.99,21.9975,216,150,234.20,205.70,171.40,142.80,125.70,8,16,600
12F6K12-1A13,F6,12,2,air,push-through,none,230V 3ph,none,std,7,4,5,17.5,17.5,26.25,37.8,40.985,35.9975,29.995,24.99,21.9975,216,150,234.20,205.70,171.40,142.80,125.70,8,16,600
12F6K12-3A11,F6,12,2,air,panel,none,400V 3ph,none,std,6.6,4,5,9.5,7.6,14.25,20.52,19.9975,15.998,10.9915,7.999,5.9945,216,150,210.50,168.40,115.70,84.20,63.10,8,16,450
12F6K12-3A13,F6,12,2,air,push-through,none,400V 3ph,none,std,6.6,4,5,9.5,7.6,14.25,20.52,19.9975,15.998,10.9915,7.999,5.9945,216,150,210.50,168.40,115.70,84.20,63.10,8,16,450
12F6K12-3A21,F6,12,2,air,panel,none,400V 3ph,none,std,6.6,4,5,9.5,7.6,14.25,20.52,19.9975,15.998,10.9915,7.999,5.9945,216,150,210.50,168.40,115.70,84.20,63.10,8,16,450
12F6K12-3A23,F6,12,2,air,push-through,none,400V 3ph,none,std,6.6,4,5,9.5,7.6,14.25,20.52,19.9975,15.998,10.9915,7.999,5.9945,216,150,210.50,168.40,115.70,84.20,63.10,8,16,450
12F6P52-1A31,F6,12,2,air,panel,none,230V 3ph,none,std,7,4,5,17.5,17.5,26.25,37.8,40.985,35.9975,29.995,24.99,21.9975,216,150,234.20,205.70,171.40,142.80,125.70,8,16,600
12F6P52-1A33,F6,12,2,air,push-through,none,230V 3ph,none,std,7,4,5,17.5,17.5,26.25,37.8,40.985,35.9975,29.995,24.99,21.9975,216,150,234.20,205.70,171.40,142.80,125.70,8,16,600
12F6P52-1A41,F6,12,2,air,panel,none,230V 3ph,none,std,7,4,5,17.5,17.5,26.25,37.8,40.985,35.9975,29.995,24.99,21.9975,216,150,234.20,205.70,171.40,142.80,125.70,8,16,600
12F6P52-1A43,F6,12,2,air,push-through,none,230V 3ph,none,std,7,4,5,17.5,17.5,26.25,37.8,40.985,35.9975,29.995,24.99,21.9975,216,150,234.20,205.70,171.40,142.80,125.70,8,16,600
12F6P52-1A51,F6,12,2,air,panel,none,230V 3ph,none,std,7,4,5,17.5,17.5,26.25,37.8,40.985,35.9975,29.995,24.99,21.9975,216,150,234.20,205.70,171.40,142.80,125.70,8,16,600
12F6P52-1A53,F6,12,2,air,push-through,none,230V 3ph,none,std,7,4,5,17.5,17.5,26.25,37.8,40.985,35.9975,29.995,24.99,21.9975,216,150,234.20,205.70,171.40,142.80,125.70,8,16,600
12F6P52-3A31,F6,12,2,air,panel,none,400V 3ph,none,std,6.6,4,5,9.5,7.6,14.25,20.52,19.9975,15.998,10.9915,7.999,5.9945,216,150,210.50,168.40,115.70,84.20,63.10,8,16,450
12F6P52-3A33,F6,12,2,air,push-through,none,400V 3ph,none,std,6.6,4,5,9.5,7.6,14.25,20.52,19.9975,15.998,10.9915,7.999,5.9945,216,150,210.50,168.40,115.70,84.20,63.10,8,16,450
12F6P52-3A41,F6,12,2,air,panel,none,400V 3ph,none,std,6.6,4,5,9.5,7.6,14.25,20.52,19.9975,15.998,10.9915,7.999,5.9945,216,150,210.50,168.40,115.70,84.20,63.10,8,16,450
12F6P52-3A43,F6,12,2,air,push-through,none,400V 3ph,none,std,6.6,4,5,9.5,7.6,14.25,20.52,19.9975,15.998,10.9915,7.999,5.9945,216,150,210.50,168.40,115.70,84.20,63.10,8,16,450
12F6P52-3A51,F6,12,2,air,panel,none,400V 3ph,none,std,6.6,4,5,9.5,7.6,14.25,20.52,19.9975,15.998,10.9915,7.999,5.9945,216,150,210.50,168.40,115.70,84.20,63.10,8,16,450
12F6P52-3A53,F6,12,2,air,push-through,none,400V 3ph,none,std,6.6,4,5,9.5,7.6,14.25,20.52,19.9975,15.998,10.9915,7.999,5.9945,216,150,210.50,168.40,115.70,84.20,63.10,8,16,450
13F6A12-1511,F6,13,2,air,panel,none,230V 3ph,none,std,9.6,5.5,7.5,24,24,36,43.2,56.208,49.368,41.136,34.272,30.168,180,150,234.20,205.70,171.40,142.80,125.70,4,16,750
13F6A12-1513,F6,13,2,air,push-through,none,230V 3ph,none,std,9.6,5.5,7.5,24,24,36,43.2,56.208,49.368,41.136,34.272,30.168,180,150,234.20,205.70,171.40,142.80,125.70,4,16,750
13F6A12-3A11,F6,13,2,air,panel,none,400V 3ph,none,std,8.3,5.5,7.5,12,11,18,25.92,12.996,12,6,4.5,3.492,216,150,108.30,100.00,50.00,37.50,29.10,8,16,600
13F6A12-3A13,F6,13,2,air,push-through,none,400V 3ph,none,std,8.3,5.5,7.5,12,11,18,25.92,12.996,12,6,4.5,3.492,216,150,108.30,100.00,50.00,37.50,29.10,8,16,600
13F6A32-1511,F6,13,2,air,panel,none,230V 3ph,none,std,9.6,5.5,7.5,24,24,36,43.2,56.208,49.368,41.136,34.272,30.168,180,150,234.20,205.70,171.40,142.80,125.70,4,16,750
13F6A32-1513,F6,13,2,air,push-through,none,230V 3ph,none,std,9.6,5.5,7.5,24,24,36,43.2,56.208,49.368,41.136,34.272,30.168,180,150,234.20,205.70,171.40,142.80,125.70,4,16,750
13F6A32-3A11,F6,13,2,air,panel,none,400V 3ph,none,std,8.3,5.5,7.5,12,11,18,25.92,12.996,12,6,4.5,3.492,216,150,108.30,100.00,50.00,37.50,29.10,8,16,600
13F6A32-3A13,F6,13,2,air,push-through,none,400V 3ph,none,std,8.3,5.5,7.5,12,11,18,25.92,12.996,12,6,4.5,3.492,216,150,108.30,100.00,50.00,37.50,29.10,8,16,600
13F6K12-1511,F6,13,2,air,panel,none,230V 3ph,none,std,9.6,5.5,7.5,24,24,36,43.2,56.208,49.368,41.136,34.272,30.168,180,150,234.20,205.70,171.40,142.80,125.70,4,16,750
13F6K12-1513,F6,13,2,air,push-through,none,230V 3ph,none,std,9.6,5.5,7.5,24,24,36,43.2,56.208,49.368,41.136,34.272,30.168,180,150,234.20,205.70,171.40,142.80,125.70,4,16,750
13F6K12-3A11,F6,13,2,air,panel,none,400V 3ph,none,std,8.3,5.5,7.5,12,11,18,25.92,12.996,12,6,4.5,3.492,216,150,108.30,100.00,50.00,37.50,29.10,8,16,600
13F6K12-3A13,F6,13,2,air,push-through,none,400V 3ph,none,std,8.3,5.5,7.5,12,11,18,25.92,12.996,12,6,4.5,3.492,216,150,108.30,100.00,50.00,37.50,29.10,8,16,600
13F6K12-3A21,F6,13,2,air,panel,none,400V 3ph,none,std,8.3,5.5,7.5,12,11,18,25.92,12.996,12,6,4.5,3.492,216,150,108.30,100.00,50.00,37.50,29.10,8,16,600
13F6K12-3A23,F6,13,2,air,push-through,none,400V 3ph,none,std,8.3,5.5,7.5,12,11,18,25.92,12.996,12,6,4.5,3.492,216,150,108.30,100.00,50.00,37.50,29.10,8,16,600
13F6P52-1531,F6,13,2,air,panel,none,230V 3ph,none,std,9.6,5.5,7.5,24,24,36,43.2,56.208,49.368,41.136,34.272,30.168,180,150,234.20,205.70,171.40,142.80,125.70,4,16,750
13F6P52-1533,F6,13,2,air,push-through,none,230V 3ph,none,std,9.6,5.5,7.5,24,24,36,43.2,56.208,49.368,41.136,34.272,30.168,180,150,234.20,205.70,171.40,142.80,125.70,4,16,750
13F6P52-1541,F6,13,2,air,panel,none,230V 3ph,none,std,9.6,5.5,7.5,24,24,36,43.2,56.208,49.368,41.136,34.272,30.168,180,150,234.20,205.70,171.40,142.80,125.70,4,16,750
13F6P52-1543,F6,13,2,air,push-through,none,230V 3ph,none,std,9.6,5.5,7.5,24,24,36,43.2,56.208,49.368,41.136,34.272,30.168,180,150,234.20,205.70,171.40,142.80,125.70,4,16,750
13F6P52-1551,F6,13,2,air,panel,none,230V 3ph,none,std,9.6,5.5,7.5,24,24,36,43.2,56.208,49.368,41.136,34.272,30.168,180,150,234.20,205.70,171.40,142.80,125.70,4,16,750
13F6P52-1553,F6,13,2,air,push-through,none,230V 3ph,none,std,9.6,5.5,7.5,24,24,36,43.2,56.208,49.368,41.136,34.272,30.168,180,150,234.20,205.70,171.40,142.80,125.70,4,16,750
13F6P52-3A31,F6,13,2,air,panel,none,400V 3ph,none,std,8.3,5.5,7.5,12,11,18,25.92,12.996,12,6,4.5,3.492,216,150,108.30,100.00,50.00,37.50,29.10,8,16,600
13F6P52-3A33,F6,13,2,air,push-through,none,400V 3ph,none,std,8.3,5.5,7.5,12,11,18,25.92,12.996,12,6,4.5,3.492,216,150,108.30,100.00,50.00,37.50,29.10,8,16,600
13F6P52-3A41,F6,13,2,air,panel,none,400V 3ph,none,std,8.3,5.5,7.5,12,11,18,25.92,12.996,12,6,4.5,3.492,216,150,108.30,100.00,50.00,37.50,29.10,8,16,600
13F6P52-3A43,F6,13,2,air,push-through,none,400V 3ph,none,std,8.3,5.5,7.5,12,11,18,25.92,12.996,12,6,4.5,3.492,216,150,108.30,100.00,50.00,37.50,29.10,8,16,600
13F6P52-3A51,F6,13,2,air,panel,none,400V 3ph,none,std,8.3,5.5,7.5,12,11,18,25.92,12.996,12,6,4.5,3.492,216,150,108.30,100.00,50.00,37.50,29.10,8,16,600
13F6P52-3A53,F6,13,2,air,push-through,none,400V 3ph,none,std,8.3,5.5,7.5,12,11,18,25.92,12.996,12,6,4.5,3.492,216,150,108.30,100.00,50.00,37.50,29.10,8,16,600
14F6A12-1511,F6,14,2,air,panel,none,230V 3ph,none,std,13,7.5,10,33,33,49.5,59.4,55.968,50.985,42.999,36.993,30.987,180,150,169.60,154.50,130.30,112.10,93.90,4,16,900
14F6A12-1513,F6,14,2,air,push-through,none,230V 3ph,none,std,13,7.5,10,33,33,49.5,59.4,55.968,50.985,42.999,36.993,30.987,180,150,169.60,154.50,130.30,112.10,93.90,4,16,900
14F6A12-3911,F6,14,2,air,panel,none,400V 3ph,none,std,11.4,7.5,10,16.5,14,24.75,35.64,17.8695,16.5,8.25,6.1875,4.8015,216,150,108.30,100.00,50.00,37.50,29.10,4,16,600
14F6A12-3913,F6,14,2,air,push-through,none,400V 3ph,none,std,11.4,7.5,10,16.5,14,24.75,35.64,17.8695,16.5,8.25,6.1875,4.8015,216,150,108.30,100.00,50.00,37.50,29.10,4,16,600
14F6A12-391H,F6,14,2,air,push-through,none,400V 3ph,none,std,11.4,7.5,10,16.5,14,24.75,35.64,17.8695,16.5,8.25,6.1875,4.8015,216,150,108.30,100.00,50.00,37.50,29.10,4,16,600
14F6A32-1511,F6,14,2,air,panel,none,230V 3ph,none,std,13,7.5,10,33,33,49.5,59.4,55.968,50.985,42.999,36.993,30.987,180,150,169.60,154.50,130.30,112.10,93.90,4,16,900
14F6A32-1513,F6,14,2,air,push-through,none,230V 3ph,none,std,13,7.5,10,33,33,49.5,59.4,55.968,50.985,42.999,36.993,30.987,180,150,169.60,154.50,130.30,112.10,93.90,4,16,900
14F6A32-3911,F6,14,2,air,panel,none,400V 3ph,none,std,11.4,7.5,10,16.5,14,24.75,35.64,17.8695,16.5,8.25,6.1875,4.8015,216,150,108.30,100.00,50.00,37.50,29.10,4,16,600
14F6A32-3913,F6,14,2,air,push-through,none,400V 3ph,none,std,11.4,7.5,10,16.5,14,24.75,35.64,17.8695,16.5,8.25,6.1875,4.8015,216,150,108.30,100.00,50.00,37.50,29.10,4,16,600
14F6A32-391H,F6,14,2,air,push-through,none,400V 3ph,none,std,11.4,7.5,10,16.5,14,24.75,35.64,17.8695,16.5,8.25,6.1875,4.8015,216,150,108.30,100.00,50.00,37.50,29.10,4,16,600
14F6K12-1511,F6,14,2,air,panel,none,230V 3ph,none,std,13,7.5,10,33,33,49.5,59.4,55.968,50.985,42.999,36.993,30.987,180,150,169.60,154.50,130.30,112.10,93.90,4,16,900
14F6K12-1513,F6,14,2,air,push-through,none,230V 3ph,none,std,13,7.5,10,33,33,49.5,59.4,55.968,50.985,42.999,36.993,30.987,180,150,169.60,154.50,130.30,112.10,93.90,4,16,900
14F6K12-3911,F6,14,2,air,panel,none,400V 3ph,none,std,11.4,7.5,10,16.5,14,24.75,35.64,17.8695,16.5,8.25,6.1875,4.8015,216,150,108.30,100.00,50.00,37.50,29.10,4,16,600
14F6K12-3913,F6,14,2,air,push-through,none,400V 3ph,none,std,11.4,7.5,10,16.5,14,24.75,35.64,17.8695,16.5,8.25,6.1875,4.8015,216,150,108.30,100.00,50.00,37.50,29.10,4,16,600
14F6K12-391H,F6,14,2,air,push-through,none,400V 3ph,none,std,11.4,7.5,10,16.5,14,24.75,35.64,17.8695,16.5,8.25,6.1875,4.8015,216,150,108.30,100.00,50.00,37.50,29.10,4,16,600
14F6K12-3921,F6,14,2,air,panel,none,400V 3ph,none,std,11.4,7.5,10,16.5,14,24.75,35.64,17.8695,16.5,8.25,6.1875,4.8015,216,150,108.30,100.00,50.00,37.50,29.10,4,16,600
14F6K12-3923,F6,14,2,air,push-through,none,400V 3ph,none,std,11.4,7.5,10,16.5,14,24.75,35.64,17.8695,16.5,8.25,6.1875,4.8015,216,150,108.30,100.00,50.00,37.50,29.10,4,16,600
14F6K12-392H,F6,14,2,air,push-through,none,400V 3ph,none,std,11.4,7.5,10,16.5,14,24.75,35.64,17.8695,16.5,8.25,6.1875,4.8015,216,150,108.30,100.00,50.00,37.50,29.10,4,16,600
14F6P52-1531,F6,14,2,air,panel,none,230V 3ph,none,std,13,7.5,10,33,33,49.5,59.4,55.968,50.985,42.999,36.993,30.987,180,150,169.60,154.50,130.30,112.10,93.90,4,16,900
14F6P52-1533,F6,14,2,air,push-through,none,230V 3ph,none,std,13,7.5,10,33,33,49.5,59.4,55.968,50.985,42.999,36.993,30.987,180,150,169.60,154.50,130.30,112.10,93.90,4,16,900
14F6P52-1541,F6,14,2,air,panel,none,230V 3ph,none,std,13,7.5,10,33,33,49.5,59.4,55.968,50.985,42.999,36.993,30.987,180,150,169.60,154.50,130.30,112.10,93.90,4,16,900
14F6P52-1543,F6,14,2,air,push-through,none,230V 3ph,none,std,13,7.5,10,33,33,49.5,59.4,55.968,50.985,42.999,36.993,30.987,180,150,169.60,154.50,130.30,112.10,93.90,4,16,900
14F6P52-1551,F6,14,2,air,panel,none,230V 3ph,none,std,13,7.5,10,33,33,49.5,59.4,55.968,50.985,42.999,36.993,30.987,180,150,169.60,154.50,130.30,112.10,93.90,4,16,900
14F6P52-1553,F6,14,2,air,push-through,none,230V 3ph,none,std,13,7.5,10,33,33,49.5,59.4,55.968,50.985,42.999,36.993,30.987,180,150,169.60,154.50,130.30,112.10,93.90,4,16,900
14F6P52-3931,F6,14,2,air,panel,none,400V 3ph,none,std,11.4,7.5,10,16.5,14,24.75,35.64,17.8695,16.5,8.25,6.1875,4.8015,216,150,108.30,100.00,50.00,37.50,29.10,4,16,600
14F6P52-3933,F6,14,2,air,push-through,none,400V 3ph,none,std,11.4,7.5,10,16.5,14,24.75,35.64,17.8695,16.5,8.25,6.1875,4.8015,216,150,108.30,100.00,50.00,37.50,29.10,4,16,600
14F6P52-393H,F6,14,2,air,push-through,none,400V 3ph,none,std,11.4,7.5,10,16.5,14,24.75,35.64,17.8695,16.5,8.25,6.1875,4.8015,216,150,108.30,100.00,50.00,37.50,29.10,4,16,600
14F6P52-3941,F6,14,2,air,panel,none,400V 3ph,none,std,11.4,7.5,10,16.5,14,24.75,35.64,17.8695,16.5,8.25,6.1875,4.8015,216,150,108.30,100.00,50.00,37.50,29.10,4,16,600
14F6P52-3943,F6,14,2,air,push-through,none,400V 3ph,none,std,11.4,7.5,10,16.5,14,24.75,35.64,17.8695,16.5,8.25,6.1875,4.8015,216,150,108.30,100.00,50.00,37.50,29.10,4,16,600
14F6P52-394H,F6,14,2,air,push-through,none,400V 3ph,none,std,11.4,7.5,10,16.5,14,24.75,35.64,17.8695,16.5,8.25,6.1875,4.8015,216,150,108.30,100.00,50.00,37.50,29.10,4,16,600
14F6P52-3951,F6,14,2,air,panel,none,400V 3ph,none,std,11.4,7.5,10,16.5,14,24.75,35.64,17.8695,16.5,8.25,6.1875,4.8015,216,150,108.30,100.00,50.00,37.50,29.10,4,16,600
14F6P52-3953,F6,14,2,air,push-through,none,400V 3ph,none,std,11.4,7.5,10,16.5,14,24.75,35.64,17.8695,16.5,8.25,6.1875,4.8015,216,150,108.30,100.00,50.00,37.50,29.10,4,16,600
14F6P52-395H,F6,14,2,air,push-through,none,400V 3ph,none,std,11.4,7.5,10,16.5,14,24.75,35.64,17.8695,16.5,8.25,6.1875,4.8015,216,150,108.30,100.00,50.00,37.50,29.10,4,16,600
14F6P52-3D31,F6,14,2,air,panel,none,400V 3ph,none,std,11.4,7.5,10,16.5,14,29.7,39.6,20.988,16.5,14.9985,11.9955,9.4875,240,180,127.20,100.00,90.90,72.70,57.50,8,16,900
15F6A12-3511,F6,15,2,air,panel,none,400V 3ph,none,std,17,11,15,24,21,36,43.2,25.992,24,12,9,6.984,180,150,108.30,100.00,50.00,37.50,29.10,4,16,750
15F6A12-3513,F6,15,2,air,push-through,none,400V 3ph,none,std,17,11,15,24,21,36,43.2,25.992,24,12,9,6.984,180,150,108.30,100.00,50.00,37.50,29.10,4,16,750
15F6A32-3511,F6,15,2,air,panel,none,400V 3ph,none,std,17,11,15,24,21,36,43.2,25.992,24,12,9,6.984,180,150,108.30,100.00,50.00,37.50,29.10,4,16,750
15F6A32-3513,F6,15,2,air,push-through,none,400V 3ph,none,std,17,11,15,24,21,36,43.2,25.992,24,12,9,6.984,180,150,108.30,100.00,50.00,37.50,29.10,4,16,750
15F6K12-3511,F6,15,2,air,panel,none,400V 3ph,none,std,17,11,15,24,21,36,43.2,25.992,24,12,9,6.984,180,150,108.30,100.00,50.00,37.50,29.10,4,16,750
15F6K12-3513,F6,15,2,air,push-through,none,400V 3ph,none,std,17,11,15,24,21,36,43.2,25.992,24,12,9,6.984,180,150,108.30,100.00,50.00,37.50,29.10,4,16,750
15F6K12-3521,F6,15,2,air,panel,none,400V 3ph,none,std,17,11,15,24,21,36,43.2,25.992,24,12,9,6.984,180,150,108.30,100.00,50.00,37.50,29.10,4,16,750
15F6K12-3523,F6,15,2,air,push-through,none,400V 3ph,none,std,17,11,15,24,21,36,43.2,25.992,24,12,9,6.984,180,150,108.30,100.00,50.00,37.50,29.10,4,16,750
15F6P52-3531,F6,15,2,air,panel,none,400V 3ph,none,std,17,11,15,24,21,36,43.2,25.992,24,12,9,6.984,180,150,108.30,100.00,50.00,37.50,29.10,4,16,750
15F6P52-3533,F6,15,2,air,push-through,none,400V 3ph,none,std,17,11,15,24,21,36,43.2,25.992,24,12,9,6.984,180,150,108.30,100.00,50.00,37.50,29.10,4,16,750
15F6P52-3541,F6,15,2,air,panel,none,400V 3ph,none,std,17,11,15,24,21,36,43.2,25.992,24,12,9,6.984,180,150,108.30,100.00,50.00,37.50,29.10,4,16,750
15F6P52-3543,F6,15,2,air,push-through,none,400V 3ph,none,std,17,11,15,24,21,36,43.2,25.992,24,12,9,6.984,180,150,108.30,100.00,50.00,37.50,29.10,4,16,750
15F6P52-3551,F6,15,2,air,panel,none,400V 3ph,none,std,17,11,15,24,21,36,43.2,25.992,24,12,9,6.984,180,150,108.30,100.00,50.00,37.50,29.10,4,16,750
15F6P52-3553,F6,15,2,air,push-through,none,400V 3ph,none,std,17,11,15,24,21,36,43.2,25.992,24,12,9,6.984,180,150,108.30,100.00,50.00,37.50,29.10,4,16,750
15F6P52-3D31,F6,15,2,air,panel,none,400V 3ph,none,std,17,11,15,24,21,43.2,57.6,30.528,24,21.816,17.448,13.8,240,180,127.20,100.00,90.90,72.70,57.50,8,16,900
16F6A12-3411,F6,16,2,air,panel,none,400V 3ph,none,std,23,15,20,33,27,49.5,59.4,41.976,33,29.997,23.991,18.975,180,150,127.20,100.00,90.90,72.70,57.50,2,16,900
16F6A12-3413,F6,16,2,air,push-through,none,400V 3ph,none,std,23,15,20,33,27,49.5,59.4,41.976,33,29.997,23.991,18.975,180,150,127.20,100.00,90.90,72.70,57.50,2,16,900
16F6A12-341H,F6,16,2,air,push-through,none,400V 3ph,none,std,23,15,20,33,27,49.5,59.4,41.976,33,29.997,23.991,18.975,180,150,127.20,100.00,90.90,72.70,57.50,2,16,900
16F6A12-3511,F6,16,2,air,panel,none,400V 3ph,none,std,23,15,20,33,27,49.5,59.4,41.976,33,29.997,23.991,18.975,180,150,127.20,100.00,90.90,72.70,57.50,4,16,900
16F6A12-3513,F6,16,2,air,push-through,none,400V 3ph,none,std,23,15,20,33,27,49.5,59.4,41.976,33,29.997,23.991,18.975,180,150,127.20,100.00,90.90,72.70,57.50,4,16,900
16F6A12-3D11,F6,16,2,air,panel,none,400V 3ph,none,std,23,15,20,33,27,49.5,76.56,41.976,33,23.991,17.985,16.5,232,150,127.20,100.00,72.70,54.50,50.00,4,8,900
16F6A12-3D13,F6,16,2,air,push-through,none,400V 3ph,none,std,23,15,20,33,27,49.5,76.56,41.976,33,23.991,17.985,16.5,232,150,127.20,100.00,72.70,54.50,50.00,4,8,900
16F6A32-3411,F6,16,2,air,panel,none,400V 3ph,none,std,23,15,20,33,27,49.5,59.4,41.976,33,29.997,23.991,18.975,180,150,127.20,100.00,90.90,72.70,57.50,2,16,900
16F6A32-3413,F6,16,2,air,push-through,none,400V 3ph,none,std,23,15,20,33,27,49.5,59.4,41.976,33,29.997,23.991,18.975,180,150,127.20,100.00,90.90,72.70,57.50,2,16,900
16F6A32-341H,F6,16,2,air,push-through,none,400V 3ph,none,std,23,15,20,33,27,49.5,59.4,41.976,33,29.997,23.991,18.975,180,150,127.20,100.00,90.90,72.70,57.50,2,16,900
16F6A32-3511,F6,16,2,air,panel,none,400V 3ph,none,std,23,15,20,33,27,49.5,59.4,41.976,33,29.997,23.991,18.975,180,150,127.20,100.00,90.90,72.70,57.50,4,16,900
16F6A32-3513,F6,16,2,air,push-through,none,400V 3ph,none,std,23,15,20,33,27,49.5,59.4,41.976,33,29.997,23.991,18.975,180,150,127.20,100.00,90.90,72.70,57.50,4,16,900
16F6A32-35B1,F6,16,2,air,panel,none,400V 3ph,none,std,23,15,20,33,27,49.5,59.4,41.976,33,29.997,23.991,18.975,180,150,127.20,100.00,90.90,72.70,57.50,4,16,900
16F6A32-3D11,F6,16,2,air,panel,none,400V 3ph,none,std,23,15,20,33,27,49.5,76.56,41.976,33,23.991,17.985,16.5,232,150,127.20,100.00,72.70,54.50,50.00,4,8,900
16F6A32-3D13,F6,16,2,air,push-through,none,400V 3ph,none,std,23,15,20,33,27,49.5,76.56,41.976,33,23.991,17.985,16.5,232,150,127.20,100.00,72.70,54.50,50.00,4,8,900
16F6A32-3EB1,F6,16,2,air,panel,none,400V 3ph,none,std,23,15,20,33,27,49.5,76.56,41.976,33,23.991,17.985,16.5,232,150,127.20,100.00,72.70,54.50,50.00,4,8,900
16F6K12-3411,F6,16,2,air,panel,none,400V 3ph,none,std,23,15,20,33,27,49.5,59.4,41.976,33,29.997,23.991,18.975,180,150,127.20,100.00,90.90,72.70,57.50,2,16,900
16F6K12-3413,F6,16,2,air,push-through,none,400V 3ph,none,std,23,15,20,33,27,49.5,59.4,41.976,33,29.997,23.991,18.975,180,150,127.20,100.00,90.90,72.70,57.50,2,16,900
16F6K12-341H,F6,16,2,air,push-through,none,400V 3ph,none,std,23,15,20,33,27,49.5,59.4,41.976,33,29.997,23.991,18.975,180,150,127.20,100.00,90.90,72.70,57.50,2,16,900
16F6K12-3421,F6,16,2,air,panel,none,400V 3ph,none,std,23,15,20,33,27,49.5,59.4,41.976,33,29.997,23.991,18.975,180,150,127.20,100.00,90.90,72.70,57.50,2,16,900
16F6K12-3423,F6,16,2,air,push-through,none,400V 3ph,none,std,23,15,20,33,27,49.5,59.4,41.976,33,29.997,23.991,18.975,180,150,127.20,100.00,90.90,72.70,57.50,2,16,900
16F6K12-342H,F6,16,2,air,push-through,none,400V 3ph,none,std,23,15,20,33,27,49.5,59.4,41.976,33,29.997,23.991,18.975,180,150,127.20,100.00,90.90,72.70,57.50,2,16,900
16F6K12-3511,F6,16,2,air,panel,none,400V 3ph,none,std,23,15,20,33,27,49.5,59.4,41.976,33,29.997,23.991,18.975,180,150,127.20,100.00,90.90,72.70,57.50,4,16,900
16F6K12-3513,F6,16,2,air,push-through,none,400V 3ph,none,std,23,15,20,33,27,49.5,59.4,41.976,33,29.997,23.991,18.975,180,150,127.20,100.00,90.90,72.70,57.50,4,16,900
16F6K12-3521,F6,16,2,air,panel,none,400V 3ph,none,std,23,15,20,33,27,49.5,59.4,41.976,33,29.997,23.991,18.975,180,150,127.20,100.00,90.90,72.70,57.50,4,16,900
16F6K12-3523,F6,16,2,air,push-through,none,400V 3ph,none,std,23,15,20,33,27,49.5,59.4,41.976,33,29.997,23.991,18.975,180,150,127.20,100.00,90.90,72.70,57.50,4,16,900
16F6K12-3D11,F6,16,2,air,panel,none,400V 3ph,none,std,23,15,20,33,27,49.5,76.56,41.976,33,23.991,17.985,16.5,232,150,127.20,100.00,72.70,54.50,50.00,4,8,900
16F6K12-3D13,F6,16,2,air,push-through,none,400V 3ph,none,std,23,15,20,33,27,49.5,76.56,41.976,33,23.991,17.985,16.5,232,150,127.20,100.00,72.70,54.50,50.00,4,8,900
16F6K12-3D21,F6,16,2,air,panel,none,400V 3ph,none,std,23,15,20,33,27,49.5,76.56,41.976,33,23.991,17.985,16.5,232,150,127.20,100.00,72.70,54.50,50.00,4,8,900
16F6K12-3D23,F6,16,2,air,push-through,none,400V 3ph,none,std,23,15,20,33,27,49.5,76.56,41.976,33,23.991,17.985,16.5,232,150,127.20,100.00,72.70,54.50,50.00,4,8,900
16F6P52-340H,F6,16,2,air,push-through,none,400V 3ph,none,std,23,15,20,33,27,49.5,59.4,41.976,33,29.997,23.991,18.975,180,150,127.20,100.00,90.90,72.70,57.50,2,16,900
16F6P52-343H,F6,16,2,air,push-through,none,400V 3ph,none,std,23,15,20,33,27,49.5,59.4,41.976,33,29.997,23.991,18.975,180,150,127.20,100.00,90.90,72.70,57.50,2,16,900
16F6P52-344H,F6,16,2,air,push-through,none,400V 3ph,none,std,23,15,20,33,27,49.5,59.4,41.976,33,29.997,23.991,18.975,180,150,127.20,100.00,90.90,72.70,57.50,2,16,900
16F6P52-345H,F6,16,2,air,push-through,none,400V 3ph,none,std,23,15,20,33,27,49.5,59.4,41.976,33,29.997,23.991,18.975,180,150,127.20,100.00,90.90,72.70,57.50,2,16,900
16F6P52-3511,F6,16,2,air,panel,none,400V 3ph,none,std,23,15,20,33,27,49.5,59.4,41.976,33,29.997,23.991,18.975,180,150,127.20,100.00,90.90,72.70,57.50,4,16,900
16F6P52-3531,F6,16,2,air,panel,none,400V 3ph,none,std,23,15,20,33,27,49.5,59.4,41.976,33,29.997,23.991,18.975,180,150,127.20,100.00,90.90,72.70,57.50,4,16,900
16F6P52-3533,F6,16,2,air,push-through,none,400V 3ph,none,std,23,15,20,33,27,49.5,59.4,41.976,33,29.997,23.991,18.975,180,150,127.20,100.00,90.90,72.70,57.50,4,16,900
16F6P52-3541,F6,16,2,air,panel,none,400V 3ph,none,std,23,15,20,33,27,49.5,59.4,41.976,33,29.997,23.991,18.975,180,150,127.20,100.00,90.90,72.70,57.50,4,16,900
16F6P52-3543,F6,16,2,air,push-through,none,400V 3ph,none,std,23,15,20,33,27,49.5,59.4,41.976,33,29.997,23.991,18.975,180,150,127.20,100.00,90.90,72.70,57.50,4,16,900
16F6P52-3551,F6,16,2,air,panel,none,400V 3ph,none,std,23,15,20,33,27,49.5,59.4,41.976,33,29.997,23.991,18.975,180,150,127.20,100.00,90.90,72.70,57.50,4,16,900
16F6P52-3553,F6,16,2,air,push-through,none,400V 3ph,none,std,23,15,20,33,27,49.5,59.4,41.976,33,29.997,23.991,18.975,180,150,127.20,100.00,90.90,72.70,57.50,4,16,900
16F6P52-3D31,F6,16,2,air,panel,none,400V 3ph,none,std,23,15,20,33,27,49.5,76.56,41.976,33,23.991,17.985,16.5,232,150,127.20,100.00,72.70,54.50,50.00,4,8,900
16F6P52-3D33,F6,16,2,air,push-through,none,400V 3ph,none,std,23,15,20,33,27,49.5,76.56,41.976,33,23.991,17.985,16.5,232,150,127.20,100.00,72.70,54.50,50.00,4,8,900
16F6P52-3D41,F6,16,2,air,panel,none,400V 3ph,none,std,23,15,20,33,27,49.5,76.56,41.976,33,23.991,17.985,16.5,232,150,127.20,100.00,72.70,54.50,50.00,4,8,900
16F6P52-3D43,F6,16,2,air,push-through,none,400V 3ph,none,std,23,15,20,33,27,49.5,76.56,41.976,33,23.991,17.985,16.5,232,150,127.20,100.00,72.70,54.50,50.00,4,8,900
16F6P52-3D51,F6,16,2,air,panel,none,400V 3ph,none,std,23,15,20,33,27,49.5,76.56,41.976,33,23.991,17.985,16.5,232,150,127.20,100.00,72.70,54.50,50.00,4,8,900
16F6P52-3D53,F6,16,2,air,push-through,none,400V 3ph,none,std,23,15,20,33,27,49.5,76.56,41.976,33,23.991,17.985,16.5,232,150,127.20,100.00,72.70,54.50,50.00,4,8,900
CLF6102-2000,F6,10,2,air,panel,none,230V 3ph,none,std,4.4,2.2,3,11,11,16.5,23.76,23.991,22,18.997,15.994,13.992,216,150,218.10,200.00,172.70,145.40,127.20,8,16,600
CLF6122-2000,F6,12,2,air,panel,none,230V 3ph,none,std,7,4,5,17.5,17.5,26.25,37.8,40.985,35.9975,29.995,24.99,21.9975,216,150,234.20,205.70,171.40,142.80,125.70,8,16,600
CLF6122-4000,F6,12,2,air,panel,none,400V 3ph,none,std,6.6,4,5,9.5,7.6,14.25,20.52,19.9975,15.998,10.9915,7.999,5.9945,216,150,210.50,168.40,115.70,84.20,63.10,8,16,450
CLF6132-2000,F6,13,2,air,panel,none,230V 3ph,none,std,9.6,5.5,7.5,24,24,36,43.2,56.208,49.368,41.136,34.272,30.168,180,150,234.20,205.70,171.40,142.80,125.70,4,16,750
CLF6132-4000,F6,13,2,air,panel,none,400V 3ph,none,std,8.3,5.5,7.5,12,11,18,25.92,12.996,12,6,4.5,3.492,216,150,108.30,100.00,50.00,37.50,29.10,8,16,600
CLF6142-2000,F6,14,2,air,panel,none,230V 3ph,none,std,13,7.5,10,33,33,49.5,59.4,55.968,50.985,42.999,36.993,30.987,180,150,169.60,154.50,130.30,112.10,93.90,4,16,900
CLF6142-4000,F6,14,2,air,panel,none,400V 3ph,none,std,11.4,7.5,10,16.5,14,29.7,39.6,20.988,16.5,14.9985,11.9955,9.4875,240,180,127.20,100.00,90.90,72.70,57.50,8,16,900
CLF6152-4000,F6,15,2,air,panel,none,400V 3ph,none,std,17,11,15,24,21,43.2,57.6,30.528,24,21.816,17.448,13.8,240,180,127.20,100.00,90.90,72.70,57.50,8,16,900
CLF6162-4000,F6,16,2,air,panel,none,400V 3ph,none,std,23,15,20,33,27,49.5,76.56,41.976,33,23.991,17.985,16.5,232,150,127.20,100.00,72.70,54.50,50.00,4,8,900
CMF6152-0017,F6,15,2,air,panel,none,400V 3ph,none,std,17,11,15,24,21,36,43.2,25.992,24,12,9,6.984,180,150,108.30,100.00,50.00,37.50,29.10,4,16,750
15F6A13-1511,F6,15,3,air,panel,none,230V 3ph,none,std,19,11,15,48,48,72,86.4,75.984,58.992,37.968,24.96,16.992,180,150,158.30,122.90,79.10,52.00,35.40,4,16,1000
15F6A13-1513,F6,15,3,air,push-through,none,230V 3ph,none,std,19,11,15,48,48,72,86.4,75.984,58.992,37.968,24.96,16.992,180,150,158.30,122.90,79.10,52.00,35.40,4,16,1000
15F6A33-1511,F6,15,3,air,panel,none,230V 3ph,none,std,19,11,15,48,48,72,86.4,75.984,58.992,37.968,24.96,16.992,180,150,158.30,122.90,79.10,52.00,35.40,4,16,1000
15F6A33-1513,F6,15,3,air,push-through,none,230V 3ph,none,std,19,11,15,48,48,72,86.4,75.984,58.992,37.968,24.96,16.992,180,150,158.30,122.90,79.10,52.00,35.40,4,16,1000
15F6K13-1511,F6,15,3,air,panel,none,230V 3ph,none,std,19,11,15,48,48,72,86.4,75.984,58.992,37.968,24.96,16.992,180,150,158.30,122.90,79.10,52.00,35.40,4,16,1000
15F6K13-1513,F6,15,3,air,push-through,none,230V 3ph,none,std,19,11,15,48,48,72,86.4,75.984,58.992,37.968,24.96,16.992,180,150,158.30,122.90,79.10,52.00,35.40,4,16,1000
15F6P53-1531,F6,15,3,air,panel,none,230V 3ph,none,std,19,11,15,48,48,72,86.4,75.984,58.992,37.968,24.96,16.992,180,150,158.30,122.90,79.10,52.00,35.40,4,16,1000
15F6P53-1533,F6,15,3,air,push-through,none,230V 3ph,none,std,19,11,15,48,48,72,86.4,75.984,58.992,37.968,24.96,16.992,180,150,158.30,122.90,79.10,52.00,35.40,4,16,1000
15F6P53-1535,F6,15,3,air,push-through (IP20),none,230V 3ph,none,std,19,11,15,48,48,72,86.4,75.984,58.992,37.968,24.96,16.992,180,150,158.30,122.90,79.10,52.00,35.40,4,16,1000
15F6P53-1541,F6,15,3,air,panel,none,230V 3ph,none,std,19,11,15,48,48,72,86.4,75.984,58.992,37.968,24.96,16.992,180,150,158.30,122.90,79.10,52.00,35.40,4,16,1000
15F6P53-1543,F6,15,3,air,push-through,none,230V 3ph,none,std,19,11,15,48,48,72,86.4,75.984,58.992,37.968,24.96,16.992,180,150,158.30,122.90,79.10,52.00,35.40,4,16,1000
15F6P53-1545,F6,15,3,air,push-through (IP20),none,230V 3ph,none,std,19,11,15,48,48,72,86.4,75.984,58.992,37.968,24.96,16.992,180,150,158.30,122.90,79.10,52.00,35.40,4,16,1000
15F6P53-1551,F6,15,3,air,panel,none,230V 3ph,none,std,19,11,15,48,48,72,86.4,75.984,58.992,37.968,24.96,16.992,180,150,158.30,122.90,79.10,52.00,35.40,4,16,1000
15F6P53-1553,F6,15,3,air,push-through,none,230V 3ph,none,std,19,11,15,48,48,72,86.4,75.984,58.992,37.968,24.96,16.992,180,150,158.30,122.90,79.10,52.00,35.40,4,16,1000
15F6P53-1555,F6,15,3,air,push-through (IP20),none,230V 3ph,none,std,19,11,15,48,48,72,86.4,75.984,58.992,37.968,24.96,16.992,180,150,158.30,122.90,79.10,52.00,35.40,4,16,1000
15F6P53-1D31,F6,15,3,air,panel,none,230V 3ph,none,std,19,11,15,48,48,96,129.6,63.36,50.544,34.56,24.288,17.904,270,200,132.00,105.30,72.00,50.60,37.30,8,16,1000
16F6A13-1511,F6,16,3,air,panel,none,230V 3ph,none,std,25,15,20,62,60,93,111.6,81.84,65.286,44.64,31.372,23.126,180,150,132.00,105.30,72.00,50.60,37.30,4,16,1000
16F6A13-1513,F6,16,3,air,push-through,none,230V 3ph,none,std,25,15,20,62,60,93,111.6,81.84,65.286,44.64,31.372,23.126,180,150,132.00,105.30,72.00,50.60,37.30,4,16,1000
16F6A33-1511,F6,16,3,air,panel,none,230V 3ph,none,std,25,15,20,62,60,93,111.6,81.84,65.286,44.64,31.372,23.126,180,150,132.00,105.30,72.00,50.60,37.30,4,16,1000
16F6A33-1513,F6,16,3,air,push-through,none,230V 3ph,none,std,25,15,20,62,60,93,111.6,81.84,65.286,44.64,31.372,23.126,180,150,132.00,105.30,72.00,50.60,37.30,4,16,1000
16F6K13-1511,F6,16,3,air,panel,none,230V 3ph,none,std,25,15,20,62,60,93,111.6,81.84,65.286,44.64,31.372,23.126,180,150,132.00,105.30,72.00,50.60,37.30,4,16,1000
16F6K13-1513,F6,16,3,air,push-through,none,230V 3ph,none,std,25,15,20,62,60,93,111.6,81.84,65.286,44.64,31.372,23.126,180,150,132.00,105.30,72.00,50.60,37.30,4,16,1000
16F6P53-1531,F6,16,3,air,panel,none,230V 3ph,none,std,25,15,20,62,60,93,111.6,81.84,65.286,44.64,31.372,23.126,180,150,132.00,105.30,72.00,50.60,37.30,4,16,1000
16F6P53-1533,F6,16,3,air,push-through,none,230V 3ph,none,std,25,15,20,62,60,93,111.6,81.84,65.286,44.64,31.372,23.126,180,150,132.00,105.30,72.00,50.60,37.30,4,16,1000
16F6P53-1535,F6,16,3,air,push-through (IP20),none,230V 3ph,none,std,25,15,20,62,60,93,111.6,81.84,65.286,44.64,31.372,23.126,180,150,132.00,105.30,72.00,50.60,37.30,4,16,1000
16F6P53-1541,F6,16,3,air,panel,none,230V 3ph,none,std,25,15,20,62,60,93,111.6,81.84,65.286,44.64,31.372,23.126,180,150,132.00,105.30,72.00,50.60,37.30,4,16,1000
16F6P53-1543,F6,16,3,air,push-through,none,230V 3ph,none,std,25,15,20,62,60,93,111.6,81.84,65.286,44.64,31.372,23.126,180,150,132.00,105.30,72.00,50.60,37.30,4,16,1000
16F6P53-1545,F6,16,3,air,push-through (IP20),none,230V 3ph,none,std,25,15,20,62,60,93,111.6,81.84,65.286,44.64,31.372,23.126,180,150,132.00,105.30,72.00,50.60,37.30,4,16,1000
16F6P53-1551,F6,16,3,air,panel,none,230V 3ph,none,std,25,15,20,62,60,93,111.6,81.84,65.286,44.64,31.372,23.126,180,150,132.00,105.30,72.00,50.60,37.30,4,16,1000
16F6P53-1553,F6,16,3,air,push-through,none,230V 3ph,none,std,25,15,20,62,60,93,111.6,81.84,65.286,44.64,31.372,23.126,180,150,132.00,105.30,72.00,50.60,37.30,4,16,1000
16F6P53-1555,F6,16,3,air,push-through (IP20),none,230V 3ph,none,std,25,15,20,62,60,93,111.6,81.84,65.286,44.64,31.372,23.126,180,150,132.00,105.30,72.00,50.60,37.30,4,16,1000
17F6A13-1511,F6,17,3,air,panel,none,230V 3ph,none,std,30,18.5,25,75,75,112.5,135,99,78.975,54,37.95,27.975,180,150,132.00,105.30,72.00,50.60,37.30,4,16,1000
17F6A13-1513,F6,17,3,air,push-through,none,230V 3ph,none,std,30,18.5,25,75,75,112.5,135,99,78.975,54,37.95,27.975,180,150,132.00,105.30,72.00,50.60,37.30,4,16,1000
17F6A13-3411,F6,17,3,air,panel,none,400V 3ph,none,std,29,18.5,25,42,34,63,75.6,42,27.3,10.5,6.3,4.2,180,150,100.00,65.00,25.00,15.00,10.00,2,16,1000
17F6A13-3412,F6,17,3,water,panel,none,400V 3ph,none,std,29,18.5,25,42,34,63,75.6,42,27.3,10.5,6.3,4.2,180,150,100.00,65.00,25.00,15.00,10.00,2,16,1000
17F6A13-3413,F6,17,3,air,push-through,none,400V 3ph,none,std,29,18.5,25,42,34,63,75.6,42,27.3,10.5,6.3,4.2,180,150,100.00,65.00,25.00,15.00,10.00,2,16,1000
17F6A13-3414,F6,17,3,water,push-through,none,400V 3ph,none,std,29,18.5,25,42,34,63,75.6,42,27.3,10.5,6.3,4.2,180,150,100.00,65.00,25.00,15.00,10.00,2,16,1000
17F6A33-1511,F6,17,3,air,panel,none,230V 3ph,none,std,30,18.5,25,75,75,112.5,135,99,78.975,54,37.95,27.975,180,150,132.00,105.30,72.00,50.60,37.30,4,16,1000
17F6A33-1513,F6,17,3,air,push-through,none,230V 3ph,none,std,30,18.5,25,75,75,112.5,135,99,78.975,54,37.95,27.975,180,150,132.00,105.30,72.00,50.60,37.30,4,16,1000
17F6A33-3411,F6,17,3,air,panel,none,400V 3ph,none,std,29,18.5,25,42,34,63,75.6,42,27.3,10.5,6.3,4.2,180,150,100.00,65.00,25.00,15.00,10.00,2,16,1000
17F6A33-3412,F6,17,3,water,panel,none,400V 3ph,none,std,29,18.5,25,42,34,63,75.6,42,27.3,10.5,6.3,4.2,180,150,100.00,65.00,25.00,15.00,10.00,2,16,1000
17F6A33-3413,F6,17,3,air,push-through,none,400V 3ph,none,std,29,18.5,25,42,34,63,75.6,42,27.3,10.5,6.3,4.2,180,150,100.00,65.00,25.00,15.00,10.00,2,16,1000
17F6A33-3414,F6,17,3,water,push-through,none,400V 3ph,none,std,29,18.5,25,42,34,63,75.6,42,27.3,10.5,6.3,4.2,180,150,100.00,65.00,25.00,15.00,10.00,2,16,1000
17F6K13-1511,F6,17,3,air,panel,none,230V 3ph,none,std,30,18.5,25,75,75,112.5,135,99,78.975,54,37.95,27.975,180,150,132.00,105.30,72.00,50.60,37.30,4,16,1000
17F6K13-1513,F6,17,3,air,push-through,none,230V 3ph,none,std,30,18.5,25,75,75,112.5,135,99,78.975,54,37.95,27.975,180,150,132.00,105.30,72.00,50.60,37.30,4,16,1000
17F6K13-3411,F6,17,3,air,panel,none,400V 3ph,none,std,29,18.5,25,42,34,63,75.6,42,27.3,10.5,6.3,4.2,180,150,100.00,65.00,25.00,15.00,10.00,2,16,1000
17F6K13-3412,F6,17,3,water,panel,none,400V 3ph,none,std,29,18.5,25,42,34,63,75.6,42,27.3,10.5,6.3,4.2,180,150,100.00,65.00,25.00,15.00,10.00,2,16,1000
17F6K13-3413,F6,17,3,air,push-through,none,400V 3ph,none,std,29,18.5,25,42,34,63,75.6,42,27.3,10.5,6.3,4.2,180,150,100.00,65.00,25.00,15.00,10.00,2,16,1000
17F6K13-3414,F6,17,3,water,push-through,none,400V 3ph,none,std,29,18.5,25,42,34,63,75.6,42,27.3,10.5,6.3,4.2,180,150,100.00,65.00,25.00,15.00,10.00,2,16,1000
17F6K13-3421,F6,17,3,air,panel,none,400V 3ph,none,std,29,18.5,25,42,34,63,75.6,42,27.3,10.5,6.3,4.2,180,150,100.00,65.00,25.00,15.00,10.00,2,16,1000
17F6K13-3422,F6,17,3,water,panel,none,400V 3ph,none,std,29,18.5,25,42,34,63,75.6,42,27.3,10.5,6.3,4.2,180,150,100.00,65.00,25.00,15.00,10.00,2,16,1000
17F6K13-3423,F6,17,3,air,push-through,none,400V 3ph,none,std,29,18.5,25,42,34,63,75.6,42,27.3,10.5,6.3,4.2,180,150,100.00,65.00,25.00,15.00,10.00,2,16,1000
17F6K13-3424,F6,17,3,water,push-through,none,400V 3ph,none,std,29,18.5,25,42,34,63,75.6,42,27.3,10.5,6.3,4.2,180,150,100.00,65.00,25.00,15.00,10.00,2,16,1000
17F6P53-1531,F6,17,3,air,panel,none,230V 3ph,none,std,30,18.5,25,75,75,112.5,135,99,78.975,54,37.95,27.975,180,150,132.00,105.30,72.00,50.60,37.30,4,16,1000
17F6P53-1533,F6,17,3,air,push-through,none,230V 3ph,none,std,30,18.5,25,75,75,112.5,135,99,78.975,54,37.95,27.975,180,150,132.00,105.30,72.00,50.60,37.30,4,16,1000
17F6P53-1535,F6,17,3,air,push-through (IP20),none,230V 3ph,none,std,30,18.5,25,75,75,112.5,135,99,78.975,54,37.95,27.975,180,150,132.00,105.30,72.00,50.60,37.30,4,16,1000
17F6P53-1541,F6,17,3,air,panel,none,230V 3ph,none,std,30,18.5,25,75,75,112.5,135,99,78.975,54,37.95,27.975,180,150,132.00,105.30,72.00,50.60,37.30,4,16,1000
17F6P53-1543,F6,17,3,air,push-through,none,230V 3ph,none,std,30,18.5,25,75,75,112.5,135,99,78.975,54,37.95,27.975,180,150,132.00,105.30,72.00,50.60,37.30,4,16,1000
17F6P53-1545,F6,17,3,air,push-through (IP20),none,230V 3ph,none,std,30,18.5,25,75,75,112.5,135,99,78.975,54,37.95,27.975,180,150,132.00,105.30,72.00,50.60,37.30,4,16,1000
17F6P53-1551,F6,17,3,air,panel,none,230V 3ph,none,std,30,18.5,25,75,75,112.5,135,99,78.975,54,37.95,27.975,180,150,132.00,105.30,72.00,50.60,37.30,4,16,1000
17F6P53-1553,F6,17,3,air,push-through,none,230V 3ph,none,std,30,18.5,25,75,75,112.5,135,99,78.975,54,37.95,27.975,180,150,132.00,105.30,72.00,50.60,37.30,4,16,1000
17F6P53-1555,F6,17,3,air,push-through (IP20),none,230V 3ph,none,std,30,18.5,25,75,75,112.5,135,99,78.975,54,37.95,27.975,180,150,132.00,105.30,72.00,50.60,37.30,4,16,1000
17F6P53-3431,F6,17,3,air,panel,none,400V 3ph,none,std,29,18.5,25,42,34,63,75.6,42,27.3,10.5,6.3,4.2,180,150,100.00,65.00,25.00,15.00,10.00,2,16,1000
17F6P53-3432,F6,17,3,water,panel,none,400V 3ph,none,std,29,18.5,25,42,34,63,75.6,42,27.3,10.5,6.3,4.2,180,150,100.00,65.00,25.00,15.00,10.00,2,16,1000
17F6P53-3433,F6,17,3,air,push-through,none,400V 3ph,none,std,29,18.5,25,42,34,63,75.6,42,27.3,10.5,6.3,4.2,180,150,100.00,65.00,25.00,15.00,10.00,2,16,1000
17F6P53-3434,F6,17,3,water,push-through,none,400V 3ph,none,std,29,18.5,25,42,34,63,75.6,42,27.3,10.5,6.3,4.2,180,150,100.00,65.00,25.00,15.00,10.00,2,16,1000
17F6P53-3435,F6,17,3,air,push-through (IP20),none,400V 3ph,none,std,29,18.5,25,42,34,63,75.6,42,27.3,10.5,6.3,4.2,180,150,100.00,65.00,25.00,15.00,10.00,2,16,1000
17F6P53-3441,F6,17,3,air,panel,none,400V 3ph,none,std,29,18.5,25,42,34,63,75.6,42,27.3,10.5,6.3,4.2,180,150,100.00,65.00,25.00,15.00,10.00,2,16,1000
17F6P53-3442,F6,17,3,water,panel,none,400V 3ph,none,std,29,18.5,25,42,34,63,75.6,42,27.3,10.5,6.3,4.2,180,150,100.00,65.00,25.00,15.00,10.00,2,16,1000
17F6P53-3443,F6,17,3,air,push-through,none,400V 3ph,none,std,29,18.5,25,42,34,63,75.6,42,27.3,10.5,6.3,4.2,180,150,100.00,65.00,25.00,15.00,10.00,2,16,1000
17F6P53-3444,F6,17,3,water,push-through,none,400V 3ph,none,std,29,18.5,25,42,34,63,75.6,42,27.3,10.5,6.3,4.2,180,150,100.00,65.00,25.00,15.00,10.00,2,16,1000
17F6P53-3445,F6,17,3,air,push-through (IP20),none,400V 3ph,none,std,29,18.5,25,42,34,63,75.6,42,27.3,10.5,6.3,4.2,180,150,100.00,65.00,25.00,15.00,10.00,2,16,1000
17F6P53-3451,F6,17,3,air,panel,none,400V 3ph,none,std,29,18.5,25,42,34,63,75.6,42,27.3,10.5,6.3,4.2,180,150,100.00,65.00,25.00,15.00,10.00,2,16,1000
17F6P53-3452,F6,17,3,water,panel,none,400V 3ph,none,std,29,18.5,25,42,34,63,75.6,42,27.3,10.5,6.3,4.2,180,150,100.00,65.00,25.00,15.00,10.00,2,16,1000
17F6P53-3453,F6,17,3,air,push-through,none,400V 3ph,none,std,29,18.5,25,42,34,63,75.6,42,27.3,10.5,6.3,4.2,180,150,100.00,65.00,25.00,15.00,10.00,2,16,1000
17F6P53-3454,F6,17,3,water,push-through,none,400V 3ph,none,std,29,18.5,25,42,34,63,75.6,42,27.3,10.5,6.3,4.2,180,150,100.00,65.00,25.00,15.00,10.00,2,16,1000
17F6P53-3455,F6,17,3,air,push-through (IP20),none,400V 3ph,none,std,29,18.5,25,42,34,63,75.6,42,27.3,10.5,6.3,4.2,180,150,100.00,65.00,25.00,15.00,10.00,2,16,1000
17F6P53-3D31,F6,17,3,air,panel,none,400V 3ph,none,std,29,18.5,25,42,31.5,63,90.72,44.772,33.6,16.8,9.492,5.586,216,150,106.60,80.00,40.00,22.60,13.30,4,16,1000
18F6A13-3411,F6,18,3,air,panel,none,400V 3ph,none,std,35,22,30,50,40,75,90,50,32.5,12.5,7.5,5,180,150,100.00,65.00,25.00,15.00,10.00,2,16,1000
18F6A13-3412,F6,18,3,water,panel,none,400V 3ph,none,std,35,22,30,50,40,75,90,50,32.5,12.5,7.5,5,180,150,100.00,65.00,25.00,15.00,10.00,2,16,1000
18F6A13-3413,F6,18,3,air,push-through,none,400V 3ph,none,std,35,22,30,50,40,75,90,50,32.5,12.5,7.5,5,180,150,100.00,65.00,25.00,15.00,10.00,2,16,1000
18F6A13-3414,F6,18,3,water,push-through,none,400V 3ph,none,std,35,22,30,50,40,75,90,50,32.5,12.5,7.5,5,180,150,100.00,65.00,25.00,15.00,10.00,2,16,1000
18F6A33-3411,F6,18,3,air,panel,none,400V 3ph,none,std,35,22,30,50,40,75,90,50,32.5,12.5,7.5,5,180,150,100.00,65.00,25.00,15.00,10.00,2,16,1000
18F6A33-3412,F6,18,3,water,panel,none,400V 3ph,none,std,35,22,30,50,40,75,90,50,32.5,12.5,7.5,5,180,150,100.00,65.00,25.00,15.00,10.00,2,16,1000
18F6A33-3413,F6,18,3,air,push-through,none,400V 3ph,none,std,35,22,30,50,40,75,90,50,32.5,12.5,7.5,5,180,150,100.00,65.00,25.00,15.00,10.00,2,16,1000
18F6A33-3414,F6,18,3,water,push-through,none,400V 3ph,none,std,35,22,30,50,40,75,90,50,32.5,12.5,7.5,5,180,150,100.00,65.00,25.00,15.00,10.00,2,16,1000
18F6A33-34B1,F6,18,3,air,panel,none,400V 3ph,none,std,35,22,30,50,40,75,90,50,32.5,12.5,7.5,5,180,150,100.00,65.00,25.00,15.00,10.00,2,16,1000
18F6K13-3411,F6,18,3,air,panel,none,400V 3ph,none,std,35,22,30,50,40,75,90,50,32.5,12.5,7.5,5,180,150,100.00,65.00,25.00,15.00,10.00,2,16,1000
18F6K13-3412,F6,18,3,water,panel,none,400V 3ph,none,std,35,22,30,50,40,75,90,50,32.5,12.5,7.5,5,180,150,100.00,65.00,25.00,15.00,10.00,2,16,1000
18F6K13-3413,F6,18,3,air,push-through,none,400V 3ph,none,std,35,22,30,50,40,75,90,50,32.5,12.5,7.5,5,180,150,100.00,65.00,25.00,15.00,10.00,2,16,1000
18F6K13-3414,F6,18,3,water,push-through,none,400V 3ph,none,std,35,22,30,50,40,75,90,50,32.5,12.5,7.5,5,180,150,100.00,65.00,25.00,15.00,10.00,2,16,1000
18F6K13-3421,F6,18,3,air,panel,none,400V 3ph,none,std,35,22,30,50,40,75,90,50,32.5,12.5,7.5,5,180,150,100.00,65.00,25.00,15.00,10.00,2,16,1000
18F6K13-3422,F6,18,3,water,panel,none,400V 3ph,none,std,35,22,30,50,40,75,90,50,32.5,12.5,7.5,5,180,150,100.00,65.00,25.00,15.00,10.00,2,16,1000
18F6K13-3423,F6,18,3,air,push-through,none,400V 3ph,none,std,35,22,30,50,40,75,90,50,32.5,12.5,7.5,5,180,150,100.00,65.00,25.00,15.00,10.00,2,16,1000
18F6K13-3424,F6,18,3,water,push-through,none,400V 3ph,none,std,35,22,30,50,40,75,90,50,32.5,12.5,7.5,5,180,150,100.00,65.00,25.00,15.00,10.00,2,16,1000
18F6P53-3411,F6,18,3,air,panel,none,400V 3ph,none,std,35,22,30,50,40,75,90,50,32.5,12.5,7.5,5,180,150,100.00,65.00,25.00,15.00,10.00,2,16,1000
18F6P53-3431,F6,18,3,air,panel,none,400V 3ph,none,std,35,22,30,50,40,75,90,50,32.5,12.5,7.5,5,180,150,100.00,65.00,25.00,15.00,10.00,2,16,1000
18F6P53-3432,F6,18,3,water,panel,none,400V 3ph,none,std,35,22,30,50,40,75,90,50,32.5,12.5,7.5,5,180,150,100.00,65.00,25.00,15.00,10.00,2,16,1000
18F6P53-3433,F6,18,3,air,push-through,none,400V 3ph,none,std,35,22,30,50,40,75,90,50,32.5,12.5,7.5,5,180,150,100.00,65.00,25.00,15.00,10.00,2,16,1000
18F6P53-3434,F6,18,3,water,push-through,none,400V 3ph,none,std,35,22,30,50,40,75,90,50,32.5,12.5,7.5,5,180,150,100.00,65.00,25.00,15.00,10.00,2,16,1000
18F6P53-3435,F6,18,3,air,push-through (IP20),none,400V 3ph,none,std,35,22,30,50,40,75,90,50,32.5,12.5,7.5,5,180,150,100.00,65.00,25.00,15.00,10.00,2,16,1000
18F6P53-3441,F6,18,3,air,panel,none,400V 3ph,none,std,35,22,30,50,40,75,90,50,32.5,12.5,7.5,5,180,150,100.00,65.00,25.00,15.00,10.00,2,16,1000
18F6P53-3442,F6,18,3,water,panel,none,400V 3ph,none,std,35,22,30,50,40,75,90,50,32.5,12.5,7.5,5,180,150,100.00,65.00,25.00,15.00,10.00,2,16,1000
18F6P53-3443,F6,18,3,air,push-through,none,400V 3ph,none,std,35,22,30,50,40,75,90,50,32.5,12.5,7.5,5,180,150,100.00,65.00,25.00,15.00,10.00,2,16,1000
18F6P53-3444,F6,18,3,water,push-through,none,400V 3ph,none,std,35,22,30,50,40,75,90,50,32.5,12.5,7.5,5,180,150,100.00,65.00,25.00,15.00,10.00,2,16,1000
18F6P53-3445,F6,18,3,air,push-through (IP20),none,400V 3ph,none,std,35,22,30,50,40,75,90,50,32.5,12.5,7.5,5,180,150,100.00,65.00,25.00,15.00,10.00,2,16,1000
18F6P53-3451,F6,18,3,air,panel,none,400V 3ph,none,std,35,22,30,50,40,75,90,50,32.5,12.5,7.5,5,180,150,100.00,65.00,25.00,15.00,10.00,2,16,1000
18F6P53-3452,F6,18,3,water,panel,none,400V 3ph,none,std,35,22,30,50,40,75,90,50,32.5,12.5,7.5,5,180,150,100.00,65.00,25.00,15.00,10.00,2,16,1000
18F6P53-3453,F6,18,3,air,push-through,none,400V 3ph,none,std,35,22,30,50,40,75,90,50,32.5,12.5,7.5,5,180,150,100.00,65.00,25.00,15.00,10.00,2,16,1000
18F6P53-3454,F6,18,3,water,push-through,none,400V 3ph,none,std,35,22,30,50,40,75,90,50,32.5,12.5,7.5,5,180,150,100.00,65.00,25.00,15.00,10.00,2,16,1000
18F6P53-3455,F6,18,3,air,push-through (IP20),none,400V 3ph,none,std,35,22,30,50,40,75,90,50,32.5,12.5,7.5,5,180,150,100.00,65.00,25.00,15.00,10.00,2,16,1000
19F6A13-3411,F6,19,3,air,panel,none,400V 3ph,none,std,42,30,40,60,52,90,108,60,39,15,9,6,180,150,100.00,65.00,25.00,15.00,10.00,2,16,1000
19F6A13-3412,F6,19,3,water,panel,none,400V 3ph,none,std,42,30,40,60,52,90,108,60,39,15,9,6,180,150,100.00,65.00,25.00,15.00,10.00,2,16,1000
19F6A13-3413,F6,19,3,air,push-through,none,400V 3ph,none,std,42,30,40,60,52,90,108,60,39,15,9,6,180,150,100.00,65.00,25.00,15.00,10.00,2,16,1000
19F6A13-3414,F6,19,3,water,push-through,none,400V 3ph,none,std,42,30,40,60,52,90,108,60,39,15,9,6,180,150,100.00,65.00,25.00,15.00,10.00,2,16,1000
19F6A13-3511,F6,19,3,air,panel,none,400V 3ph,none,std,42,30,40,60,52,90,108,63.96,48,24,13.56,7.98,180,150,106.60,80.00,40.00,22.60,13.30,4,16,1000
19F6A13-3512,F6,19,3,water,panel,none,400V 3ph,none,std,42,30,40,60,52,90,108,63.96,48,24,13.56,7.98,180,150,106.60,80.00,40.00,22.60,13.30,4,16,1000
19F6A13-3513,F6,19,3,air,push-through,none,400V 3ph,none,std,42,30,40,60,52,90,108,63.96,48,24,13.56,7.98,180,150,106.60,80.00,40.00,22.60,13.30,4,16,1000
19F6A13-3514,F6,19,3,water,push-through,none,400V 3ph,none,std,42,30,40,60,52,90,108,63.96,48,24,13.56,7.98,180,150,106.60,80.00,40.00,22.60,13.30,4,16,1000
19F6A33-3411,F6,19,3,air,panel,none,400V 3ph,none,std,42,30,40,60,52,90,108,60,39,15,9,6,180,150,100.00,65.00,25.00,15.00,10.00,2,16,1000
19F6A33-3412,F6,19,3,water,panel,none,400V 3ph,none,std,42,30,40,60,52,90,108,60,39,15,9,6,180,150,100.00,65.00,25.00,15.00,10.00,2,16,1000
19F6A33-3413,F6,19,3,air,push-through,none,400V 3ph,none,std,42,30,40,60,52,90,108,60,39,15,9,6,180,150,100.00,65.00,25.00,15.00,10.00,2,16,1000
19F6A33-3414,F6,19,3,water,push-through,none,400V 3ph,none,std,42,30,40,60,52,90,108,60,39,15,9,6,180,150,100.00,65.00,25.00,15.00,10.00,2,16,1000
19F6A33-3511,F6,19,3,air,panel,none,400V 3ph,none,std,42,30,40,60,52,90,108,63.96,48,24,13.56,7.98,180,150,106.60,80.00,40.00,22.60,13.30,4,16,1000
19F6A33-3512,F6,19,3,water,panel,none,400V 3ph,none,std,42,30,40,60,52,90,108,63.96,48,24,13.56,7.98,180,150,106.60,80.00,40.00,22.60,13.30,4,16,1000
19F6A33-3513,F6,19,3,air,push-through,none,400V 3ph,none,std,42,30,40,60,52,90,108,63.96,48,24,13.56,7.98,180,150,106.60,80.00,40.00,22.60,13.30,4,16,1000
19F6A33-3514,F6,19,3,water,push-through,none,400V 3ph,none,std,42,30,40,60,52,90,108,63.96,48,24,13.56,7.98,180,150,106.60,80.00,40.00,22.60,13.30,4,16,1000
19F6A33-35BC,F6,19,3,air,panel (ver 2),none,400V 3ph,none,std,42,30,40,60,52,90,108,63.96,48,24,13.56,7.98,180,150,106.60,80.00,40.00,22.60,13.30,4,16,1000
19F6K13-3411,F6,19,3,air,panel,none,400V 3ph,none,std,42,30,40,60,52,90,108,60,39,15,9,6,180,150,100.00,65.00,25.00,15.00,10.00,2,16,1000
19F6K13-3412,F6,19,3,water,panel,none,400V 3ph,none,std,42,30,40,60,52,90,108,60,39,15,9,6,180,150,100.00,65.00,25.00,15.00,10.00,2,16,1000
19F6K13-3413,F6,19,3,air,push-through,none,400V 3ph,none,std,42,30,40,60,52,90,108,60,39,15,9,6,180,150,100.00,65.00,25.00,15.00,10.00,2,16,1000
19F6K13-3414,F6,19,3,water,push-through,none,400V 3ph,none,std,42,30,40,60,52,90,108,60,39,15,9,6,180,150,100.00,65.00,25.00,15.00,10.00,2,16,1000
19F6K13-3421,F6,19,3,air,panel,none,400V 3ph,none,std,42,30,40,60,52,90,108,60,39,15,9,6,180,150,100.00,65.00,25.00,15.00,10.00,2,16,1000
19F6K13-3422,F6,19,3,water,panel,none,400V 3ph,none,std,42,30,40,60,52,90,108,60,39,15,9,6,180,150,100.00,65.00,25.00,15.00,10.00,2,16,1000
19F6K13-3423,F6,19,3,air,push-through,none,400V 3ph,none,std,42,30,40,60,52,90,108,60,39,15,9,6,180,150,100.00,65.00,25.00,15.00,10.00,2,16,1000
19F6K13-3424,F6,19,3,water,push-through,none,400V 3ph,none,std,42,30,40,60,52,90,108,60,39,15,9,6,180,150,100.00,65.00,25.00,15.00,10.00,2,16,1000
19F6K13-3511,F6,19,3,air,panel,none,400V 3ph,none,std,42,30,40,60,52,90,108,63.96,48,24,13.56,7.98,180,150,106.60,80.00,40.00,22.60,13.30,4,16,1000
19F6K13-3512,F6,19,3,water,panel,none,400V 3ph,none,std,42,30,40,60,52,90,108,63.96,48,24,13.56,7.98,180,150,106.60,80.00,40.00,22.60,13.30,4,16,1000
19F6K13-3513,F6,19,3,air,push-through,none,400V 3ph,none,std,42,30,40,60,52,90,108,63.96,48,24,13.56,7.98,180,150,106.60,80.00,40.00,22.60,13.30,4,16,1000
19F6K13-3514,F6,19,3,water,push-through,none,400V 3ph,none,std,42,30,40,60,52,90,108,63.96,48,24,13.56,7.98,180,150,106.60,80.00,40.00,22.60,13.30,4,16,1000
19F6K13-3521,F6,19,3,air,panel,none,400V 3ph,none,std,42,30,40,60,52,90,108,63.96,48,24,13.56,7.98,180,150,106.60,80.00,40.00,22.60,13.30,4,16,1000
19F6K13-3522,F6,19,3,water,panel,none,400V 3ph,none,std,42,30,40,60,52,90,108,63.96,48,24,13.56,7.98,180,150,106.60,80.00,40.00,22.60,13.30,4,16,1000
19F6K13-3523,F6,19,3,air,push-through,none,400V 3ph,none,std,42,30,40,60,52,90,108,63.96,48,24,13.56,7.98,180,150,106.60,80.00,40.00,22.60,13.30,4,16,1000
19F6K13-3524,F6,19,3,water,push-through,none,400V 3ph,none,std,42,30,40,60,52,90,108,63.96,48,24,13.56,7.98,180,150,106.60,80.00,40.00,22.60,13.30,4,16,1000
19F6P53-3411,F6,19,3,air,panel,none,400V 3ph,none,std,42,30,40,60,52,90,108,60,39,15,9,6,180,150,100.00,65.00,25.00,15.00,10.00,2,16,1000
19F6P53-3431,F6,19,3,air,panel,none,400V 3ph,none,std,42,30,40,60,52,90,108,60,39,15,9,6,180,150,100.00,65.00,25.00,15.00,10.00,2,16,1000
19F6P53-3432,F6,19,3,water,panel,none,400V 3ph,none,std,42,30,40,60,52,90,108,60,39,15,9,6,180,150,100.00,65.00,25.00,15.00,10.00,2,16,1000
19F6P53-3433,F6,19,3,air,push-through,none,400V 3ph,none,std,42,30,40,60,52,90,108,60,39,15,9,6,180,150,100.00,65.00,25.00,15.00,10.00,2,16,1000
19F6P53-3434,F6,19,3,water,push-through,none,400V 3ph,none,std,42,30,40,60,52,90,108,60,39,15,9,6,180,150,100.00,65.00,25.00,15.00,10.00,2,16,1000
19F6P53-3435,F6,19,3,air,push-through (IP20),none,400V 3ph,none,std,42,30,40,60,52,90,108,60,39,15,9,6,180,150,100.00,65.00,25.00,15.00,10.00,2,16,1000
19F6P53-3441,F6,19,3,air,panel,none,400V 3ph,none,std,42,30,40,60,52,90,108,60,39,15,9,6,180,150,100.00,65.00,25.00,15.00,10.00,2,16,1000
19F6P53-3442,F6,19,3,water,panel,none,400V 3ph,none,std,42,30,40,60,52,90,108,60,39,15,9,6,180,150,100.00,65.00,25.00,15.00,10.00,2,16,1000
19F6P53-3443,F6,19,3,air,push-through,none,400V 3ph,none,std,42,30,40,60,52,90,108,60,39,15,9,6,180,150,100.00,65.00,25.00,15.00,10.00,2,16,1000
19F6P53-3444,F6,19,3,water,push-through,none,400V 3ph,none,std,42,30,40,60,52,90,108,60,39,15,9,6,180,150,100.00,65.00,25.00,15.00,10.00,2,16,1000
19F6P53-3445,F6,19,3,air,push-through (IP20),none,400V 3ph,none,std,42,30,40,60,52,90,108,60,39,15,9,6,180,150,100.00,65.00,25.00,15.00,10.00,2,16,1000
19F6P53-3451,F6,19,3,air,panel,none,400V 3ph,none,std,42,30,40,60,52,90,108,60,39,15,9,6,180,150,100.00,65.00,25.00,15.00,10.00,2,16,1000
19F6P53-3452,F6,19,3,water,panel,none,400V 3ph,none,std,42,30,40,60,52,90,108,60,39,15,9,6,180,150,100.00,65.00,25.00,15.00,10.00,2,16,1000
19F6P53-3453,F6,19,3,air,push-through,none,400V 3ph,none,std,42,30,40,60,52,90,108,60,39,15,9,6,180,150,100.00,65.00,25.00,15.00,10.00,2,16,1000
19F6P53-3454,F6,19,3,water,push-through,none,400V 3ph,none,std,42,30,40,60,52,90,108,60,39,15,9,6,180,150,100.00,65.00,25.00,15.00,10.00,2,16,1000
19F6P53-3455,F6,19,3,air,push-through (IP20),none,400V 3ph,none,std,42,30,40,60,52,90,108,60,39,15,9,6,180,150,100.00,65.00,25.00,15.00,10.00,2,16,1000
19F6P53-3511,F6,19,3,air,panel,none,400V 3ph,none,std,42,30,40,60,52,90,108,63.96,48,24,13.56,7.98,180,150,106.60,80.00,40.00,22.60,13.30,4,16,1000
19F6P53-3531,F6,19,3,air,panel,none,400V 3ph,none,std,42,30,40,60,52,90,108,63.96,48,24,13.56,7.98,180,150,106.60,80.00,40.00,22.60,13.30,4,16,1000
19F6P53-3532,F6,19,3,water,panel,none,400V 3ph,none,std,42,30,40,60,52,90,108,63.96,48,24,13.56,7.98,180,150,106.60,80.00,40.00,22.60,13.30,4,16,1000
19F6P53-3533,F6,19,3,air,push-through,none,400V 3ph,none,std,42,30,40,60,52,90,108,63.96,48,24,13.56,7.98,180,150,106.60,80.00,40.00,22.60,13.30,4,16,1000
19F6P53-3534,F6,19,3,water,push-through,none,400V 3ph,none,std,42,30,40,60,52,90,108,63.96,48,24,13.56,7.98,180,150,106.60,80.00,40.00,22.60,13.30,4,16,1000
19F6P53-3535,F6,19,3,air,push-through (IP20),none,400V 3ph,none,std,42,30,40,60,52,90,108,63.96,48,24,13.56,7.98,180,150,106.60,80.00,40.00,22.60,13.30,4,16,1000
19F6P53-3541,F6,19,3,air,panel,none,400V 3ph,none,std,42,30,40,60,52,90,108,63.96,48,24,13.56,7.98,180,150,106.60,80.00,40.00,22.60,13.30,4,16,1000
19F6P53-3542,F6,19,3,water,panel,none,400V 3ph,none,std,42,30,40,60,52,90,108,63.96,48,24,13.56,7.98,180,150,106.60,80.00,40.00,22.60,13.30,4,16,1000
19F6P53-3543,F6,19,3,air,push-through,none,400V 3ph,none,std,42,30,40,60,52,90,108,63.96,48,24,13.56,7.98,180,150,106.60,80.00,40.00,22.60,13.30,4,16,1000
19F6P53-3544,F6,19,3,water,push-through,none,400V 3ph,none,std,42,30,40,60,52,90,108,63.96,48,24,13.56,7.98,180,150,106.60,80.00,40.00,22.60,13.30,4,16,1000
19F6P53-3545,F6,19,3,air,push-through (IP20),none,400V 3ph,none,std,42,30,40,60,52,90,108,63.96,48,24,13.56,7.98,180,150,106.60,80.00,40.00,22.60,13.30,4,16,1000
19F6P53-3551,F6,19,3,air,panel,none,400V 3ph,none,std,42,30,40,60,52,90,108,63.96,48,24,13.56,7.98,180,150,106.60,80.00,40.00,22.60,13.30,4,16,1000
19F6P53-3552,F6,19,3,water,panel,none,400V 3ph,none,std,42,30,40,60,52,90,108,63.96,48,24,13.56,7.98,180,150,106.60,80.00,40.00,22.60,13.30,4,16,1000
19F6P53-3553,F6,19,3,air,push-through,none,400V 3ph,none,std,42,30,40,60,52,90,108,63.96,48,24,13.56,7.98,180,150,106.60,80.00,40.00,22.60,13.30,4,16,1000
19F6P53-3554,F6,19,3,water,push-through,none,400V 3ph,none,std,42,30,40,60,52,90,108,63.96,48,24,13.56,7.98,180,150,106.60,80.00,40.00,22.60,13.30,4,16,1000
19F6P53-3555,F6,19,3,air,push-through (IP20),none,400V 3ph,none,std,42,30,40,60,52,90,108,63.96,48,24,13.56,7.98,180,150,106.60,80.00,40.00,22.60,13.30,4,16,1000
20F6A13-3411,F6,20,3,air,panel,none,400V 3ph,none,std,52,37,50,75,65,112.5,135,79.95,60,30,16.95,9.975,180,150,106.60,80.00,40.00,22.60,13.30,2,16,1000
20F6A13-3412,F6,20,3,water,panel,none,400V 3ph,none,std,52,37,50,75,65,112.5,135,79.95,60,30,16.95,9.975,180,150,106.60,80.00,40.00,22.60,13.30,2,16,1000
20F6A13-3413,F6,20,3,air,push-through,none,400V 3ph,none,std,52,37,50,75,65,112.5,135,79.95,60,30,16.95,9.975,180,150,106.60,80.00,40.00,22.60,13.30,2,16,1000
20F6A13-3414,F6,20,3,water,push-through,none,400V 3ph,none,std,52,37,50,75,65,112.5,135,79.95,60,30,16.95,9.975,180,150,106.60,80.00,40.00,22.60,13.30,2,16,1000
20F6A33-3411,F6,20,3,air,panel,none,400V 3ph,none,std,52,37,50,75,65,112.5,135,79.95,60,30,16.95,9.975,180,150,106.60,80.00,40.00,22.60,13.30,2,16,1000
20F6A33-3412,F6,20,3,water,panel,none,400V 3ph,none,std,52,37,50,75,65,112.5,135,79.95,60,30,16.95,9.975,180,150,106.60,80.00,40.00,22.60,13.30,2,16,1000
20F6A33-3413,F6,20,3,air,push-through,none,400V 3ph,none,std,52,37,50,75,65,112.5,135,79.95,60,30,16.95,9.975,180,150,106.60,80.00,40.00,22.60,13.30,2,16,1000
20F6A33-3414,F6,20,3,water,push-through,none,400V 3ph,none,std,52,37,50,75,65,112.5,135,79.95,60,30,16.95,9.975,180,150,106.60,80.00,40.00,22.60,13.30,2,16,1000
20F6K13-3411,F6,20,3,air,panel,none,400V 3ph,none,std,52,37,50,75,65,112.5,135,79.95,60,30,16.95,9.975,180,150,106.60,80.00,40.00,22.60,13.30,2,16,1000
20F6K13-3412,F6,20,3,water,panel,none,400V 3ph,none,std,52,37,50,75,65,112.5,135,79.95,60,30,16.95,9.975,180,150,106.60,80.00,40.00,22.60,13.30,2,16,1000
20F6K13-3413,F6,20,3,air,push-through,none,400V 3ph,none,std,52,37,50,75,65,112.5,135,79.95,60,30,16.95,9.975,180,150,106.60,80.00,40.00,22.60,13.30,2,16,1000
20F6K13-3414,F6,20,3,water,push-through,none,400V 3ph,none,std,52,37,50,75,65,112.5,135,79.95,60,30,16.95,9.975,180,150,106.60,80.00,40.00,22.60,13.30,2,16,1000
20F6K13-3421,F6,20,3,air,panel,none,400V 3ph,none,std,52,37,50,75,65,112.5,135,79.95,60,30,16.95,9.975,180,150,106.60,80.00,40.00,22.60,13.30,2,16,1000
20F6K13-3422,F6,20,3,water,panel,none,400V 3ph,none,std,52,37,50,75,65,112.5,135,79.95,60,30,16.95,9.975,180,150,106.60,80.00,40.00,22.60,13.30,2,16,1000
20F6K13-3423,F6,20,3,air,push-through,none,400V 3ph,none,std,52,37,50,75,65,112.5,135,79.95,60,30,16.95,9.975,180,150,106.60,80.00,40.00,22.60,13.30,2,16,1000
20F6K13-3424,F6,20,3,water,push-through,none,400V 3ph,none,std,52,37,50,75,65,112.5,135,79.95,60,30,16.95,9.975,180,150,106.60,80.00,40.00,22.60,13.30,2,16,1000
20F6P53-3411,F6,20,3,air,panel,none,400V 3ph,none,std,52,37,50,75,65,112.5,135,79.95,60,30,16.95,9.975,180,150,106.60,80.00,40.00,22.60,13.30,2,16,1000
20F6P53-3431,F6,20,3,air,panel,none,400V 3ph,none,std,52,37,50,75,65,112.5,135,79.95,60,30,16.95,9.975,180,150,106.60,80.00,40.00,22.60,13.30,2,16,1000
20F6P53-3432,F6,20,3,water,panel,none,400V 3ph,none,std,52,37,50,75,65,112.5,135,79.95,60,30,16.95,9.975,180,150,106.60,80.00,40.00,22.60,13.30,2,16,1000
20F6P53-3433,F6,20,3,air,push-through,none,400V 3ph,none,std,52,37,50,75,65,112.5,135,79.95,60,30,16.95,9.975,180,150,106.60,80.00,40.00,22.60,13.30,2,16,1000
20F6P53-3434,F6,20,3,water,push-through,none,400V 3ph,none,std,52,37,50,75,65,112.5,135,79.95,60,30,16.95,9.975,180,150,106.60,80.00,40.00,22.60,13.30,2,16,1000
20F6P53-3435,F6,20,3,air,push-through (IP20),none,400V 3ph,none,std,52,37,50,75,65,112.5,135,79.95,60,30,16.95,9.975,180,150,106.60,80.00,40.00,22.60,13.30,2,16,1000
20F6P53-3441,F6,20,3,air,panel,none,400V 3ph,none,std,52,37,50,75,65,112.5,135,79.95,60,30,16.95,9.975,180,150,106.60,80.00,40.00,22.60,13.30,2,16,1000
20F6P53-3442,F6,20,3,water,panel,none,400V 3ph,none,std,52,37,50,75,65,112.5,135,79.95,60,30,16.95,9.975,180,150,106.60,80.00,40.00,22.60,13.30,2,16,1000
20F6P53-3443,F6,20,3,air,push-through,none,400V 3ph,none,std,52,37,50,75,65,112.5,135,79.95,60,30,16.95,9.975,180,150,106.60,80.00,40.00,22.60,13.30,2,16,1000
20F6P53-3444,F6,20,3,water,push-through,none,400V 3ph,none,std,52,37,50,75,65,112.5,135,79.95,60,30,16.95,9.975,180,150,106.60,80.00,40.00,22.60,13.30,2,16,1000
20F6P53-3445,F6,20,3,air,push-through (IP20),none,400V 3ph,none,std,52,37,50,75,65,112.5,135,79.95,60,30,16.95,9.975,180,150,106.60,80.00,40.00,22.60,13.30,2,16,1000
20F6P53-3451,F6,20,3,air,panel,none,400V 3ph,none,std,52,37,50,75,65,112.5,135,79.95,60,30,16.95,9.975,180,150,106.60,80.00,40.00,22.60,13.30,2,16,1000
20F6P53-3452,F6,20,3,water,panel,none,400V 3ph,none,std,52,37,50,75,65,112.5,135,79.95,60,30,16.95,9.975,180,150,106.60,80.00,40.00,22.60,13.30,2,16,1000
20F6P53-3453,F6,20,3,air,push-through,none,400V 3ph,none,std,52,37,50,75,65,112.5,135,79.95,60,30,16.95,9.975,180,150,106.60,80.00,40.00,22.60,13.30,2,16,1000
20F6P53-3454,F6,20,3,water,push-through,none,400V 3ph,none,std,52,37,50,75,65,112.5,135,79.95,60,30,16.95,9.975,180,150,106.60,80.00,40.00,22.60,13.30,2,16,1000
20F6P53-3455,F6,20,3,air,push-through (IP20),none,400V 3ph,none,std,52,37,50,75,65,112.5,135,79.95,60,30,16.95,9.975,180,150,106.60,80.00,40.00,22.60,13.30,2,16,1000
CLF6153-2000,F6,15,3,air,panel,none,230V 3ph,none,std,19,11,15,48,48,96,129.6,63.36,50.544,34.56,24.288,17.904,270,200,132.00,105.30,72.00,50.60,37.30,8,16,1000
CLF6173-4000,F6,17,3,air,panel,none,400V 3ph,none,std,29,18.5,25,42,31.5,63,90.72,44.772,33.6,16.8,9.492,5.586,216,150,106.60,80.00,40.00,22.60,13.30,4,16,1000
CMF6183-0026,F6,18,3,air,panel,none,400V 3ph,none,std,35,22,30,50,40,75,90,50,32.5,12.5,7.5,5,180,150,100.00,65.00,25.00,15.00,10.00,2,16,1000
CMF6193-0007,F6,19,3,air,panel,none,400V 3ph,none,std,42,30,40,60,52,90,108,63.96,48,24,13.56,7.98,180,150,106.60,80.00,40.00,22.60,13.30,4,16,1000
CMF6193-0020,F6,19,3,air,panel,none,400V 3ph,none,std,42,30,40,60,52,90,108,60,39,15,9,6,180,150,100.00,65.00,25.00,15.00,10.00,2,16,1000
CMF6203-0013,F6,20,3,air,panel,none,400V 3ph,none,std,52,37,50,75,65,112.5,135,79.95,60,30,16.95,9.975,180,150,106.60,80.00,40.00,22.60,13.30,2,16,1000
16F6P54-1D31,F6,16,4,air,panel,none,230V 3ph,none,std,25,15,20,62,62,124,161.2,86.8,73.7118,57.1764,45.4646,37.8882,260,200,140.00,118.89,92.22,73.33,61.11,8,16,1000
18F6A14-1511,F6,18,4,air,panel,none,230V 3ph,none,std,34,22,30,85,85,127.5,153,115.1325,96.594,72.6325,57.1795,47.906,180,150,135.45,113.64,85.45,67.27,56.36,4,16,1000
18F6A14-1512,F6,18,4,water,panel,none,230V 3ph,none,std,34,22,30,85,85,127.5,153,115.1325,96.594,72.6325,57.1795,47.906,180,150,135.45,113.64,85.45,67.27,56.36,4,16,1000
18F6A14-1513,F6,18,4,air,push-through,none,230V 3ph,none,std,34,22,30,85,85,127.5,153,115.1325,96.594,72.6325,57.1795,47.906,180,150,135.45,113.64,85.45,67.27,56.36,4,16,1000
18F6A14-1514,F6,18,4,water,push-through,none,230V 3ph,none,std,34,22,30,85,85,127.5,153,115.1325,96.594,72.6325,57.1795,47.906,180,150,135.45,113.64,85.45,67.27,56.36,4,16,1000
18F6A14-3516,F6,18,4,water,push-through,integrated,400V 3ph,none,std,35,22,30,50,40,75,90,58.85,45,29.4,21.1,15.55,180,150,117.70,90.00,58.80,42.20,31.10,4,16,1000
18F6A14-3519,F6,18,4,water,panel,integrated,400V 3ph,none,std,35,22,30,50,40,75,90,58.85,45,29.4,21.1,15.55,180,150,117.70,90.00,58.80,42.20,31.10,4,16,1000
18F6A34-1511,F6,18,4,air,panel,none,230V 3ph,none,std,34,22,30,85,85,127.5,153,115.1325,96.594,72.6325,57.1795,47.906,180,150,135.45,113.64,85.45,67.27,56.36,4,16,1000
18F6A34-1512,F6,18,4,water,panel,none,230V 3ph,none,std,34,22,30,85,85,127.5,153,115.1325,96.594,72.6325,57.1795,47.906,180,150,135.45,113.64,85.45,67.27,56.36,4,16,1000
18F6A34-1513,F6,18,4,air,push-through,none,230V 3ph,none,std,34,22,30,85,85,127.5,153,115.1325,96.594,72.6325,57.1795,47.906,180,150,135.45,113.64,85.45,67.27,56.36,4,16,1000
18F6A34-1514,F6,18,4,water,push-through,none,230V 3ph,none,std,34,22,30,85,85,127.5,153,115.1325,96.594,72.6325,57.1795,47.906,180,150,135.45,113.64,85.45,67.27,56.36,4,16,1000
18F6A34-3516,F6,18,4,water,push-through,integrated,400V 3ph,none,std,35,22,30,50,40,75,90,58.85,45,29.4,21.1,15.55,180,150,117.70,90.00,58.80,42.20,31.10,4,16,1000
18F6A34-3519,F6,18,4,water,panel,integrated,400V 3ph,none,std,35,22,30,50,40,75,90,58.85,45,29.4,21.1,15.55,180,150,117.70,90.00,58.80,42.20,31.10,4,16,1000
18F6K14-1511,F6,18,4,air,panel,none,230V 3ph,none,std,34,22,30,85,85,127.5,153,115.1325,96.594,72.6325,57.1795,47.906,180,150,135.45,113.64,85.45,67.27,56.36,4,16,1000
18F6K14-1512,F6,18,4,water,panel,none,230V 3ph,none,std,34,22,30,85,85,127.5,153,115.1325,96.594,72.6325,57.1795,47.906,180,150,135.45,113.64,85.45,67.27,56.36,4,16,1000
18F6K14-1513,F6,18,4,air,push-through,none,230V 3ph,none,std,34,22,30,85,85,127.5,153,115.1325,96.594,72.6325,57.1795,47.906,180,150,135.45,113.64,85.45,67.27,56.36,4,16,1000
18F6K14-1514,F6,18,4,water,push-through,none,230V 3ph,none,std,34,22,30,85,85,127.5,153,115.1325,96.594,72.6325,57.1795,47.906,180,150,135.45,113.64,85.45,67.27,56.36,4,16,1000
18F6K14-3516,F6,18,4,water,push-through,integrated,400V 3ph,none,std,35,22,30,50,40,75,90,58.85,45,29.4,21.1,15.55,180,150,117.70,90.00,58.80,42.20,31.10,4,16,1000
18F6K14-3517,F6,18,4,oil,push-through,none,400V 3ph,none,std,35,22,30,50,40,75,90,58.85,45,29.4,21.1,15.55,180,150,117.70,90.00,58.80,42.20,31.10,4,16,1000
18F6K14-3519,F6,18,4,water,panel,integrated,400V 3ph,none,std,35,22,30,50,40,75,90,58.85,45,29.4,21.1,15.55,180,150,117.70,90.00,58.80,42.20,31.10,4,16,1000
18F6K14-3526,F6,18,4,water,push-through,integrated,400V 3ph,none,std,35,22,30,50,40,75,90,58.85,45,29.4,21.1,15.55,180,150,117.70,90.00,58.80,42.20,31.10,4,16,1000
18F6K14-3529,F6,18,4,water,panel,integrated,400V 3ph,none,std,35,22,30,50,40,75,90,58.85,45,29.4,21.1,15.55,180,150,117.70,90.00,58.80,42.20,31.10,4,16,1000
18F6P54-1531,F6,18,4,air,panel,none,230V 3ph,none,std,34,22,30,85,85,127.5,153,115.1325,96.594,72.6325,57.1795,47.906,180,150,135.45,113.64,85.45,67.27,56.36,4,16,1000
18F6P54-1532,F6,18,4,water,panel,none,230V 3ph,none,std,34,22,30,85,85,127.5,153,115.1325,96.594,72.6325,57.1795,47.906,180,150,135.45,113.64,85.45,67.27,56.36,4,16,1000
18F6P54-1533,F6,18,4,air,push-through,none,230V 3ph,none,std,34,22,30,85,85,127.5,153,115.1325,96.594,72.6325,57.1795,47.906,180,150,135.45,113.64,85.45,67.27,56.36,4,16,1000
18F6P54-1534,F6,18,4,water,push-through,none,230V 3ph,none,std,34,22,30,85,85,127.5,153,115.1325,96.594,72.6325,57.1795,47.906,180,150,135.45,113.64,85.45,67.27,56.36,4,16,1000
18F6P54-1541,F6,18,4,air,panel,none,230V 3ph,none,std,34,22,30,85,85,127.5,153,115.1325,96.594,72.6325,57.1795,47.906,180,150,135.45,113.64,85.45,67.27,56.36,4,16,1000
18F6P54-1542,F6,18,4,water,panel,none,230V 3ph,none,std,34,22,30,85,85,127.5,153,115.1325,96.594,72.6325,57.1795,47.906,180,150,135.45,113.64,85.45,67.27,56.36,4,16,1000
18F6P54-1543,F6,18,4,air,push-through,none,230V 3ph,none,std,34,22,30,85,85,127.5,153,115.1325,96.594,72.6325,57.1795,47.906,180,150,135.45,113.64,85.45,67.27,56.36,4,16,1000
18F6P54-1544,F6,18,4,water,push-through,none,230V 3ph,none,std,34,22,30,85,85,127.5,153,115.1325,96.594,72.6325,57.1795,47.906,180,150,135.45,113.64,85.45,67.27,56.36,4,16,1000
18F6P54-1551,F6,18,4,air,panel,none,230V 3ph,none,std,34,22,30,85,85,127.5,153,115.1325,96.594,72.6325,57.1795,47.906,180,150,135.45,113.64,85.45,67.27,56.36,4,16,1000
18F6P54-1552,F6,18,4,water,panel,none,230V 3ph,none,std,34,22,30,85,85,127.5,153,115.1325,96.594,72.6325,57.1795,47.906,180,150,135.45,113.64,85.45,67.27,56.36,4,16,1000
18F6P54-1553,F6,18,4,air,push-through,none,230V 3ph,none,std,34,22,30,85,85,127.5,153,115.1325,96.594,72.6325,57.1795,47.906,180,150,135.45,113.64,85.45,67.27,56.36,4,16,1000
18F6P54-1554,F6,18,4,water,push-through,none,230V 3ph,none,std,34,22,30,85,85,127.5,153,115.1325,96.594,72.6325,57.1795,47.906,180,150,135.45,113.64,85.45,67.27,56.36,4,16,1000
18F6P54-3536,F6,18,4,water,push-through,integrated,400V 3ph,none,std,35,22,30,50,40,75,90,58.85,45,29.4,21.1,15.55,180,150,117.70,90.00,58.80,42.20,31.10,4,16,1000
18F6P54-3539,F6,18,4,water,panel,integrated,400V 3ph,none,std,35,22,30,50,40,75,90,58.85,45,29.4,21.1,15.55,180,150,117.70,90.00,58.80,42.20,31.10,4,16,1000
18F6P54-3546,F6,18,4,water,push-through,integrated,400V 3ph,none,std,35,22,30,50,40,75,90,58.85,45,29.4,21.1,15.55,180,150,117.70,90.00,58.80,42.20,31.10,4,16,1000
18F6P54-3549,F6,18,4,water,panel,integrated,400V 3ph,none,std,35,22,30,50,40,75,90,58.85,45,29.4,21.1,15.55,180,150,117.70,90.00,58.80,42.20,31.10,4,16,1000
18F6P54-3556,F6,18,4,water,push-through,integrated,400V 3ph,none,std,35,22,30,50,40,75,90,58.85,45,29.4,21.1,15.55,180,150,117.70,90.00,58.80,42.20,31.10,4,16,1000
18F6P54-3559,F6,18,4,water,panel,integrated,400V 3ph,none,std,35,22,30,50,40,75,90,58.85,45,29.4,21.1,15.55,180,150,117.70,90.00,58.80,42.20,31.10,4,16,1000
18F6P54-3D31,F6,18,4,air,panel,none,400V 3ph,none,std,35,22,30,50,40,80,120,58.85,45,29.4,21.1,15.55,240,160,117.70,90.00,58.80,42.20,31.10,4,16,1000
19F6A14-3511,F6,19,4,air,panel,none,400V 3ph,none,std,42,30,40,60,52,90,108,70.62,54,35.28,25.32,18.66,180,150,117.70,90.00,58.80,42.20,31.10,4,16,1000
19F6A14-3512,F6,19,4,water,panel,none,400V 3ph,none,std,42,30,40,60,52,90,108,70.62,54,35.28,25.32,18.66,180,150,117.70,90.00,58.80,42.20,31.10,4,16,1000
19F6A14-3513,F6,19,4,air,push-through,none,400V 3ph,none,std,42,30,40,60,52,90,108,70.62,54,35.28,25.32,18.66,180,150,117.70,90.00,58.80,42.20,31.10,4,16,1000
19F6A14-3514,F6,19,4,water,push-through,none,400V 3ph,none,std,42,30,40,60,52,90,108,70.62,54,35.28,25.32,18.66,180,150,117.70,90.00,58.80,42.20,31.10,4,16,1000
19F6A14-3516,F6,19,4,water,push-through,integrated,400V 3ph,none,std,42,30,40,60,52,90,108,70.62,54,35.28,25.32,18.66,180,150,117.70,90.00,58.80,42.20,31.10,4,16,1000
19F6A14-3519,F6,19,4,water,panel,integrated,400V 3ph,none,std,42,30,40,60,52,90,108,70.62,54,35.28,25.32,18.66,180,150,117.70,90.00,58.80,42.20,31.10,4,16,1000
19F6A34-3511,F6,19,4,air,panel,none,400V 3ph,none,std,42,30,40,60,52,90,108,70.62,54,35.28,25.32,18.66,180,150,117.70,90.00,58.80,42.20,31.10,4,16,1000
19F6A34-3512,F6,19,4,water,panel,none,400V 3ph,none,std,42,30,40,60,52,90,108,70.62,54,35.28,25.32,18.66,180,150,117.70,90.00,58.80,42.20,31.10,4,16,1000
19F6A34-3513,F6,19,4,air,push-through,none,400V 3ph,none,std,42,30,40,60,52,90,108,70.62,54,35.28,25.32,18.66,180,150,117.70,90.00,58.80,42.20,31.10,4,16,1000
19F6A34-3514,F6,19,4,water,push-through,none,400V 3ph,none,std,42,30,40,60,52,90,108,70.62,54,35.28,25.32,18.66,180,150,117.70,90.00,58.80,42.20,31.10,4,16,1000
19F6A34-3516,F6,19,4,water,push-through,integrated,400V 3ph,none,std,42,30,40,60,52,90,108,70.62,54,35.28,25.32,18.66,180,150,117.70,90.00,58.80,42.20,31.10,4,16,1000
19F6A34-3519,F6,19,4,water,panel,integrated,400V 3ph,none,std,42,30,40,60,52,90,108,70.62,54,35.28,25.32,18.66,180,150,117.70,90.00,58.80,42.20,31.10,4,16,1000
19F6K14-3511,F6,19,4,air,panel,none,400V 3ph,none,std,42,30,40,60,52,90,108,70.62,54,35.28,25.32,18.66,180,150,117.70,90.00,58.80,42.20,31.10,4,16,1000
19F6K14-3512,F6,19,4,water,panel,none,400V 3ph,none,std,42,30,40,60,52,90,108,70.62,54,35.28,25.32,18.66,180,150,117.70,90.00,58.80,42.20,31.10,4,16,1000
19F6K14-3513,F6,19,4,air,push-through,none,400V 3ph,none,std,42,30,40,60,52,90,108,70.62,54,35.28,25.32,18.66,180,150,117.70,90.00,58.80,42.20,31.10,4,16,1000
19F6K14-3514,F6,19,4,water,push-through,none,400V 3ph,none,std,42,30,40,60,52,90,108,70.62,54,35.28,25.32,18.66,180,150,117.70,90.00,58.80,42.20,31.10,4,16,1000
19F6K14-3516,F6,19,4,water,push-through,integrated,400V 3ph,none,std,42,30,40,60,52,90,108,70.62,54,35.28,25.32,18.66,180,150,117.70,90.00,58.80,42.20,31.10,4,16,1000
19F6K14-3517,F6,19,4,oil,push-through,none,400V 3ph,none,std,42,30,40,60,52,90,108,70.62,54,35.28,25.32,18.66,180,150,117.70,90.00,58.80,42.20,31.10,4,16,1000
19F6K14-3519,F6,19,4,water,panel,integrated,400V 3ph,none,std,42,30,40,60,52,90,108,70.62,54,35.28,25.32,18.66,180,150,117.70,90.00,58.80,42.20,31.10,4,16,1000
19F6K14-3521,F6,19,4,air,panel,none,400V 3ph,none,std,42,30,40,60,52,90,108,70.62,54,35.28,25.32,18.66,180,150,117.70,90.00,58.80,42.20,31.10,4,16,1000
19F6K14-3522,F6,19,4,water,panel,none,400V 3ph,none,std,42,30,40,60,52,90,108,70.62,54,35.28,25.32,18.66,180,150,117.70,90.00,58.80,42.20,31.10,4,16,1000
19F6K14-3523,F6,19,4,air,push-through,none,400V 3ph,none,std,42,30,40,60,52,90,108,70.62,54,35.28,25.32,18.66,180,150,117.70,90.00,58.80,42.20,31.10,4,16,1000
19F6K14-3524,F6,19,4,water,push-through,none,400V 3ph,none,std,42,30,40,60,52,90,108,70.62,54,35.28,25.32,18.66,180,150,117.70,90.00,58.80,42.20,31.10,4,16,1000
19F6K14-3526,F6,19,4,water,push-through,integrated,400V 3ph,none,std,42,30,40,60,52,90,108,70.62,54,35.28,25.32,18.66,180,150,117.70,90.00,58.80,42.20,31.10,4,16,1000
19F6K14-3529,F6,19,4,water,panel,integrated,400V 3ph,none,std,42,30,40,60,52,90,108,70.62,54,35.28,25.32,18.66,180,150,117.70,90.00,58.80,42.20,31.10,4,16,1000
19F6P54-3531,F6,19,4,air,panel,none,400V 3ph,none,std,42,30,40,60,52,90,108,70.62,54,35.28,25.32,18.66,180,150,117.70,90.00,58.80,42.20,31.10,4,16,1000
19F6P54-3532,F6,19,4,water,panel,none,400V 3ph,none,std,42,30,40,60,52,90,108,70.62,54,35.28,25.32,18.66,180,150,117.70,90.00,58.80,42.20,31.10,4,16,1000
19F6P54-3533,F6,19,4,air,push-through,none,400V 3ph,none,std,42,30,40,60,52,90,108,70.62,54,35.28,25.32,18.66,180,150,117.70,90.00,58.80,42.20,31.10,4,16,1000
19F6P54-3534,F6,19,4,water,push-through,none,400V 3ph,none,std,42,30,40,60,52,90,108,70.62,54,35.28,25.32,18.66,180,150,117.70,90.00,58.80,42.20,31.10,4,16,1000
19F6P54-3539,F6,19,4,water,panel,integrated,400V 3ph,none,std,42,30,40,60,52,90,108,70.62,54,35.28,25.32,18.66,180,150,117.70,90.00,58.80,42.20,31.10,4,16,1000
19F6P54-3541,F6,19,4,air,panel,none,400V 3ph,none,std,42,30,40,60,52,90,108,70.62,54,35.28,25.32,18.66,180,150,117.70,90.00,58.80,42.20,31.10,4,16,1000
19F6P54-3542,F6,19,4,water,panel,none,400V 3ph,none,std,42,30,40,60,52,90,108,70.62,54,35.28,25.32,18.66,180,150,117.70,90.00,58.80,42.20,31.10,4,16,1000
19F6P54-3543,F6,19,4,air,push-through,none,400V 3ph,none,std,42,30,40,60,52,90,108,70.62,54,35.28,25.32,18.66,180,150,117.70,90.00,58.80,42.20,31.10,4,16,1000
19F6P54-3544,F6,19,4,water,push-through,none,400V 3ph,none,std,42,30,40,60,52,90,108,70.62,54,35.28,25.32,18.66,180,150,117.70,90.00,58.80,42.20,31.10,4,16,1000
19F6P54-3546,F6,19,4,water,push-through,integrated,400V 3ph,none,std,42,30,40,60,52,90,108,70.62,54,35.28,25.32,18.66,180,150,117.70,90.00,58.80,42.20,31.10,4,16,1000
19F6P54-3549,F6,19,4,water,panel,integrated,400V 3ph,none,std,42,30,40,60,52,90,108,70.62,54,35.28,25.32,18.66,180,150,117.70,90.00,58.80,42.20,31.10,4,16,1000
19F6P54-3551,F6,19,4,air,panel,none,400V 3ph,none,std,42,30,40,60,52,90,108,70.62,54,35.28,25.32,18.66,180,150,117.70,90.00,58.80,42.20,31.10,4,16,1000
19F6P54-3552,F6,19,4,water,panel,none,400V 3ph,none,std,42,30,40,60,52,90,108,70.62,54,35.28,25.32,18.66,180,150,117.70,90.00,58.80,42.20,31.10,4,16,1000
19F6P54-3553,F6,19,4,air,push-through,none,400V 3ph,none,std,42,30,40,60,52,90,108,70.62,54,35.28,25.32,18.66,180,150,117.70,90.00,58.80,42.20,31.10,4,16,1000
19F6P54-3554,F6,19,4,water,push-through,none,400V 3ph,none,std,42,30,40,60,52,90,108,70.62,54,35.28,25.32,18.66,180,150,117.70,90.00,58.80,42.20,31.10,4,16,1000
19F6P54-3556,F6,19,4,water,push-through,integrated,400V 3ph,none,std,42,30,40,60,52,90,108,70.62,54,35.28,25.32,18.66,180,150,117.70,90.00,58.80,42.20,31.10,4,16,1000
19F6P54-3559,F6,19,4,water,panel,integrated,400V 3ph,none,std,42,30,40,60,52,90,108,70.62,54,35.28,25.32,18.66,180,150,117.70,90.00,58.80,42.20,31.10,4,16,1000
19F6P54-3D31,F6,19,4,air,panel,none,400V 3ph,none,std,42,30,40,60,54,120,162,64.14,47.46,29.7,19.8,14.04,270,200,106.90,79.10,49.50,33.00,23.40,4,16,1000
19F6P54-3D41,F6,19,4,air,panel,none,400V 3ph,none,std,42,30,40,60,54,120,162,64.14,47.46,29.7,19.8,14.04,270,200,106.90,79.10,49.50,33.00,23.40,4,16,1000
19F6P54-3D51,F6,19,4,air,panel,none,400V 3ph,none,std,42,30,40,60,54,120,162,64.14,47.46,29.7,19.8,14.04,270,200,106.90,79.10,49.50,33.00,23.40,4,16,1000
20F6A14-3511,F6,20,4,air,panel,none,400V 3ph,none,std,52,37,50,75,65,112.5,135,88.275,67.5,44.1,31.65,23.325,180,150,117.70,90.00,58.80,42.20,31.10,4,16,1000
20F6A14-3512,F6,20,4,water,panel,none,400V 3ph,none,std,52,37,50,75,65,112.5,135,88.275,67.5,44.1,31.65,23.325,180,150,117.70,90.00,58.80,42.20,31.10,4,16,1000
20F6A14-3513,F6,20,4,air,push-through,none,400V 3ph,none,std,52,37,50,75,65,112.5,135,88.275,67.5,44.1,31.65,23.325,180,150,117.70,90.00,58.80,42.20,31.10,4,16,1000
20F6A14-3514,F6,20,4,water,push-through,none,400V 3ph,none,std,52,37,50,75,65,112.5,135,88.275,67.5,44.1,31.65,23.325,180,150,117.70,90.00,58.80,42.20,31.10,4,16,1000
20F6A14-3516,F6,20,4,water,push-through,integrated,400V 3ph,none,std,52,37,50,75,65,112.5,135,88.275,67.5,44.1,31.65,23.325,180,150,117.70,90.00,58.80,42.20,31.10,4,16,1000
20F6A14-3519,F6,20,4,water,panel,integrated,400V 3ph,none,std,52,37,50,75,65,112.5,135,88.275,67.5,44.1,31.65,23.325,180,150,117.70,90.00,58.80,42.20,31.10,4,16,1000
20F6A34-3511,F6,20,4,air,panel,none,400V 3ph,none,std,52,37,50,75,65,112.5,135,88.275,67.5,44.1,31.65,23.325,180,150,117.70,90.00,58.80,42.20,31.10,4,16,1000
20F6A34-3512,F6,20,4,water,panel,none,400V 3ph,none,std,52,37,50,75,65,112.5,135,88.275,67.5,44.1,31.65,23.325,180,150,117.70,90.00,58.80,42.20,31.10,4,16,1000
20F6A34-3513,F6,20,4,air,push-through,none,400V 3ph,none,std,52,37,50,75,65,112.5,135,88.275,67.5,44.1,31.65,23.325,180,150,117.70,90.00,58.80,42.20,31.10,4,16,1000
20F6A34-3514,F6,20,4,water,push-through,none,400V 3ph,none,std,52,37,50,75,65,112.5,135,88.275,67.5,44.1,31.65,23.325,180,150,117.70,90.00,58.80,42.20,31.10,4,16,1000
20F6A34-3516,F6,20,4,water,push-through,integrated,400V 3ph,none,std,52,37,50,75,65,112.5,135,88.275,67.5,44.1,31.65,23.325,180,150,117.70,90.00,58.80,42.20,31.10,4,16,1000
20F6A34-3519,F6,20,4,water,panel,integrated,400V 3ph,none,std,52,37,50,75,65,112.5,135,88.275,67.5,44.1,31.65,23.325,180,150,117.70,90.00,58.80,42.20,31.10,4,16,1000
20F6K14-3511,F6,20,4,air,panel,none,400V 3ph,none,std,52,37,50,75,65,112.5,135,88.275,67.5,44.1,31.65,23.325,180,150,117.70,90.00,58.80,42.20,31.10,4,16,1000
20F6K14-3512,F6,20,4,water,panel,none,400V 3ph,none,std,52,37,50,75,65,112.5,135,88.275,67.5,44.1,31.65,23.325,180,150,117.70,90.00,58.80,42.20,31.10,4,16,1000
20F6K14-3513,F6,20,4,air,push-through,none,400V 3ph,none,std,52,37,50,75,65,112.5,135,88.275,67.5,44.1,31.65,23.325,180,150,117.70,90.00,58.80,42.20,31.10,4,16,1000
20F6K14-3514,F6,20,4,water,push-through,none,400V 3ph,none,std,52,37,50,75,65,112.5,135,88.275,67.5,44.1,31.65,23.325,180,150,117.70,90.00,58.80,42.20,31.10,4,16,1000
20F6K14-3516,F6,20,4,water,push-through,integrated,400V 3ph,none,std,52,37,50,75,65,112.5,135,88.275,67.5,44.1,31.65,23.325,180,150,117.70,90.00,58.80,42.20,31.10,4,16,1000
20F6K14-3517,F6,20,4,oil,push-through,none,400V 3ph,none,std,52,37,50,75,65,112.5,135,88.275,67.5,44.1,31.65,23.325,180,150,117.70,90.00,58.80,42.20,31.10,4,16,1000
20F6K14-3519,F6,20,4,water,panel,integrated,400V 3ph,none,std,52,37,50,75,65,112.5,135,88.275,67.5,44.1,31.65,23.325,180,150,117.70,90.00,58.80,42.20,31.10,4,16,1000
20F6K14-3521,F6,20,4,air,panel,none,400V 3ph,none,std,52,37,50,75,65,112.5,135,88.275,67.5,44.1,31.65,23.325,180,150,117.70,90.00,58.80,42.20,31.10,4,16,1000
20F6K14-3522,F6,20,4,water,panel,none,400V 3ph,none,std,52,37,50,75,65,112.5,135,88.275,67.5,44.1,31.65,23.325,180,150,117.70,90.00,58.80,42.20,31.10,4,16,1000
20F6K14-3523,F6,20,4,air,push-through,none,400V 3ph,none,std,52,37,50,75,65,112.5,135,88.275,67.5,44.1,31.65,23.325,180,150,117.70,90.00,58.80,42.20,31.10,4,16,1000
20F6K14-3524,F6,20,4,water,push-through,none,400V 3ph,none,std,52,37,50,75,65,112.5,135,88.275,67.5,44.1,31.65,23.325,180,150,117.70,90.00,58.80,42.20,31.10,4,16,1000
20F6K14-3526,F6,20,4,water,push-through,integrated,400V 3ph,none,std,52,37,50,75,65,112.5,135,88.275,67.5,44.1,31.65,23.325,180,150,117.70,90.00,58.80,42.20,31.10,4,16,1000
20F6K14-3529,F6,20,4,water,panel,integrated,400V 3ph,none,std,52,37,50,75,65,112.5,135,88.275,67.5,44.1,31.65,23.325,180,150,117.70,90.00,58.80,42.20,31.10,4,16,1000
20F6P54-3501,F6,20,4,air,panel,none,400V 3ph,none,std,52,37,50,75,65,112.5,135,88.275,67.5,44.1,31.65,23.325,180,150,117.70,90.00,58.80,42.20,31.10,4,16,1000
20F6P54-3511,F6,20,4,air,panel,none,400V 3ph,none,std,52,37,50,75,65,112.5,135,88.275,67.5,44.1,31.65,23.325,180,150,117.70,90.00,58.80,42.20,31.10,4,16,1000
20F6P54-3531,F6,20,4,air,panel,none,400V 3ph,none,std,52,37,50,75,65,112.5,135,88.275,67.5,44.1,31.65,23.325,180,150,117.70,90.00,58.80,42.20,31.10,4,16,1000
20F6P54-3532,F6,20,4,water,panel,none,400V 3ph,none,std,52,37,50,75,65,112.5,135,88.275,67.5,44.1,31.65,23.325,180,150,117.70,90.00,58.80,42.20,31.10,4,16,1000
20F6P54-3533,F6,20,4,air,push-through,none,400V 3ph,none,std,52,37,50,75,65,112.5,135,88.275,67.5,44.1,31.65,23.325,180,150,117.70,90.00,58.80,42.20,31.10,4,16,1000
20F6P54-3534,F6,20,4,water,push-through,none,400V 3ph,none,std,52,37,50,75,65,112.5,135,88.275,67.5,44.1,31.65,23.325,180,150,117.70,90.00,58.80,42.20,31.10,4,16,1000
20F6P54-3536,F6,20,4,water,push-through,integrated,400V 3ph,none,std,52,37,50,75,65,112.5,135,88.275,67.5,44.1,31.65,23.325,180,150,117.70,90.00,58.80,42.20,31.10,4,16,1000
20F6P54-3539,F6,20,4,water,panel,integrated,400V 3ph,none,std,52,37,50,75,65,112.5,135,88.275,67.5,44.1,31.65,23.325,180,150,117.70,90.00,58.80,42.20,31.10,4,16,1000
20F6P54-3541,F6,20,4,air,panel,none,400V 3ph,none,std,52,37,50,75,65,112.5,135,88.275,67.5,44.1,31.65,23.325,180,150,117.70,90.00,58.80,42.20,31.10,4,16,1000
20F6P54-3542,F6,20,4,water,panel,none,400V 3ph,none,std,52,37,50,75,65,112.5,135,88.275,67.5,44.1,31.65,23.325,180,150,117.70,90.00,58.80,42.20,31.10,4,16,1000
20F6P54-3543,F6,20,4,air,push-through,none,400V 3ph,none,std,52,37,50,75,65,112.5,135,88.275,67.5,44.1,31.65,23.325,180,150,117.70,90.00,58.80,42.20,31.10,4,16,1000
20F6P54-3544,F6,20,4,water,push-through,none,400V 3ph,none,std,52,37,50,75,65,112.5,135,88.275,67.5,44.1,31.65,23.325,180,150,117.70,90.00,58.80,42.20,31.10,4,16,1000
20F6P54-3546,F6,20,4,water,push-through,integrated,400V 3ph,none,std,52,37,50,75,65,112.5,135,88.275,67.5,44.1,31.65,23.325,180,150,117.70,90.00,58.80,42.20,31.10,4,16,1000
20F6P54-3549,F6,20,4,water,panel,integrated,400V 3ph,none,std,52,37,50,75,65,112.5,135,88.275,67.5,44.1,31.65,23.325,180,150,117.70,90.00,58.80,42.20,31.10,4,16,1000
20F6P54-3551,F6,20,4,air,panel,none,400V 3ph,none,std,52,37,50,75,65,112.5,135,88.275,67.5,44.1,31.65,23.325,180,150,117.70,90.00,58.80,42.20,31.10,4,16,1000
20F6P54-3552,F6,20,4,water,panel,none,400V 3ph,none,std,52,37,50,75,65,112.5,135,88.275,67.5,44.1,31.65,23.325,180,150,117.70,90.00,58.80,42.20,31.10,4,16,1000
20F6P54-3553,F6,20,4,air,push-through,none,400V 3ph,none,std,52,37,50,75,65,112.5,135,88.275,67.5,44.1,31.65,23.325,180,150,117.70,90.00,58.80,42.20,31.10,4,16,1000
20F6P54-3554,F6,20,4,water,push-through,none,400V 3ph,none,std,52,37,50,75,65,112.5,135,88.275,67.5,44.1,31.65,23.325,180,150,117.70,90.00,58.80,42.20,31.10,4,16,1000
20F6P54-3556,F6,20,4,water,push-through,integrated,400V 3ph,none,std,52,37,50,75,65,112.5,135,88.275,67.5,44.1,31.65,23.325,180,150,117.70,90.00,58.80,42.20,31.10,4,16,1000
20F6P54-3559,F6,20,4,water,panel,integrated,400V 3ph,none,std,52,37,50,75,65,112.5,135,88.275,67.5,44.1,31.65,23.325,180,150,117.70,90.00,58.80,42.20,31.10,4,16,1000
21F6A14-3411,F6,21,4,air,panel,none,400V 3ph,none,std,62,45,60,90,77,135,162,105.93,81,52.92,37.98,27.99,180,150,117.70,90.00,58.80,42.20,31.10,2,16,1000
21F6A14-3412,F6,21,4,water,panel,none,400V 3ph,none,std,62,45,60,90,77,135,162,105.93,81,52.92,37.98,27.99,180,150,117.70,90.00,58.80,42.20,31.10,2,16,1000
21F6A14-3413,F6,21,4,air,push-through,none,400V 3ph,none,std,62,45,60,90,77,135,162,105.93,81,52.92,37.98,27.99,180,150,117.70,90.00,58.80,42.20,31.10,2,16,1000
21F6A14-3414,F6,21,4,water,push-through,none,400V 3ph,none,std,62,45,60,90,77,135,162,105.93,81,52.92,37.98,27.99,180,150,117.70,90.00,58.80,42.20,31.10,2,16,1000
21F6A14-3416,F6,21,4,water,push-through,integrated,400V 3ph,none,std,62,45,60,90,77,135,162,105.93,81,52.92,37.98,27.99,180,150,117.70,90.00,58.80,42.20,31.10,2,16,1000
21F6A14-3419,F6,21,4,water,panel,integrated,400V 3ph,none,std,62,45,60,90,77,135,162,105.93,81,52.92,37.98,27.99,180,150,117.70,90.00,58.80,42.20,31.10,2,16,1000
21F6A34-3411,F6,21,4,air,panel,none,400V 3ph,none,std,62,45,60,90,77,135,162,105.93,81,52.92,37.98,27.99,180,150,117.70,90.00,58.80,42.20,31.10,2,16,1000
21F6A34-3412,F6,21,4,water,panel,none,400V 3ph,none,std,62,45,60,90,77,135,162,105.93,81,52.92,37.98,27.99,180,150,117.70,90.00,58.80,42.20,31.10,2,16,1000
21F6A34-3413,F6,21,4,air,push-through,none,400V 3ph,none,std,62,45,60,90,77,135,162,105.93,81,52.92,37.98,27.99,180,150,117.70,90.00,58.80,42.20,31.10,2,16,1000
21F6A34-3414,F6,21,4,water,push-through,none,400V 3ph,none,std,62,45,60,90,77,135,162,105.93,81,52.92,37.98,27.99,180,150,117.70,90.00,58.80,42.20,31.10,2,16,1000
21F6A34-3416,F6,21,4,water,push-through,integrated,400V 3ph,none,std,62,45,60,90,77,135,162,105.93,81,52.92,37.98,27.99,180,150,117.70,90.00,58.80,42.20,31.10,2,16,1000
21F6A34-3419,F6,21,4,water,panel,integrated,400V 3ph,none,std,62,45,60,90,77,135,162,105.93,81,52.92,37.98,27.99,180,150,117.70,90.00,58.80,42.20,31.10,2,16,1000
21F6A34-34B1,F6,21,4,air,panel,none,400V 3ph,none,std,62,45,60,90,77,135,162,105.93,81,52.92,37.98,27.99,180,150,117.70,90.00,58.80,42.20,31.10,2,16,1000
21F6K14-3411,F6,21,4,air,panel,none,400V 3ph,none,std,62,45,60,90,77,135,162,105.93,81,52.92,37.98,27.99,180,150,117.70,90.00,58.80,42.20,31.10,2,16,1000
21F6K14-3412,F6,21,4,water,panel,none,400V 3ph,none,std,62,45,60,90,77,135,162,105.93,81,52.92,37.98,27.99,180,150,117.70,90.00,58.80,42.20,31.10,2,16,1000
21F6K14-3413,F6,21,4,air,push-through,none,400V 3ph,none,std,62,45,60,90,77,135,162,105.93,81,52.92,37.98,27.99,180,150,117.70,90.00,58.80,42.20,31.10,2,16,1000
21F6K14-3414,F6,21,4,water,push-through,none,400V 3ph,none,std,62,45,60,90,77,135,162,105.93,81,52.92,37.98,27.99,180,150,117.70,90.00,58.80,42.20,31.10,2,16,1000
21F6K14-3416,F6,21,4,water,push-through,integrated,400V 3ph,none,std,62,45,60,90,77,135,162,105.93,81,52.92,37.98,27.99,180,150,117.70,90.00,58.80,42.20,31.10,2,16,1000
21F6K14-3419,F6,21,4,water,panel,integrated,400V 3ph,none,std,62,45,60,90,77,135,162,105.93,81,52.92,37.98,27.99,180,150,117.70,90.00,58.80,42.20,31.10,2,16,1000
21F6K14-3421,F6,21,4,air,panel,none,400V 3ph,none,std,62,45,60,90,77,135,162,105.93,81,52.92,37.98,27.99,180,150,117.70,90.00,58.80,42.20,31.10,2,16,1000
21F6K14-3422,F6,21,4,water,panel,none,400V 3ph,none,std,62,45,60,90,77,135,162,105.93,81,52.92,37.98,27.99,180,150,117.70,90.00,58.80,42.20,31.10,2,16,1000
21F6K14-3423,F6,21,4,air,push-through,none,400V 3ph,none,std,62,45,60,90,77,135,162,105.93,81,52.92,37.98,27.99,180,150,117.70,90.00,58.80,42.20,31.10,2,16,1000
21F6K14-3424,F6,21,4,water,push-through,none,400V 3ph,none,std,62,45,60,90,77,135,162,105.93,81,52.92,37.98,27.99,180,150,117.70,90.00,58.80,42.20,31.10,2,16,1000
21F6K14-3426,F6,21,4,water,push-through,integrated,400V 3ph,none,std,62,45,60,90,77,135,162,105.93,81,52.92,37.98,27.99,180,150,117.70,90.00,58.80,42.20,31.10,2,16,1000
21F6K14-3429,F6,21,4,water,panel,integrated,400V 3ph,none,std,62,45,60,90,77,135,162,105.93,81,52.92,37.98,27.99,180,150,117.70,90.00,58.80,42.20,31.10,2,16,1000
21F6P54-3431,F6,21,4,air,panel,none,400V 3ph,none,std,62,45,60,90,77,135,162,105.93,81,52.92,37.98,27.99,180,150,117.70,90.00,58.80,42.20,31.10,2,16,1000
21F6P54-3432,F6,21,4,water,panel,none,400V 3ph,none,std,62,45,60,90,77,135,162,105.93,81,52.92,37.98,27.99,180,150,117.70,90.00,58.80,42.20,31.10,2,16,1000
21F6P54-3433,F6,21,4,air,push-through,none,400V 3ph,none,std,62,45,60,90,77,135,162,105.93,81,52.92,37.98,27.99,180,150,117.70,90.00,58.80,42.20,31.10,2,16,1000
21F6P54-3434,F6,21,4,water,push-through,none,400V 3ph,none,std,62,45,60,90,77,135,162,105.93,81,52.92,37.98,27.99,180,150,117.70,90.00,58.80,42.20,31.10,2,16,1000
21F6P54-3436,F6,21,4,water,push-through,integrated,400V 3ph,none,std,62,45,60,90,77,135,162,105.93,81,52.92,37.98,27.99,180,150,117.70,90.00,58.80,42.20,31.10,2,16,1000
21F6P54-3439,F6,21,4,water,panel,integrated,400V 3ph,none,std,62,45,60,90,77,135,162,105.93,81,52.92,37.98,27.99,180,150,117.70,90.00,58.80,42.20,31.10,2,16,1000
21F6P54-3441,F6,21,4,air,panel,none,400V 3ph,none,std,62,45,60,90,77,135,162,105.93,81,52.92,37.98,27.99,180,150,117.70,90.00,58.80,42.20,31.10,2,16,1000
21F6P54-3442,F6,21,4,water,panel,none,400V 3ph,none,std,62,45,60,90,77,135,162,105.93,81,52.92,37.98,27.99,180,150,117.70,90.00,58.80,42.20,31.10,2,16,1000
21F6P54-3443,F6,21,4,air,push-through,none,400V 3ph,none,std,62,45,60,90,77,135,162,105.93,81,52.92,37.98,27.99,180,150,117.70,90.00,58.80,42.20,31.10,2,16,1000
21F6P54-3444,F6,21,4,water,push-through,none,400V 3ph,none,std,62,45,60,90,77,135,162,105.93,81,52.92,37.98,27.99,180,150,117.70,90.00,58.80,42.20,31.10,2,16,1000
21F6P54-3446,F6,21,4,water,push-through,integrated,400V 3ph,none,std,62,45,60,90,77,135,162,105.93,81,52.92,37.98,27.99,180,150,117.70,90.00,58.80,42.20,31.10,2,16,1000
21F6P54-3449,F6,21,4,water,panel,integrated,400V 3ph,none,std,62,45,60,90,77,135,162,105.93,81,52.92,37.98,27.99,180,150,117.70,90.00,58.80,42.20,31.10,2,16,1000
21F6P54-3451,F6,21,4,air,panel,none,400V 3ph,none,std,62,45,60,90,77,135,162,105.93,81,52.92,37.98,27.99,180,150,117.70,90.00,58.80,42.20,31.10,2,16,1000
21F6P54-3452,F6,21,4,water,panel,none,400V 3ph,none,std,62,45,60,90,77,135,162,105.93,81,52.92,37.98,27.99,180,150,117.70,90.00,58.80,42.20,31.10,2,16,1000
21F6P54-3453,F6,21,4,air,push-through,none,400V 3ph,none,std,62,45,60,90,77,135,162,105.93,81,52.92,37.98,27.99,180,150,117.70,90.00,58.80,42.20,31.10,2,16,1000
21F6P54-3454,F6,21,4,water,push-through,none,400V 3ph,none,std,62,45,60,90,77,135,162,105.93,81,52.92,37.98,27.99,180,150,117.70,90.00,58.80,42.20,31.10,2,16,1000
21F6P54-3456,F6,21,4,water,push-through,integrated,400V 3ph,none,std,62,45,60,90,77,135,162,105.93,81,52.92,37.98,27.99,180,150,117.70,90.00,58.80,42.20,31.10,2,16,1000
21F6P54-3459,F6,21,4,water,panel,integrated,400V 3ph,none,std,62,45,60,90,77,135,162,105.93,81,52.92,37.98,27.99,180,150,117.70,90.00,58.80,42.20,31.10,2,16,1000
22F6A14-3411,F6,22,4,air,panel,none,400V 3ph,none,std,76,55,75,110,96,165,198,117.59,87.01,54.45,36.3,25.74,180,150,106.90,79.10,49.50,33.00,23.40,2,16,1000
22F6A14-3412,F6,22,4,water,panel,none,400V 3ph,none,std,76,55,75,110,96,165,198,117.59,87.01,54.45,36.3,25.74,180,150,106.90,79.10,49.50,33.00,23.40,2,16,1000
22F6A14-3413,F6,22,4,air,push-through,none,400V 3ph,none,std,76,55,75,110,96,165,198,117.59,87.01,54.45,36.3,25.74,180,150,106.90,79.10,49.50,33.00,23.40,2,16,1000
22F6A14-3414,F6,22,4,water,push-through,none,400V 3ph,none,std,76,55,75,110,96,165,198,117.59,87.01,54.45,36.3,25.74,180,150,106.90,79.10,49.50,33.00,23.40,2,16,1000
22F6A14-3416,F6,22,4,water,push-through,integrated,400V 3ph,none,std,76,55,75,110,96,165,198,117.59,87.01,54.45,36.3,25.74,180,150,106.90,79.10,49.50,33.00,23.40,2,16,1000
22F6A14-3419,F6,22,4,water,panel,integrated,400V 3ph,none,std,76,55,75,110,96,165,198,117.59,87.01,54.45,36.3,25.74,180,150,106.90,79.10,49.50,33.00,23.40,2,16,1000
22F6A34-3411,F6,22,4,air,panel,none,400V 3ph,none,std,76,55,75,110,96,165,198,117.59,87.01,54.45,36.3,25.74,180,150,106.90,79.10,49.50,33.00,23.40,2,16,1000
22F6A34-3412,F6,22,4,water,panel,none,400V 3ph,none,std,76,55,75,110,96,165,198,117.59,87.01,54.45,36.3,25.74,180,150,106.90,79.10,49.50,33.00,23.40,2,16,1000
22F6A34-3413,F6,22,4,air,push-through,none,400V 3ph,none,std,76,55,75,110,96,165,198,117.59,87.01,54.45,36.3,25.74,180,150,106.90,79.10,49.50,33.00,23.40,2,16,1000
22F6A34-3414,F6,22,4,water,push-through,none,400V 3ph,none,std,76,55,75,110,96,165,198,117.59,87.01,54.45,36.3,25.74,180,150,106.90,79.10,49.50,33.00,23.40,2,16,1000
22F6A34-3416,F6,22,4,water,push-through,integrated,400V 3ph,none,std,76,55,75,110,96,165,198,117.59,87.01,54.45,36.3,25.74,180,150,106.90,79.10,49.50,33.00,23.40,2,16,1000
22F6A34-3419,F6,22,4,water,panel,integrated,400V 3ph,none,std,76,55,75,110,96,165,198,117.59,87.01,54.45,36.3,25.74,180,150,106.90,79.10,49.50,33.00,23.40,2,16,1000
22F6A34-34B1,F6,22,4,air,panel,none,400V 3ph,none,std,76,55,75,110,96,165,198,117.59,87.01,54.45,36.3,25.74,180,150,106.90,79.10,49.50,33.00,23.40,2,16,1000
22F6K14-3411,F6,22,4,air,panel,none,400V 3ph,none,std,76,55,75,110,96,165,198,117.59,87.01,54.45,36.3,25.74,180,150,106.90,79.10,49.50,33.00,23.40,2,16,1000
22F6K14-3412,F6,22,4,water,panel,none,400V 3ph,none,std,76,55,75,110,96,165,198,117.59,87.01,54.45,36.3,25.74,180,150,106.90,79.10,49.50,33.00,23.40,2,16,1000
22F6K14-3413,F6,22,4,air,push-through,none,400V 3ph,none,std,76,55,75,110,96,165,198,117.59,87.01,54.45,36.3,25.74,180,150,106.90,79.10,49.50,33.00,23.40,2,16,1000
22F6K14-3414,F6,22,4,water,push-through,none,400V 3ph,none,std,76,55,75,110,96,165,198,117.59,87.01,54.45,36.3,25.74,180,150,106.90,79.10,49.50,33.00,23.40,2,16,1000
22F6K14-3416,F6,22,4,water,push-through,integrated,400V 3ph,none,std,76,55,75,110,96,165,198,117.59,87.01,54.45,36.3,25.74,180,150,106.90,79.10,49.50,33.00,23.40,2,16,1000
22F6K14-3419,F6,22,4,water,panel,integrated,400V 3ph,none,std,76,55,75,110,96,165,198,117.59,87.01,54.45,36.3,25.74,180,150,106.90,79.10,49.50,33.00,23.40,2,16,1000
22F6K14-3421,F6,22,4,air,panel,none,400V 3ph,none,std,76,55,75,110,96,165,198,117.59,87.01,54.45,36.3,25.74,180,150,106.90,79.10,49.50,33.00,23.40,2,16,1000
22F6K14-3422,F6,22,4,water,panel,none,400V 3ph,none,std,76,55,75,110,96,165,198,117.59,87.01,54.45,36.3,25.74,180,150,106.90,79.10,49.50,33.00,23.40,2,16,1000
22F6K14-3423,F6,22,4,air,push-through,none,400V 3ph,none,std,76,55,75,110,96,165,198,117.59,87.01,54.45,36.3,25.74,180,150,106.90,79.10,49.50,33.00,23.40,2,16,1000
22F6K14-3424,F6,22,4,water,push-through,none,400V 3ph,none,std,76,55,75,110,96,165,198,117.59,87.01,54.45,36.3,25.74,180,150,106.90,79.10,49.50,33.00,23.40,2,16,1000
22F6K14-3426,F6,22,4,water,push-through,integrated,400V 3ph,none,std,76,55,75,110,96,165,198,117.59,87.01,54.45,36.3,25.74,180,150,106.90,79.10,49.50,33.00,23.40,2,16,1000
22F6K14-3429,F6,22,4,water,panel,integrated,400V 3ph,none,std,76,55,75,110,96,165,198,117.59,87.01,54.45,36.3,25.74,180,150,106.90,79.10,49.50,33.00,23.40,2,16,1000
22F6P54-3411,F6,22,4,air,panel,none,400V 3ph,none,std,76,55,75,110,96,165,198,117.59,87.01,54.45,36.3,25.74,180,150,106.90,79.10,49.50,33.00,23.40,2,16,1000
22F6P54-3431,F6,22,4,air,panel,none,400V 3ph,none,std,76,55,75,110,96,165,198,117.59,87.01,54.45,36.3,25.74,180,150,106.90,79.10,49.50,33.00,23.40,2,16,1000
22F6P54-3432,F6,22,4,water,panel,none,400V 3ph,none,std,76,55,75,110,96,165,198,117.59,87.01,54.45,36.3,25.74,180,150,106.90,79.10,49.50,33.00,23.40,2,16,1000
22F6P54-3433,F6,22,4,air,push-through,none,400V 3ph,none,std,76,55,75,110,96,165,198,117.59,87.01,54.45,36.3,25.74,180,150,106.90,79.10,49.50,33.00,23.40,2,16,1000
22F6P54-3434,F6,22,4,water,push-through,none,400V 3ph,none,std,76,55,75,110,96,165,198,117.59,87.01,54.45,36.3,25.74,180,150,106.90,79.10,49.50,33.00,23.40,2,16,1000
22F6P54-3436,F6,22,4,water,push-through,integrated,400V 3ph,none,std,76,55,75,110,96,165,198,117.59,87.01,54.45,36.3,25.74,180,150,106.90,79.10,49.50,33.00,23.40,2,16,1000
22F6P54-3439,F6,22,4,water,panel,integrated,400V 3ph,none,std,76,55,75,110,96,165,198,117.59,87.01,54.45,36.3,25.74,180,150,106.90,79.10,49.50,33.00,23.40,2,16,1000
22F6P54-3441,F6,22,4,air,panel,none,400V 3ph,none,std,76,55,75,110,96,165,198,117.59,87.01,54.45,36.3,25.74,180,150,106.90,79.10,49.50,33.00,23.40,2,16,1000
22F6P54-3442,F6,22,4,water,panel,none,400V 3ph,none,std,76,55,75,110,96,165,198,117.59,87.01,54.45,36.3,25.74,180,150,106.90,79.10,49.50,33.00,23.40,2,16,1000
22F6P54-3443,F6,22,4,air,push-through,none,400V 3ph,none,std,76,55,75,110,96,165,198,117.59,87.01,54.45,36.3,25.74,180,150,106.90,79.10,49.50,33.00,23.40,2,16,1000
22F6P54-3444,F6,22,4,water,push-through,none,400V 3ph,none,std,76,55,75,110,96,165,198,117.59,87.01,54.45,36.3,25.74,180,150,106.90,79.10,49.50,33.00,23.40,2,16,1000
22F6P54-3446,F6,22,4,water,push-through,integrated,400V 3ph,none,std,76,55,75,110,96,165,198,117.59,87.01,54.45,36.3,25.74,180,150,106.90,79.10,49.50,33.00,23.40,2,16,1000
22F6P54-3449,F6,22,4,water,panel,integrated,400V 3ph,none,std,76,55,75,110,96,165,198,117.59,87.01,54.45,36.3,25.74,180,150,106.90,79.10,49.50,33.00,23.40,2,16,1000
22F6P54-3451,F6,22,4,air,panel,none,400V 3ph,none,std,76,55,75,110,96,165,198,117.59,87.01,54.45,36.3,25.74,180,150,106.90,79.10,49.50,33.00,23.40,2,16,1000
22F6P54-3452,F6,22,4,water,panel,none,400V 3ph,none,std,76,55,75,110,96,165,198,117.59,87.01,54.45,36.3,25.74,180,150,106.90,79.10,49.50,33.00,23.40,2,16,1000
22F6P54-3453,F6,22,4,air,push-through,none,400V 3ph,none,std,76,55,75,110,96,165,198,117.59,87.01,54.45,36.3,25.74,180,150,106.90,79.10,49.50,33.00,23.40,2,16,1000
22F6P54-3454,F6,22,4,water,push-through,none,400V 3ph,none,std,76,55,75,110,96,165,198,117.59,87.01,54.45,36.3,25.74,180,150,106.90,79.10,49.50,33.00,23.40,2,16,1000
22F6P54-3456,F6,22,4,water,push-through,integrated,400V 3ph,none,std,76,55,75,110,96,165,198,117.59,87.01,54.45,36.3,25.74,180,150,106.90,79.10,49.50,33.00,23.40,2,16,1000
22F6P54-3459,F6,22,4,water,panel,integrated,400V 3ph,none,std,76,55,75,110,96,165,198,117.59,87.01,54.45,36.3,25.74,180,150,106.90,79.10,49.50,33.00,23.40,2,16,1000
CLF6164-2000,F6,16,4,air,panel,none,230V 3ph,none,std,25,15,20,62,62,124,161.2,86.8,73.7118,57.1764,45.4646,37.8882,260,200,140.00,118.89,92.22,73.33,61.11,8,16,1000
CLF6184-4000,F6,18,4,air,panel,none,400V 3ph,none,std,35,22,30,50,40,80,120,58.85,45,29.4,21.1,15.55,240,160,117.70,90.00,58.80,42.20,31.10,4,16,1000
CLF6194-4000,F6,19,4,air,panel,none,400V 3ph,none,std,42,30,40,60,54,120,162,64.14,47.46,29.7,19.8,14.04,270,200,106.90,79.10,49.50,33.00,23.40,4,16,1000
18F6P56-1D31,F6,18,6,air,panel,none,230V 3ph,none,std,36,22,30,90,90,180,270,111.6,101.97,83.97,72,55.17,300,200,124.00,113.30,93.30,80.00,61.30,8,16,3000
19F6A16-1611,F6,19,6,air,panel,none,230V 3ph,none,std,46,30,40,115,115,172.5,207,142.6,130.295,107.295,92,70.495,180,150,124.00,113.30,93.30,80.00,61.30,8,16,3000
19F6A16-1613,F6,19,6,air,push-through,none,230V 3ph,none,std,46,30,40,115,115,172.5,207,142.6,130.295,107.295,92,70.495,180,150,124.00,113.30,93.30,80.00,61.30,8,16,3000
19F6A16-2611,F6,19,6,air,panel,none,230V 3ph,none,none,46,30,40,115,115,172.5,207,142.6,130.295,107.295,92,70.495,180,150,124.00,113.30,93.30,80.00,61.30,8,16,3000
19F6A16-2613,F6,19,6,air,push-through,none,230V 3ph,none,none,46,30,40,115,115,172.5,207,142.6,130.295,107.295,92,70.495,180,150,124.00,113.30,93.30,80.00,61.30,8,16,3000
19F6A36-1611,F6,19,6,air,panel,none,230V 3ph,none,std,46,30,40,115,115,172.5,207,142.6,130.295,107.295,92,70.495,180,150,124.00,113.30,93.30,80.00,61.30,8,16,3000
19F6A36-1613,F6,19,6,air,push-through,none,230V 3ph,none,std,46,30,40,115,115,172.5,207,142.6,130.295,107.295,92,70.495,180,150,124.00,113.30,93.30,80.00,61.30,8,16,3000
19F6A36-2611,F6,19,6,air,panel,none,230V 3ph,none,none,46,30,40,115,115,172.5,207,142.6,130.295,107.295,92,70.495,180,150,124.00,113.30,93.30,80.00,61.30,8,16,3000
19F6A36-2613,F6,19,6,air,push-through,none,230V 3ph,none,none,46,30,40,115,115,172.5,207,142.6,130.295,107.295,92,70.495,180,150,124.00,113.30,93.30,80.00,61.30,8,16,3000
19F6K16-1611,F6,19,6,air,panel,none,230V 3ph,none,std,46,30,40,115,115,172.5,207,142.6,130.295,107.295,92,70.495,180,150,124.00,113.30,93.30,80.00,61.30,8,16,3000
19F6K16-1613,F6,19,6,air,push-through,none,230V 3ph,none,std,46,30,40,115,115,172.5,207,142.6,130.295,107.295,92,70.495,180,150,124.00,113.30,93.30,80.00,61.30,8,16,3000
19F6K16-1621,F6,19,6,air,panel,none,230V 3ph,none,std,46,30,40,115,115,172.5,207,142.6,130.295,107.295,92,70.495,180,150,124.00,113.30,93.30,80.00,61.30,8,16,3000
19F6K16-1623,F6,19,6,air,push-through,none,230V 3ph,none,std,46,30,40,115,115,172.5,207,142.6,130.295,107.295,92,70.495,180,150,124.00,113.30,93.30,80.00,61.30,8,16,3000
19F6K16-2611,F6,19,6,air,panel,none,230V 3ph,none,none,46,30,40,115,115,172.5,207,142.6,130.295,107.295,92,70.495,180,150,124.00,113.30,93.30,80.00,61.30,8,16,3000
19F6K16-2613,F6,19,6,air,push-through,none,230V 3ph,none,none,46,30,40,115,115,172.5,207,142.6,130.295,107.295,92,70.495,180,150,124.00,113.30,93.30,80.00,61.30,8,16,3000
19F6K16-2621,F6,19,6,air,panel,none,230V 3ph,none,none,46,30,40,115,115,172.5,207,142.6,130.295,107.295,92,70.495,180,150,124.00,113.30,93.30,80.00,61.30,8,16,3000
19F6K16-2623,F6,19,6,air,push-through,none,230V 3ph,none,none,46,30,40,115,115,172.5,207,142.6,130.295,107.295,92,70.495,180,150,124.00,113.30,93.30,80.00,61.30,8,16,3000
19F6P56-1641,F6,19,6,air,panel,none,230V 3ph,none,std,46,30,40,115,115,172.5,207,142.6,130.295,107.295,92,70.495,180,150,124.00,113.30,93.30,80.00,61.30,8,16,3000
19F6P56-1643,F6,19,6,air,push-through,none,230V 3ph,none,std,46,30,40,115,115,172.5,207,142.6,130.295,107.295,92,70.495,180,150,124.00,113.30,93.30,80.00,61.30,8,16,3000
19F6P56-1651,F6,19,6,air,panel,none,230V 3ph,none,std,46,30,40,115,115,172.5,207,142.6,130.295,107.295,92,70.495,180,150,124.00,113.30,93.30,80.00,61.30,8,16,3000
19F6P56-1653,F6,19,6,air,push-through,none,230V 3ph,none,std,46,30,40,115,115,172.5,207,142.6,130.295,107.295,92,70.495,180,150,124.00,113.30,93.30,80.00,61.30,8,16,3000
19F6P56-1D31,F6,19,6,air,panel,none,230V 3ph,none,std,46,30,40,115,115,230,316.25,276,232.415,167.21,124.545,96.485,275,200,240.00,202.10,145.40,108.30,83.90,8,16,3000
19F6P56-2641,F6,19,6,air,panel,none,230V 3ph,none,none,46,30,40,115,115,172.5,207,142.6,130.295,107.295,92,70.495,180,150,124.00,113.30,93.30,80.00,61.30,8,16,3000
19F6P56-2643,F6,19,6,air,push-through,none,230V 3ph,none,none,46,30,40,115,115,172.5,207,142.6,130.295,107.295,92,70.495,180,150,124.00,113.30,93.30,80.00,61.30,8,16,3000
19F6P56-2651,F6,19,6,air,panel,none,230V 3ph,none,none,46,30,40,115,115,172.5,207,142.6,130.295,107.295,92,70.495,180,150,124.00,113.30,93.30,80.00,61.30,8,16,3000
19F6P56-2653,F6,19,6,air,push-through,none,230V 3ph,none,none,46,30,40,115,115,172.5,207,142.6,130.295,107.295,92,70.495,180,150,124.00,113.30,93.30,80.00,61.30,8,16,3000
20F6A16-1511,F6,20,6,air,panel,none,230V 3ph,none,std,58,37,50,145,145,217.5,261,179.8,164.285,135.285,116,88.885,180,150,124.00,113.30,93.30,80.00,61.30,4,16,3000
20F6A16-1513,F6,20,6,air,push-through,none,230V 3ph,none,std,58,37,50,145,145,217.5,261,179.8,164.285,135.285,116,88.885,180,150,124.00,113.30,93.30,80.00,61.30,4,16,3000
20F6A16-2511,F6,20,6,air,panel,none,230V 3ph,none,none,58,37,50,145,145,217.5,261,179.8,164.285,135.285,116,88.885,180,150,124.00,113.30,93.30,80.00,61.30,4,16,3000
20F6A16-2513,F6,20,6,air,push-through,none,230V 3ph,none,none,58,37,50,145,145,217.5,261,179.8,164.285,135.285,116,88.885,180,150,124.00,113.30,93.30,80.00,61.30,4,16,3000
20F6A36-1511,F6,20,6,air,panel,none,230V 3ph,none,std,58,37,50,145,145,217.5,261,179.8,164.285,135.285,116,88.885,180,150,124.00,113.30,93.30,80.00,61.30,4,16,3000
20F6A36-1513,F6,20,6,air,push-through,none,230V 3ph,none,std,58,37,50,145,145,217.5,261,179.8,164.285,135.285,116,88.885,180,150,124.00,113.30,93.30,80.00,61.30,4,16,3000
20F6A36-2511,F6,20,6,air,panel,none,230V 3ph,none,none,58,37,50,145,145,217.5,261,179.8,164.285,135.285,116,88.885,180,150,124.00,113.30,93.30,80.00,61.30,4,16,3000
20F6A36-2513,F6,20,6,air,push-through,none,230V 3ph,none,none,58,37,50,145,145,217.5,261,179.8,164.285,135.285,116,88.885,180,150,124.00,113.30,93.30,80.00,61.30,4,16,3000
20F6K16-1511,F6,20,6,air,panel,none,230V 3ph,none,std,58,37,50,145,145,217.5,261,179.8,164.285,135.285,116,88.885,180,150,124.00,113.30,93.30,80.00,61.30,4,16,3000
20F6K16-1513,F6,20,6,air,push-through,none,230V 3ph,none,std,58,37,50,145,145,217.5,261,179.8,164.285,135.285,116,88.885,180,150,124.00,113.30,93.30,80.00,61.30,4,16,3000
20F6K16-1521,F6,20,6,air,panel,none,230V 3ph,none,std,58,37,50,145,145,217.5,261,179.8,164.285,135.285,116,88.885,180,150,124.00,113.30,93.30,80.00,61.30,4,16,3000
20F6K16-1523,F6,20,6,air,push-through,none,230V 3ph,none,std,58,37,50,145,145,217.5,261,179.8,164.285,135.285,116,88.885,180,150,124.00,113.30,93.30,80.00,61.30,4,16,3000
20F6P56-1541,F6,20,6,air,panel,none,230V 3ph,none,std,58,37,50,145,145,217.5,261,179.8,164.285,135.285,116,88.885,180,150,124.00,113.30,93.30,80.00,61.30,4,16,3000
20F6P56-1543,F6,20,6,air,push-through,none,230V 3ph,none,std,58,37,50,145,145,217.5,261,179.8,164.285,135.285,116,88.885,180,150,124.00,113.30,93.30,80.00,61.30,4,16,3000
20F6P56-1551,F6,20,6,air,panel,none,230V 3ph,none,std,58,37,50,145,145,217.5,261,179.8,164.285,135.285,116,88.885,180,150,124.00,113.30,93.30,80.00,61.30,4,16,3000
20F6P56-1553,F6,20,6,air,push-through,none,230V 3ph,none,std,58,37,50,145,145,217.5,261,179.8,164.285,135.285,116,88.885,180,150,124.00,113.30,93.30,80.00,61.30,4,16,3000
20F6P56-2541,F6,20,6,air,panel,none,230V 3ph,none,none,58,37,50,145,145,217.5,261,179.8,164.285,135.285,116,88.885,180,150,124.00,113.30,93.30,80.00,61.30,4,16,3000
20F6P56-2543,F6,20,6,air,push-through,none,230V 3ph,none,none,58,37,50,145,145,217.5,261,179.8,164.285,135.285,116,88.885,180,150,124.00,113.30,93.30,80.00,61.30,4,16,3000
20F6P56-2551,F6,20,6,air,panel,none,230V 3ph,none,none,58,37,50,145,145,217.5,261,179.8,164.285,135.285,116,88.885,180,150,124.00,113.30,93.30,80.00,61.30,4,16,3000
20F6P56-2553,F6,20,6,air,push-through,none,230V 3ph,none,none,58,37,50,145,145,217.5,261,179.8,164.285,135.285,116,88.885,180,150,124.00,113.30,93.30,80.00,61.30,4,16,3000
21F6A16-1411,F6,21,6,air,panel,none,230V 3ph,none,std,70,45,60,175,175,262.5,315,304.5,269.5,211.1725,154,112,180,150,174.00,154.00,120.67,88.00,64.00,2,16,3000
21F6A16-1413,F6,21,6,air,push-through,none,230V 3ph,none,std,70,45,60,175,175,262.5,315,304.5,269.5,211.1725,154,112,180,150,174.00,154.00,120.67,88.00,64.00,2,16,3000
21F6A16-2411,F6,21,6,air,panel,none,230V 3ph,none,none,70,45,60,175,175,262.5,315,304.5,269.5,211.1725,154,112,180,150,174.00,154.00,120.67,88.00,64.00,2,16,3000
21F6A16-2413,F6,21,6,air,push-through,none,230V 3ph,none,none,70,45,60,175,175,262.5,315,304.5,269.5,211.1725,154,112,180,150,174.00,154.00,120.67,88.00,64.00,2,16,3000
21F6A16-3611,F6,21,6,air,panel,none,400V 3ph,none,std,62,45,60,90,77,135,162,138.6,108.54,72,46.8,29.97,180,150,154.00,120.60,80.00,52.00,33.30,8,16,3000
21F6A16-3612,F6,21,6,water,panel,none,400V 3ph,none,std,62,45,60,90,77,135,162,138.6,108.54,72,46.8,29.97,180,150,154.00,120.60,80.00,52.00,33.30,8,16,3000
21F6A16-3613,F6,21,6,air,push-through,none,400V 3ph,none,std,62,45,60,90,77,135,162,138.6,108.54,72,46.8,29.97,180,150,154.00,120.60,80.00,52.00,33.30,8,16,3000
21F6A16-3614,F6,21,6,water,push-through,none,400V 3ph,none,std,62,45,60,90,77,135,162,138.6,108.54,72,46.8,29.97,180,150,154.00,120.60,80.00,52.00,33.30,8,16,3000
21F6A16-3616,F6,21,6,water,push-through,integrated,400V 3ph,none,std,62,45,60,90,77,135,162,138.6,108.54,72,46.8,29.97,180,150,154.00,120.60,80.00,52.00,33.30,8,16,3000
21F6A16-3617,F6,21,6,oil,push-through,none,400V 3ph,none,std,62,45,60,90,77,135,162,138.6,108.54,72,46.8,29.97,180,150,154.00,120.60,80.00,52.00,33.30,8,16,3000
21F6A16-3619,F6,21,6,water,panel,integrated,400V 3ph,none,std,62,45,60,90,77,135,162,138.6,108.54,72,46.8,29.97,180,150,154.00,120.60,80.00,52.00,33.30,8,16,3000
21F6A16-4611,F6,21,6,air,panel,none,400V 3ph,none,none,62,45,60,90,77,135,162,138.6,108.54,72,46.8,29.97,180,150,154.00,120.60,80.00,52.00,33.30,8,16,3000
21F6A16-4612,F6,21,6,water,panel,none,400V 3ph,none,none,62,45,60,90,77,135,162,138.6,108.54,72,46.8,29.97,180,150,154.00,120.60,80.00,52.00,33.30,8,16,3000
21F6A16-4613,F6,21,6,air,push-through,none,400V 3ph,none,none,62,45,60,90,77,135,162,138.6,108.54,72,46.8,29.97,180,150,154.00,120.60,80.00,52.00,33.30,8,16,3000
21F6A16-4614,F6,21,6,water,push-through,none,400V 3ph,none,none,62,45,60,90,77,135,162,138.6,108.54,72,46.8,29.97,180,150,154.00,120.60,80.00,52.00,33.30,8,16,3000
21F6A16-A611,F6,21,6,air,panel,none,400V 3ph,none,std,62,45,60,90,77,135,162,138.6,108.54,72,46.8,29.97,180,150,154.00,120.60,80.00,52.00,33.30,8,16,3000
21F6A16-A612,F6,21,6,water,panel,none,400V 3ph,none,std,62,45,60,90,77,135,162,138.6,108.54,72,46.8,29.97,180,150,154.00,120.60,80.00,52.00,33.30,8,16,3000
21F6A16-A613,F6,21,6,air,push-through,none,400V 3ph,none,std,62,45,60,90,77,135,162,138.6,108.54,72,46.8,29.97,180,150,154.00,120.60,80.00,52.00,33.30,8,16,3000
21F6A16-A614,F6,21,6,water,push-through,none,400V 3ph,none,std,62,45,60,90,77,135,162,138.6,108.54,72,46.8,29.97,180,150,154.00,120.60,80.00,52.00,33.30,8,16,3000
21F6A16-A616,F6,21,6,water,push-through,integrated,400V 3ph,none,std,62,45,60,90,77,135,162,138.6,108.54,72,46.8,29.97,180,150,154.00,120.60,80.00,52.00,33.30,8,16,3000
21F6A16-A619,F6,21,6,water,panel,integrated,400V 3ph,none,std,62,45,60,90,77,135,162,138.6,108.54,72,46.8,29.97,180,150,154.00,120.60,80.00,52.00,33.30,8,16,3000
21F6A16-B611,F6,21,6,air,panel,none,400V 3ph,none,none,62,45,60,90,77,135,162,138.6,108.54,72,46.8,29.97,180,150,154.00,120.60,80.00,52.00,33.30,8,16,3000
21F6A16-B612,F6,21,6,water,panel,none,400V 3ph,none,none,62,45,60,90,77,135,162,138.6,108.54,72,46.8,29.97,180,150,154.00,120.60,80.00,52.00,33.30,8,16,3000
21F6A16-B613,F6,21,6,air,push-through,none,400V 3ph,none,none,62,45,60,90,77,135,162,138.6,108.54,72,46.8,29.97,180,150,154.00,120.60,80.00,52.00,33.30,8,16,3000
21F6A16-B614,F6,21,6,water,push-through,none,400V 3ph,none,none,62,45,60,90,77,135,162,138.6,108.54,72,46.8,29.97,180,150,154.00,120.60,80.00,52.00,33.30,8,16,3000
21F6A36-1411,F6,21,6,air,panel,none,230V 3ph,none,std,70,45,60,175,175,262.5,315,304.5,269.5,211.1725,154,112,180,150,174.00,154.00,120.67,88.00,64.00,2,16,3000
21F6A36-1413,F6,21,6,air,push-through,none,230V 3ph,none,std,70,45,60,175,175,262.5,315,304.5,269.5,211.1725,154,112,180,150,174.00,154.00,120.67,88.00,64.00,2,16,3000
21F6A36-2411,F6,21,6,air,panel,none,230V 3ph,none,none,70,45,60,175,175,262.5,315,304.5,269.5,211.1725,154,112,180,150,174.00,154.00,120.67,88.00,64.00,2,16,3000
21F6A36-2413,F6,21,6,air,push-through,none,230V 3ph,none,none,70,45,60,175,175,262.5,315,304.5,269.5,211.1725,154,112,180,150,174.00,154.00,120.67,88.00,64.00,2,16,3000
21F6A36-3611,F6,21,6,air,panel,none,400V 3ph,none,std,62,45,60,90,77,135,162,138.6,108.54,72,46.8,29.97,180,150,154.00,120.60,80.00,52.00,33.30,8,16,3000
21F6A36-3612,F6,21,6,water,panel,none,400V 3ph,none,std,62,45,60,90,77,135,162,138.6,108.54,72,46.8,29.97,180,150,154.00,120.60,80.00,52.00,33.30,8,16,3000
21F6A36-3613,F6,21,6,air,push-through,none,400V 3ph,none,std,62,45,60,90,77,135,162,138.6,108.54,72,46.8,29.97,180,150,154.00,120.60,80.00,52.00,33.30,8,16,3000
21F6A36-3614,F6,21,6,water,push-through,none,400V 3ph,none,std,62,45,60,90,77,135,162,138.6,108.54,72,46.8,29.97,180,150,154.00,120.60,80.00,52.00,33.30,8,16,3000
21F6A36-3616,F6,21,6,water,push-through,integrated,400V 3ph,none,std,62,45,60,90,77,135,162,138.6,108.54,72,46.8,29.97,180,150,154.00,120.60,80.00,52.00,33.30,8,16,3000
21F6A36-3617,F6,21,6,oil,push-through,none,400V 3ph,none,std,62,45,60,90,77,135,162,138.6,108.54,72,46.8,29.97,180,150,154.00,120.60,80.00,52.00,33.30,8,16,3000
21F6A36-3619,F6,21,6,water,panel,integrated,400V 3ph,none,std,62,45,60,90,77,135,162,138.6,108.54,72,46.8,29.97,180,150,154.00,120.60,80.00,52.00,33.30,8,16,3000
21F6A36-4611,F6,21,6,air,panel,none,400V 3ph,none,none,62,45,60,90,77,135,162,138.6,108.54,72,46.8,29.97,180,150,154.00,120.60,80.00,52.00,33.30,8,16,3000
21F6A36-4612,F6,21,6,water,panel,none,400V 3ph,none,none,62,45,60,90,77,135,162,138.6,108.54,72,46.8,29.97,180,150,154.00,120.60,80.00,52.00,33.30,8,16,3000
21F6A36-4613,F6,21,6,air,push-through,none,400V 3ph,none,none,62,45,60,90,77,135,162,138.6,108.54,72,46.8,29.97,180,150,154.00,120.60,80.00,52.00,33.30,8,16,3000
21F6A36-4614,F6,21,6,water,push-through,none,400V 3ph,none,none,62,45,60,90,77,135,162,138.6,108.54,72,46.8,29.97,180,150,154.00,120.60,80.00,52.00,33.30,8,16,3000
21F6A36-A611,F6,21,6,air,panel,none,400V 3ph,none,std,62,45,60,90,77,135,162,138.6,108.54,72,46.8,29.97,180,150,154.00,120.60,80.00,52.00,33.30,8,16,3000
21F6A36-A612,F6,21,6,water,panel,none,400V 3ph,none,std,62,45,60,90,77,135,162,138.6,108.54,72,46.8,29.97,180,150,154.00,120.60,80.00,52.00,33.30,8,16,3000
21F6A36-A613,F6,21,6,air,push-through,none,400V 3ph,none,std,62,45,60,90,77,135,162,138.6,108.54,72,46.8,29.97,180,150,154.00,120.60,80.00,52.00,33.30,8,16,3000
21F6A36-A614,F6,21,6,water,push-through,none,400V 3ph,none,std,62,45,60,90,77,135,162,138.6,108.54,72,46.8,29.97,180,150,154.00,120.60,80.00,52.00,33.30,8,16,3000
21F6A36-A616,F6,21,6,water,push-through,integrated,400V 3ph,none,std,62,45,60,90,77,135,162,138.6,108.54,72,46.8,29.97,180,150,154.00,120.60,80.00,52.00,33.30,8,16,3000
21F6A36-A619,F6,21,6,water,panel,integrated,400V 3ph,none,std,62,45,60,90,77,135,162,138.6,108.54,72,46.8,29.97,180,150,154.00,120.60,80.00,52.00,33.30,8,16,3000
21F6A36-B611,F6,21,6,air,panel,none,400V 3ph,none,none,62,45,60,90,77,135,162,138.6,108.54,72,46.8,29.97,180,150,154.00,120.60,80.00,52.00,33.30,8,16,3000
21F6A36-B612,F6,21,6,water,panel,none,400V 3ph,none,none,62,45,60,90,77,135,162,138.6,108.54,72,46.8,29.97,180,150,154.00,120.60,80.00,52.00,33.30,8,16,3000
21F6A36-B613,F6,21,6,air,push-through,none,400V 3ph,none,none,62,45,60,90,77,135,162,138.6,108.54,72,46.8,29.97,180,150,154.00,120.60,80.00,52.00,33.30,8,16,3000
21F6A36-B614,F6,21,6,water,push-through,none,400V 3ph,none,none,62,45,60,90,77,135,162,138.6,108.54,72,46.8,29.97,180,150,154.00,120.60,80.00,52.00,33.30,8,16,3000
21F6K16-1411,F6,21,6,air,panel,none,230V 3ph,none,std,70,45,60,175,175,262.5,315,304.5,269.5,211.1725,154,112,180,150,174.00,154.00,120.67,88.00,64.00,2,16,3000
21F6K16-1413,F6,21,6,air,push-through,none,230V 3ph,none,std,70,45,60,175,175,262.5,315,304.5,269.5,211.1725,154,112,180,150,174.00,154.00,120.67,88.00,64.00,2,16,3000
21F6K16-1421,F6,21,6,air,panel,none,230V 3ph,none,std,70,45,60,175,175,262.5,315,304.5,269.5,211.1725,154,112,180,150,174.00,154.00,120.67,88.00,64.00,2,16,3000
21F6K16-1423,F6,21,6,air,push-through,none,230V 3ph,none,std,70,45,60,175,175,262.5,315,304.5,269.5,211.1725,154,112,180,150,174.00,154.00,120.67,88.00,64.00,2,16,3000
21F6K16-2411,F6,21,6,air,panel,none,230V 3ph,none,none,70,45,60,175,175,262.5,315,304.5,269.5,211.1725,154,112,180,150,174.00,154.00,120.67,88.00,64.00,2,16,3000
21F6K16-2413,F6,21,6,air,push-through,none,230V 3ph,none,none,70,45,60,175,175,262.5,315,304.5,269.5,211.1725,154,112,180,150,174.00,154.00,120.67,88.00,64.00,2,16,3000
21F6K16-2421,F6,21,6,air,panel,none,230V 3ph,none,none,70,45,60,175,175,262.5,315,304.5,269.5,211.1725,154,112,180,150,174.00,154.00,120.67,88.00,64.00,2,16,3000
21F6K16-2423,F6,21,6,air,push-through,none,230V 3ph,none,none,70,45,60,175,175,262.5,315,304.5,269.5,211.1725,154,112,180,150,174.00,154.00,120.67,88.00,64.00,2,16,3000
21F6K16-3611,F6,21,6,air,panel,none,400V 3ph,none,std,62,45,60,90,77,135,162,138.6,108.54,72,46.8,29.97,180,150,154.00,120.60,80.00,52.00,33.30,8,16,3000
21F6K16-3612,F6,21,6,water,panel,none,400V 3ph,none,std,62,45,60,90,77,135,162,138.6,108.54,72,46.8,29.97,180,150,154.00,120.60,80.00,52.00,33.30,8,16,3000
21F6K16-3613,F6,21,6,air,push-through,none,400V 3ph,none,std,62,45,60,90,77,135,162,138.6,108.54,72,46.8,29.97,180,150,154.00,120.60,80.00,52.00,33.30,8,16,3000
21F6K16-3614,F6,21,6,water,push-through,none,400V 3ph,none,std,62,45,60,90,77,135,162,138.6,108.54,72,46.8,29.97,180,150,154.00,120.60,80.00,52.00,33.30,8,16,3000
21F6K16-3616,F6,21,6,water,push-through,integrated,400V 3ph,none,std,62,45,60,90,77,135,162,138.6,108.54,72,46.8,29.97,180,150,154.00,120.60,80.00,52.00,33.30,8,16,3000
21F6K16-3617,F6,21,6,oil,push-through,none,400V 3ph,none,std,62,45,60,90,77,135,162,138.6,108.54,72,46.8,29.97,180,150,154.00,120.60,80.00,52.00,33.30,8,16,3000
21F6K16-3619,F6,21,6,water,panel,integrated,400V 3ph,none,std,62,45,60,90,77,135,162,138.6,108.54,72,46.8,29.97,180,150,154.00,120.60,80.00,52.00,33.30,8,16,3000
21F6K16-3621,F6,21,6,air,panel,none,400V 3ph,none,std,62,45,60,90,77,135,162,138.6,108.54,72,46.8,29.97,180,150,154.00,120.60,80.00,52.00,33.30,8,16,3000
21F6K16-3622,F6,21,6,water,panel,none,400V 3ph,none,std,62,45,60,90,77,135,162,138.6,108.54,72,46.8,29.97,180,150,154.00,120.60,80.00,52.00,33.30,8,16,3000
21F6K16-3623,F6,21,6,air,push-through,none,400V 3ph,none,std,62,45,60,90,77,135,162,138.6,108.54,72,46.8,29.97,180,150,154.00,120.60,80.00,52.00,33.30,8,16,3000
21F6K16-3624,F6,21,6,water,push-through,none,400V 3ph,none,std,62,45,60,90,77,135,162,138.6,108.54,72,46.8,29.97,180,150,154.00,120.60,80.00,52.00,33.30,8,16,3000
21F6K16-3626,F6,21,6,water,push-through,integrated,400V 3ph,none,std,62,45,60,90,77,135,162,138.6,108.54,72,46.8,29.97,180,150,154.00,120.60,80.00,52.00,33.30,8,16,3000
21F6K16-3627,F6,21,6,oil,push-through,none,400V 3ph,none,std,62,45,60,90,77,135,162,138.6,108.54,72,46.8,29.97,180,150,154.00,120.60,80.00,52.00,33.30,8,16,3000
21F6K16-3629,F6,21,6,water,panel,integrated,400V 3ph,none,std,62,45,60,90,77,135,162,138.6,108.54,72,46.8,29.97,180,150,154.00,120.60,80.00,52.00,33.30,8,16,3000
21F6K16-4611,F6,21,6,air,panel,none,400V 3ph,none,none,62,45,60,90,77,135,162,138.6,108.54,72,46.8,29.97,180,150,154.00,120.60,80.00,52.00,33.30,8,16,3000
21F6K16-4612,F6,21,6,water,panel,none,400V 3ph,none,none,62,45,60,90,77,135,162,138.6,108.54,72,46.8,29.97,180,150,154.00,120.60,80.00,52.00,33.30,8,16,3000
21F6K16-4613,F6,21,6,air,push-through,none,400V 3ph,none,none,62,45,60,90,77,135,162,138.6,108.54,72,46.8,29.97,180,150,154.00,120.60,80.00,52.00,33.30,8,16,3000
21F6K16-4614,F6,21,6,water,push-through,none,400V 3ph,none,none,62,45,60,90,77,135,162,138.6,108.54,72,46.8,29.97,180,150,154.00,120.60,80.00,52.00,33.30,8,16,3000
21F6K16-4621,F6,21,6,air,panel,none,400V 3ph,none,none,62,45,60,90,77,135,162,138.6,108.54,72,46.8,29.97,180,150,154.00,120.60,80.00,52.00,33.30,8,16,3000
21F6K16-4622,F6,21,6,water,panel,none,400V 3ph,none,none,62,45,60,90,77,135,162,138.6,108.54,72,46.8,29.97,180,150,154.00,120.60,80.00,52.00,33.30,8,16,3000
21F6K16-4623,F6,21,6,air,push-through,none,400V 3ph,none,none,62,45,60,90,77,135,162,138.6,108.54,72,46.8,29.97,180,150,154.00,120.60,80.00,52.00,33.30,8,16,3000
21F6K16-4624,F6,21,6,water,push-through,none,400V 3ph,none,none,62,45,60,90,77,135,162,138.6,108.54,72,46.8,29.97,180,150,154.00,120.60,80.00,52.00,33.30,8,16,3000
21F6K16-A611,F6,21,6,air,panel,none,400V 3ph,none,std,62,45,60,90,77,135,162,138.6,108.54,72,46.8,29.97,180,150,154.00,120.60,80.00,52.00,33.30,8,16,3000
21F6K16-A612,F6,21,6,water,panel,none,400V 3ph,none,std,62,45,60,90,77,135,162,138.6,108.54,72,46.8,29.97,180,150,154.00,120.60,80.00,52.00,33.30,8,16,3000
21F6K16-A613,F6,21,6,air,push-through,none,400V 3ph,none,std,62,45,60,90,77,135,162,138.6,108.54,72,46.8,29.97,180,150,154.00,120.60,80.00,52.00,33.30,8,16,3000
21F6K16-A614,F6,21,6,water,push-through,none,400V 3ph,none,std,62,45,60,90,77,135,162,138.6,108.54,72,46.8,29.97,180,150,154.00,120.60,80.00,52.00,33.30,8,16,3000
21F6K16-A616,F6,21,6,water,push-through,integrated,400V 3ph,none,std,62,45,60,90,77,135,162,138.6,108.54,72,46.8,29.97,180,150,154.00,120.60,80.00,52.00,33.30,8,16,3000
21F6K16-A619,F6,21,6,water,panel,integrated,400V 3ph,none,std,62,45,60,90,77,135,162,138.6,108.54,72,46.8,29.97,180,150,154.00,120.60,80.00,52.00,33.30,8,16,3000
21F6K16-A621,F6,21,6,air,panel,none,400V 3ph,none,std,62,45,60,90,77,135,162,138.6,108.54,72,46.8,29.97,180,150,154.00,120.60,80.00,52.00,33.30,8,16,3000
21F6K16-A622,F6,21,6,water,panel,none,400V 3ph,none,std,62,45,60,90,77,135,162,138.6,108.54,72,46.8,29.97,180,150,154.00,120.60,80.00,52.00,33.30,8,16,3000
21F6K16-A623,F6,21,6,air,push-through,none,400V 3ph,none,std,62,45,60,90,77,135,162,138.6,108.54,72,46.8,29.97,180,150,154.00,120.60,80.00,52.00,33.30,8,16,3000
21F6K16-A624,F6,21,6,water,push-through,none,400V 3ph,none,std,62,45,60,90,77,135,162,138.6,108.54,72,46.8,29.97,180,150,154.00,120.60,80.00,52.00,33.30,8,16,3000
21F6K16-A626,F6,21,6,water,push-through,integrated,400V 3ph,none,std,62,45,60,90,77,135,162,138.6,108.54,72,46.8,29.97,180,150,154.00,120.60,80.00,52.00,33.30,8,16,3000
21F6K16-A629,F6,21,6,water,panel,integrated,400V 3ph,none,std,62,45,60,90,77,135,162,138.6,108.54,72,46.8,29.97,180,150,154.00,120.60,80.00,52.00,33.30,8,16,3000
21F6K16-B611,F6,21,6,air,panel,none,400V 3ph,none,none,62,45,60,90,77,135,162,138.6,108.54,72,46.8,29.97,180,150,154.00,120.60,80.00,52.00,33.30,8,16,3000
21F6K16-B612,F6,21,6,water,panel,none,400V 3ph,none,none,62,45,60,90,77,135,162,138.6,108.54,72,46.8,29.97,180,150,154.00,120.60,80.00,52.00,33.30,8,16,3000
21F6K16-B613,F6,21,6,air,push-through,none,400V 3ph,none,none,62,45,60,90,77,135,162,138.6,108.54,72,46.8,29.97,180,150,154.00,120.60,80.00,52.00,33.30,8,16,3000
21F6K16-B614,F6,21,6,water,push-through,none,400V 3ph,none,none,62,45,60,90,77,135,162,138.6,108.54,72,46.8,29.97,180,150,154.00,120.60,80.00,52.00,33.30,8,16,3000
21F6K16-B621,F6,21,6,air,panel,none,400V 3ph,none,none,62,45,60,90,77,135,162,138.6,108.54,72,46.8,29.97,180,150,154.00,120.60,80.00,52.00,33.30,8,16,3000
21F6K16-B622,F6,21,6,water,panel,none,400V 3ph,none,none,62,45,60,90,77,135,162,138.6,108.54,72,46.8,29.97,180,150,154.00,120.60,80.00,52.00,33.30,8,16,3000
21F6K16-B623,F6,21,6,air,push-through,none,400V 3ph,none,none,62,45,60,90,77,135,162,138.6,108.54,72,46.8,29.97,180,150,154.00,120.60,80.00,52.00,33.30,8,16,3000
21F6K16-B624,F6,21,6,water,push-through,none,400V 3ph,none,none,62,45,60,90,77,135,162,138.6,108.54,72,46.8,29.97,180,150,154.00,120.60,80.00,52.00,33.30,8,16,3000
21F6P56-1441,F6,21,6,air,panel,none,230V 3ph,none,std,70,45,60,175,175,262.5,315,304.5,269.5,211.1725,154,112,180,150,174.00,154.00,120.67,88.00,64.00,2,16,3000
21F6P56-1443,F6,21,6,air,push-through,none,230V 3ph,none,std,70,45,60,175,175,262.5,315,304.5,269.5,211.1725,154,112,180,150,174.00,154.00,120.67,88.00,64.00,2,16,3000
21F6P56-1451,F6,21,6,air,panel,none,230V 3ph,none,std,70,45,60,175,175,262.5,315,304.5,269.5,211.1725,154,112,180,150,174.00,154.00,120.67,88.00,64.00,2,16,3000
21F6P56-1453,F6,21,6,air,push-through,none,230V 3ph,none,std,70,45,60,175,175,262.5,315,304.5,269.5,211.1725,154,112,180,150,174.00,154.00,120.67,88.00,64.00,2,16,3000
21F6P56-2441,F6,21,6,air,panel,none,230V 3ph,none,none,70,45,60,175,175,262.5,315,304.5,269.5,211.1725,154,112,180,150,174.00,154.00,120.67,88.00,64.00,2,16,3000
21F6P56-2443,F6,21,6,air,push-through,none,230V 3ph,none,none,70,45,60,175,175,262.5,315,304.5,269.5,211.1725,154,112,180,150,174.00,154.00,120.67,88.00,64.00,2,16,3000
21F6P56-2451,F6,21,6,air,panel,none,230V 3ph,none,none,70,45,60,175,175,262.5,315,304.5,269.5,211.1725,154,112,180,150,174.00,154.00,120.67,88.00,64.00,2,16,3000
21F6P56-2453,F6,21,6,air,push-through,none,230V 3ph,none,none,70,45,60,175,175,262.5,315,304.5,269.5,211.1725,154,112,180,150,174.00,154.00,120.67,88.00,64.00,2,16,3000
21F6P56-3631,F6,21,6,air,panel,none,400V 3ph,none,std,62,45,60,90,77,135,162,138.6,108.54,72,46.8,29.97,180,150,154.00,120.60,80.00,52.00,33.30,8,16,3000
21F6P56-3632,F6,21,6,water,panel,none,400V 3ph,none,std,62,45,60,90,77,135,162,138.6,108.54,72,46.8,29.97,180,150,154.00,120.60,80.00,52.00,33.30,8,16,3000
21F6P56-3633,F6,21,6,air,push-through,none,400V 3ph,none,std,62,45,60,90,77,135,162,138.6,108.54,72,46.8,29.97,180,150,154.00,120.60,80.00,52.00,33.30,8,16,3000
21F6P56-3634,F6,21,6,water,push-through,none,400V 3ph,none,std,62,45,60,90,77,135,162,138.6,108.54,72,46.8,29.97,180,150,154.00,120.60,80.00,52.00,33.30,8,16,3000
21F6P56-3636,F6,21,6,water,push-through,integrated,400V 3ph,none,std,62,45,60,90,77,135,162,138.6,108.54,72,46.8,29.97,180,150,154.00,120.60,80.00,52.00,33.30,8,16,3000
21F6P56-3639,F6,21,6,water,panel,integrated,400V 3ph,none,std,62,45,60,90,77,135,162,138.6,108.54,72,46.8,29.97,180,150,154.00,120.60,80.00,52.00,33.30,8,16,3000
21F6P56-3641,F6,21,6,air,panel,none,400V 3ph,none,std,62,45,60,90,77,135,162,138.6,108.54,72,46.8,29.97,180,150,154.00,120.60,80.00,52.00,33.30,8,16,3000
21F6P56-3642,F6,21,6,water,panel,none,400V 3ph,none,std,62,45,60,90,77,135,162,138.6,108.54,72,46.8,29.97,180,150,154.00,120.60,80.00,52.00,33.30,8,16,3000
21F6P56-3643,F6,21,6,air,push-through,none,400V 3ph,none,std,62,45,60,90,77,135,162,138.6,108.54,72,46.8,29.97,180,150,154.00,120.60,80.00,52.00,33.30,8,16,3000
21F6P56-3644,F6,21,6,water,push-through,none,400V 3ph,none,std,62,45,60,90,77,135,162,138.6,108.54,72,46.8,29.97,180,150,154.00,120.60,80.00,52.00,33.30,8,16,3000
21F6P56-3646,F6,21,6,water,push-through,integrated,400V 3ph,none,std,62,45,60,90,77,135,162,138.6,108.54,72,46.8,29.97,180,150,154.00,120.60,80.00,52.00,33.30,8,16,3000
21F6P56-3649,F6,21,6,water,panel,integrated,400V 3ph,none,std,62,45,60,90,77,135,162,138.6,108.54,72,46.8,29.97,180,150,154.00,120.60,80.00,52.00,33.30,8,16,3000
21F6P56-3651,F6,21,6,air,panel,none,400V 3ph,none,std,62,45,60,90,77,135,162,138.6,108.54,72,46.8,29.97,180,150,154.00,120.60,80.00,52.00,33.30,8,16,3000
21F6P56-3652,F6,21,6,water,panel,none,400V 3ph,none,std,62,45,60,90,77,135,162,138.6,108.54,72,46.8,29.97,180,150,154.00,120.60,80.00,52.00,33.30,8,16,3000
21F6P56-3653,F6,21,6,air,push-through,none,400V 3ph,none,std,62,45,60,90,77,135,162,138.6,108.54,72,46.8,29.97,180,150,154.00,120.60,80.00,52.00,33.30,8,16,3000
21F6P56-3654,F6,21,6,water,push-through,none,400V 3ph,none,std,62,45,60,90,77,135,162,138.6,108.54,72,46.8,29.97,180,150,154.00,120.60,80.00,52.00,33.30,8,16,3000
21F6P56-3656,F6,21,6,water,push-through,integrated,400V 3ph,none,std,62,45,60,90,77,135,162,138.6,108.54,72,46.8,29.97,180,150,154.00,120.60,80.00,52.00,33.30,8,16,3000
21F6P56-3659,F6,21,6,water,panel,integrated,400V 3ph,none,std,62,45,60,90,77,135,162,138.6,108.54,72,46.8,29.97,180,150,154.00,120.60,80.00,52.00,33.30,8,16,3000
21F6P56-3D31,F6,21,6,air,panel,none,400V 3ph,none,std,62,45,60,90,72,144,216,138.6,108.54,72,46.8,29.97,240,160,154.00,120.60,80.00,52.00,33.30,8,16,3000
21F6P56-4631,F6,21,6,air,panel,none,400V 3ph,none,none,62,45,60,90,77,135,162,138.6,108.54,72,46.8,29.97,180,150,154.00,120.60,80.00,52.00,33.30,8,16,3000
21F6P56-4632,F6,21,6,water,panel,none,400V 3ph,none,none,62,45,60,90,77,135,162,138.6,108.54,72,46.8,29.97,180,150,154.00,120.60,80.00,52.00,33.30,8,16,3000
21F6P56-4633,F6,21,6,air,push-through,none,400V 3ph,none,none,62,45,60,90,77,135,162,138.6,108.54,72,46.8,29.97,180,150,154.00,120.60,80.00,52.00,33.30,8,16,3000
21F6P56-4634,F6,21,6,water,push-through,none,400V 3ph,none,none,62,45,60,90,77,135,162,138.6,108.54,72,46.8,29.97,180,150,154.00,120.60,80.00,52.00,33.30,8,16,3000
21F6P56-4641,F6,21,6,air,panel,none,400V 3ph,none,none,62,45,60,90,77,135,162,138.6,108.54,72,46.8,29.97,180,150,154.00,120.60,80.00,52.00,33.30,8,16,3000
21F6P56-4642,F6,21,6,water,panel,none,400V 3ph,none,none,62,45,60,90,77,135,162,138.6,108.54,72,46.8,29.97,180,150,154.00,120.60,80.00,52.00,33.30,8,16,3000
21F6P56-4643,F6,21,6,air,push-through,none,400V 3ph,none,none,62,45,60,90,77,135,162,138.6,108.54,72,46.8,29.97,180,150,154.00,120.60,80.00,52.00,33.30,8,16,3000
21F6P56-4644,F6,21,6,water,push-through,none,400V 3ph,none,none,62,45,60,90,77,135,162,138.6,108.54,72,46.8,29.97,180,150,154.00,120.60,80.00,52.00,33.30,8,16,3000
21F6P56-4651,F6,21,6,air,panel,none,400V 3ph,none,none,62,45,60,90,77,135,162,138.6,108.54,72,46.8,29.97,180,150,154.00,120.60,80.00,52.00,33.30,8,16,3000
21F6P56-4652,F6,21,6,water,panel,none,400V 3ph,none,none,62,45,60,90,77,135,162,138.6,108.54,72,46.8,29.97,180,150,154.00,120.60,80.00,52.00,33.30,8,16,3000
21F6P56-4653,F6,21,6,air,push-through,none,400V 3ph,none,none,62,45,60,90,77,135,162,138.6,108.54,72,46.8,29.97,180,150,154.00,120.60,80.00,52.00,33.30,8,16,3000
21F6P56-4654,F6,21,6,water,push-through,none,400V 3ph,none,none,62,45,60,90,77,135,162,138.6,108.54,72,46.8,29.97,180,150,154.00,120.60,80.00,52.00,33.30,8,16,3000
21F6P56-A631,F6,21,6,air,panel,none,400V 3ph,none,std,62,45,60,90,77,135,162,138.6,108.54,72,46.8,29.97,180,150,154.00,120.60,80.00,52.00,33.30,8,16,3000
21F6P56-A632,F6,21,6,water,panel,none,400V 3ph,none,std,62,45,60,90,77,135,162,138.6,108.54,72,46.8,29.97,180,150,154.00,120.60,80.00,52.00,33.30,8,16,3000
21F6P56-A633,F6,21,6,air,push-through,none,400V 3ph,none,std,62,45,60,90,77,135,162,138.6,108.54,72,46.8,29.97,180,150,154.00,120.60,80.00,52.00,33.30,8,16,3000
21F6P56-A634,F6,21,6,water,push-through,none,400V 3ph,none,std,62,45,60,90,77,135,162,138.6,108.54,72,46.8,29.97,180,150,154.00,120.60,80.00,52.00,33.30,8,16,3000
21F6P56-A636,F6,21,6,water,push-through,integrated,400V 3ph,none,std,62,45,60,90,77,135,162,138.6,108.54,72,46.8,29.97,180,150,154.00,120.60,80.00,52.00,33.30,8,16,3000
21F6P56-A639,F6,21,6,water,panel,integrated,400V 3ph,none,std,62,45,60,90,77,135,162,138.6,108.54,72,46.8,29.97,180,150,154.00,120.60,80.00,52.00,33.30,8,16,3000
21F6P56-A641,F6,21,6,air,panel,none,400V 3ph,none,std,62,45,60,90,77,135,162,138.6,108.54,72,46.8,29.97,180,150,154.00,120.60,80.00,52.00,33.30,8,16,3000
21F6P56-A642,F6,21,6,water,panel,none,400V 3ph,none,std,62,45,60,90,77,135,162,138.6,108.54,72,46.8,29.97,180,150,154.00,120.60,80.00,52.00,33.30,8,16,3000
21F6P56-A643,F6,21,6,air,push-through,none,400V 3ph,none,std,62,45,60,90,77,135,162,138.6,108.54,72,46.8,29.97,180,150,154.00,120.60,80.00,52.00,33.30,8,16,3000
21F6P56-A644,F6,21,6,water,push-through,none,400V 3ph,none,std,62,45,60,90,77,135,162,138.6,108.54,72,46.8,29.97,180,150,154.00,120.60,80.00,52.00,33.30,8,16,3000
21F6P56-A646,F6,21,6,water,push-through,integrated,400V 3ph,none,std,62,45,60,90,77,135,162,138.6,108.54,72,46.8,29.97,180,150,154.00,120.60,80.00,52.00,33.30,8,16,3000
21F6P56-A649,F6,21,6,water,panel,integrated,400V 3ph,none,std,62,45,60,90,77,135,162,138.6,108.54,72,46.8,29.97,180,150,154.00,120.60,80.00,52.00,33.30,8,16,3000
21F6P56-A651,F6,21,6,air,panel,none,400V 3ph,none,std,62,45,60,90,77,135,162,138.6,108.54,72,46.8,29.97,180,150,154.00,120.60,80.00,52.00,33.30,8,16,3000
21F6P56-A652,F6,21,6,water,panel,none,400V 3ph,none,std,62,45,60,90,77,135,162,138.6,108.54,72,46.8,29.97,180,150,154.00,120.60,80.00,52.00,33.30,8,16,3000
21F6P56-A653,F6,21,6,air,push-through,none,400V 3ph,none,std,62,45,60,90,77,135,162,138.6,108.54,72,46.8,29.97,180,150,154.00,120.60,80.00,52.00,33.30,8,16,3000
21F6P56-A654,F6,21,6,water,push-through,none,400V 3ph,none,std,62,45,60,90,77,135,162,138.6,108.54,72,46.8,29.97,180,150,154.00,120.60,80.00,52.00,33.30,8,16,3000
21F6P56-A656,F6,21,6,water,push-through,integrated,400V 3ph,none,std,62,45,60,90,77,135,162,138.6,108.54,72,46.8,29.97,180,150,154.00,120.60,80.00,52.00,33.30,8,16,3000
21F6P56-A659,F6,21,6,water,panel,integrated,400V 3ph,none,std,62,45,60,90,77,135,162,138.6,108.54,72,46.8,29.97,180,150,154.00,120.60,80.00,52.00,33.30,8,16,3000
21F6P56-B631,F6,21,6,air,panel,none,400V 3ph,none,none,62,45,60,90,77,135,162,138.6,108.54,72,46.8,29.97,180,150,154.00,120.60,80.00,52.00,33.30,8,16,3000
21F6P56-B632,F6,21,6,water,panel,none,400V 3ph,none,none,62,45,60,90,77,135,162,138.6,108.54,72,46.8,29.97,180,150,154.00,120.60,80.00,52.00,33.30,8,16,3000
21F6P56-B633,F6,21,6,air,push-through,none,400V 3ph,none,none,62,45,60,90,77,135,162,138.6,108.54,72,46.8,29.97,180,150,154.00,120.60,80.00,52.00,33.30,8,16,3000
21F6P56-B634,F6,21,6,water,push-through,none,400V 3ph,none,none,62,45,60,90,77,135,162,138.6,108.54,72,46.8,29.97,180,150,154.00,120.60,80.00,52.00,33.30,8,16,3000
21F6P56-B641,F6,21,6,air,panel,none,400V 3ph,none,none,62,45,60,90,77,135,162,138.6,108.54,72,46.8,29.97,180,150,154.00,120.60,80.00,52.00,33.30,8,16,3000
21F6P56-B642,F6,21,6,water,panel,none,400V 3ph,none,none,62,45,60,90,77,135,162,138.6,108.54,72,46.8,29.97,180,150,154.00,120.60,80.00,52.00,33.30,8,16,3000
21F6P56-B643,F6,21,6,air,push-through,none,400V 3ph,none,none,62,45,60,90,77,135,162,138.6,108.54,72,46.8,29.97,180,150,154.00,120.60,80.00,52.00,33.30,8,16,3000
21F6P56-B644,F6,21,6,water,push-through,none,400V 3ph,none,none,62,45,60,90,77,135,162,138.6,108.54,72,46.8,29.97,180,150,154.00,120.60,80.00,52.00,33.30,8,16,3000
21F6P56-B651,F6,21,6,air,panel,none,400V 3ph,none,none,62,45,60,90,77,135,162,138.6,108.54,72,46.8,29.97,180,150,154.00,120.60,80.00,52.00,33.30,8,16,3000
21F6P56-B652,F6,21,6,water,panel,none,400V 3ph,none,none,62,45,60,90,77,135,162,138.6,108.54,72,46.8,29.97,180,150,154.00,120.60,80.00,52.00,33.30,8,16,3000
21F6P56-B653,F6,21,6,air,push-through,none,400V 3ph,none,none,62,45,60,90,77,135,162,138.6,108.54,72,46.8,29.97,180,150,154.00,120.60,80.00,52.00,33.30,8,16,3000
21F6P56-B654,F6,21,6,water,push-through,none,400V 3ph,none,none,62,45,60,90,77,135,162,138.6,108.54,72,46.8,29.97,180,150,154.00,120.60,80.00,52.00,33.30,8,16,3000
22F6A16-3511,F6,22,6,air,panel,none,400V 3ph,none,std,80,55,75,115,96,172.5,207,177.1,138.69,92,59.8,38.295,180,150,154.00,120.60,80.00,52.00,33.30,4,16,3000
22F6A16-3512,F6,22,6,water,panel,none,400V 3ph,none,std,80,55,75,115,96,172.5,207,177.1,138.69,92,59.8,38.295,180,150,154.00,120.60,80.00,52.00,33.30,4,16,3000
22F6A16-3513,F6,22,6,air,push-through,none,400V 3ph,none,std,80,55,75,115,96,172.5,207,177.1,138.69,92,59.8,38.295,180,150,154.00,120.60,80.00,52.00,33.30,4,16,3000
22F6A16-3514,F6,22,6,water,push-through,none,400V 3ph,none,std,80,55,75,115,96,172.5,207,177.1,138.69,92,59.8,38.295,180,150,154.00,120.60,80.00,52.00,33.30,4,16,3000
22F6A16-3516,F6,22,6,water,push-through,integrated,400V 3ph,none,std,80,55,75,115,96,172.5,207,177.1,138.69,92,59.8,38.295,180,150,154.00,120.60,80.00,52.00,33.30,4,16,3000
22F6A16-3517,F6,22,6,oil,push-through,none,400V 3ph,none,std,80,55,75,115,96,172.5,207,177.1,138.69,92,59.8,38.295,180,150,154.00,120.60,80.00,52.00,33.30,4,16,3000
22F6A16-3519,F6,22,6,water,panel,integrated,400V 3ph,none,std,80,55,75,115,96,172.5,207,177.1,138.69,92,59.8,38.295,180,150,154.00,120.60,80.00,52.00,33.30,4,16,3000
22F6A16-3B11,F6,22,6,air,panel,none,400V 3ph,none,std,80,55,75,115,96,143.75,172.5,122.6705,94.3,61.3295,40.6295,26.8295,150,125,106.67,82.00,53.33,35.33,23.33,8,16,3000
22F6A16-3B13,F6,22,6,air,push-through,none,400V 3ph,none,std,80,55,75,115,96,143.75,172.5,122.6705,94.3,61.3295,40.6295,26.8295,150,125,106.67,82.00,53.33,35.33,23.33,8,16,3000
22F6A16-4511,F6,22,6,air,panel,none,400V 3ph,none,none,80,55,75,115,96,172.5,207,177.1,138.69,92,59.8,38.295,180,150,154.00,120.60,80.00,52.00,33.30,4,16,3000
22F6A16-4512,F6,22,6,water,panel,none,400V 3ph,none,none,80,55,75,115,96,172.5,207,177.1,138.69,92,59.8,38.295,180,150,154.00,120.60,80.00,52.00,33.30,4,16,3000
22F6A16-4513,F6,22,6,air,push-through,none,400V 3ph,none,none,80,55,75,115,96,172.5,207,177.1,138.69,92,59.8,38.295,180,150,154.00,120.60,80.00,52.00,33.30,4,16,3000
22F6A16-4514,F6,22,6,water,push-through,none,400V 3ph,none,none,80,55,75,115,96,172.5,207,177.1,138.69,92,59.8,38.295,180,150,154.00,120.60,80.00,52.00,33.30,4,16,3000
22F6A16-4B11,F6,22,6,air,panel,none,400V 3ph,none,none,80,55,75,115,96,143.75,172.5,122.6705,94.3,61.3295,40.6295,26.8295,150,125,106.67,82.00,53.33,35.33,23.33,8,16,3000
22F6A16-4B13,F6,22,6,air,push-through,none,400V 3ph,none,none,80,55,75,115,96,143.75,172.5,122.6705,94.3,61.3295,40.6295,26.8295,150,125,106.67,82.00,53.33,35.33,23.33,8,16,3000
22F6A16-A511,F6,22,6,air,panel,none,400V 3ph,none,std,80,55,75,115,96,172.5,207,177.1,138.69,92,59.8,38.295,180,150,154.00,120.60,80.00,52.00,33.30,4,16,3000
22F6A16-A512,F6,22,6,water,panel,none,400V 3ph,none,std,80,55,75,115,96,172.5,207,177.1,138.69,92,59.8,38.295,180,150,154.00,120.60,80.00,52.00,33.30,4,16,3000
22F6A16-A513,F6,22,6,air,push-through,none,400V 3ph,none,std,80,55,75,115,96,172.5,207,177.1,138.69,92,59.8,38.295,180,150,154.00,120.60,80.00,52.00,33.30,4,16,3000
22F6A16-A514,F6,22,6,water,push-through,none,400V 3ph,none,std,80,55,75,115,96,172.5,207,177.1,138.69,92,59.8,38.295,180,150,154.00,120.60,80.00,52.00,33.30,4,16,3000
22F6A16-A516,F6,22,6,water,push-through,integrated,400V 3ph,none,std,80,55,75,115,96,172.5,207,177.1,138.69,92,59.8,38.295,180,150,154.00,120.60,80.00,52.00,33.30,4,16,3000
22F6A16-A519,F6,22,6,water,panel,integrated,400V 3ph,none,std,80,55,75,115,96,172.5,207,177.1,138.69,92,59.8,38.295,180,150,154.00,120.60,80.00,52.00,33.30,4,16,3000
22F6A16-B511,F6,22,6,air,panel,none,400V 3ph,none,none,80,55,75,115,96,172.5,207,177.1,138.69,92,59.8,38.295,180,150,154.00,120.60,80.00,52.00,33.30,4,16,3000
22F6A16-B512,F6,22,6,water,panel,none,400V 3ph,none,none,80,55,75,115,96,172.5,207,177.1,138.69,92,59.8,38.295,180,150,154.00,120.60,80.00,52.00,33.30,4,16,3000
22F6A16-B513,F6,22,6,air,push-through,none,400V 3ph,none,none,80,55,75,115,96,172.5,207,177.1,138.69,92,59.8,38.295,180,150,154.00,120.60,80.00,52.00,33.30,4,16,3000
22F6A16-B514,F6,22,6,water,push-through,none,400V 3ph,none,none,80,55,75,115,96,172.5,207,177.1,138.69,92,59.8,38.295,180,150,154.00,120.60,80.00,52.00,33.30,4,16,3000
22F6A36-3511,F6,22,6,air,panel,none,400V 3ph,none,std,80,55,75,115,96,172.5,207,177.1,138.69,92,59.8,38.295,180,150,154.00,120.60,80.00,52.00,33.30,4,16,3000
22F6A36-3512,F6,22,6,water,panel,none,400V 3ph,none,std,80,55,75,115,96,172.5,207,177.1,138.69,92,59.8,38.295,180,150,154.00,120.60,80.00,52.00,33.30,4,16,3000
22F6A36-3513,F6,22,6,air,push-through,none,400V 3ph,none,std,80,55,75,115,96,172.5,207,177.1,138.69,92,59.8,38.295,180,150,154.00,120.60,80.00,52.00,33.30,4,16,3000
22F6A36-3514,F6,22,6,water,push-through,none,400V 3ph,none,std,80,55,75,115,96,172.5,207,177.1,138.69,92,59.8,38.295,180,150,154.00,120.60,80.00,52.00,33.30,4,16,3000
22F6A36-3516,F6,22,6,water,push-through,integrated,400V 3ph,none,std,80,55,75,115,96,172.5,207,177.1,138.69,92,59.8,38.295,180,150,154.00,120.60,80.00,52.00,33.30,4,16,3000
22F6A36-3517,F6,22,6,oil,push-through,none,400V 3ph,none,std,80,55,75,115,96,172.5,207,177.1,138.69,92,59.8,38.295,180,150,154.00,120.60,80.00,52.00,33.30,4,16,3000
22F6A36-3519,F6,22,6,water,panel,integrated,400V 3ph,none,std,80,55,75,115,96,172.5,207,177.1,138.69,92,59.8,38.295,180,150,154.00,120.60,80.00,52.00,33.30,4,16,3000
22F6A36-3B11,F6,22,6,air,panel,none,400V 3ph,none,std,80,55,75,115,96,143.75,172.5,122.6705,94.3,61.3295,40.6295,26.8295,150,125,106.67,82.00,53.33,35.33,23.33,8,16,3000
22F6A36-3B13,F6,22,6,air,push-through,none,400V 3ph,none,std,80,55,75,115,96,143.75,172.5,122.6705,94.3,61.3295,40.6295,26.8295,150,125,106.67,82.00,53.33,35.33,23.33,8,16,3000
22F6A36-4511,F6,22,6,air,panel,none,400V 3ph,none,none,80,55,75,115,96,172.5,207,177.1,138.69,92,59.8,38.295,180,150,154.00,120.60,80.00,52.00,33.30,4,16,3000
22F6A36-4512,F6,22,6,water,panel,none,400V 3ph,none,none,80,55,75,115,96,172.5,207,177.1,138.69,92,59.8,38.295,180,150,154.00,120.60,80.00,52.00,33.30,4,16,3000
22F6A36-4513,F6,22,6,air,push-through,none,400V 3ph,none,none,80,55,75,115,96,172.5,207,177.1,138.69,92,59.8,38.295,180,150,154.00,120.60,80.00,52.00,33.30,4,16,3000
22F6A36-4514,F6,22,6,water,push-through,none,400V 3ph,none,none,80,55,75,115,96,172.5,207,177.1,138.69,92,59.8,38.295,180,150,154.00,120.60,80.00,52.00,33.30,4,16,3000
22F6A36-4B11,F6,22,6,air,panel,none,400V 3ph,none,none,80,55,75,115,96,143.75,172.5,122.6705,94.3,61.3295,40.6295,26.8295,150,125,106.67,82.00,53.33,35.33,23.33,8,16,3000
22F6A36-4B13,F6,22,6,air,push-through,none,400V 3ph,none,none,80,55,75,115,96,143.75,172.5,122.6705,94.3,61.3295,40.6295,26.8295,150,125,106.67,82.00,53.33,35.33,23.33,8,16,3000
22F6A36-A511,F6,22,6,air,panel,none,400V 3ph,none,std,80,55,75,115,96,172.5,207,177.1,138.69,92,59.8,38.295,180,150,154.00,120.60,80.00,52.00,33.30,4,16,3000
22F6A36-A512,F6,22,6,water,panel,none,400V 3ph,none,std,80,55,75,115,96,172.5,207,177.1,138.69,92,59.8,38.295,180,150,154.00,120.60,80.00,52.00,33.30,4,16,3000
22F6A36-A513,F6,22,6,air,push-through,none,400V 3ph,none,std,80,55,75,115,96,172.5,207,177.1,138.69,92,59.8,38.295,180,150,154.00,120.60,80.00,52.00,33.30,4,16,3000
22F6A36-A514,F6,22,6,water,push-through,none,400V 3ph,none,std,80,55,75,115,96,172.5,207,177.1,138.69,92,59.8,38.295,180,150,154.00,120.60,80.00,52.00,33.30,4,16,3000
22F6A36-A516,F6,22,6,water,push-through,integrated,400V 3ph,none,std,80,55,75,115,96,172.5,207,177.1,138.69,92,59.8,38.295,180,150,154.00,120.60,80.00,52.00,33.30,4,16,3000
22F6A36-A519,F6,22,6,water,panel,integrated,400V 3ph,none,std,80,55,75,115,96,172.5,207,177.1,138.69,92,59.8,38.295,180,150,154.00,120.60,80.00,52.00,33.30,4,16,3000
22F6A36-B511,F6,22,6,air,panel,none,400V 3ph,none,none,80,55,75,115,96,172.5,207,177.1,138.69,92,59.8,38.295,180,150,154.00,120.60,80.00,52.00,33.30,4,16,3000
22F6A36-B512,F6,22,6,water,panel,none,400V 3ph,none,none,80,55,75,115,96,172.5,207,177.1,138.69,92,59.8,38.295,180,150,154.00,120.60,80.00,52.00,33.30,4,16,3000
22F6A36-B513,F6,22,6,air,push-through,none,400V 3ph,none,none,80,55,75,115,96,172.5,207,177.1,138.69,92,59.8,38.295,180,150,154.00,120.60,80.00,52.00,33.30,4,16,3000
22F6A36-B514,F6,22,6,water,push-through,none,400V 3ph,none,none,80,55,75,115,96,172.5,207,177.1,138.69,92,59.8,38.295,180,150,154.00,120.60,80.00,52.00,33.30,4,16,3000
22F6K16-3511,F6,22,6,air,panel,none,400V 3ph,none,std,80,55,75,115,96,172.5,207,177.1,138.69,92,59.8,38.295,180,150,154.00,120.60,80.00,52.00,33.30,4,16,3000
22F6K16-3512,F6,22,6,water,panel,none,400V 3ph,none,std,80,55,75,115,96,172.5,207,177.1,138.69,92,59.8,38.295,180,150,154.00,120.60,80.00,52.00,33.30,4,16,3000
22F6K16-3513,F6,22,6,air,push-through,none,400V 3ph,none,std,80,55,75,115,96,172.5,207,177.1,138.69,92,59.8,38.295,180,150,154.00,120.60,80.00,52.00,33.30,4,16,3000
22F6K16-3514,F6,22,6,water,push-through,none,400V 3ph,none,std,80,55,75,115,96,172.5,207,177.1,138.69,92,59.8,38.295,180,150,154.00,120.60,80.00,52.00,33.30,4,16,3000
22F6K16-3516,F6,22,6,water,push-through,integrated,400V 3ph,none,std,80,55,75,115,96,172.5,207,177.1,138.69,92,59.8,38.295,180,150,154.00,120.60,80.00,52.00,33.30,4,16,3000
22F6K16-3517,F6,22,6,oil,push-through,none,400V 3ph,none,std,80,55,75,115,96,172.5,207,177.1,138.69,92,59.8,38.295,180,150,154.00,120.60,80.00,52.00,33.30,4,16,3000
22F6K16-3519,F6,22,6,water,panel,integrated,400V 3ph,none,std,80,55,75,115,96,172.5,207,177.1,138.69,92,59.8,38.295,180,150,154.00,120.60,80.00,52.00,33.30,4,16,3000
22F6K16-3521,F6,22,6,air,panel,none,400V 3ph,none,std,80,55,75,115,96,172.5,207,177.1,138.69,92,59.8,38.295,180,150,154.00,120.60,80.00,52.00,33.30,4,16,3000
22F6K16-3522,F6,22,6,water,panel,none,400V 3ph,none,std,80,55,75,115,96,172.5,207,177.1,138.69,92,59.8,38.295,180,150,154.00,120.60,80.00,52.00,33.30,4,16,3000
22F6K16-3523,F6,22,6,air,push-through,none,400V 3ph,none,std,80,55,75,115,96,172.5,207,177.1,138.69,92,59.8,38.295,180,150,154.00,120.60,80.00,52.00,33.30,4,16,3000
22F6K16-3524,F6,22,6,water,push-through,none,400V 3ph,none,std,80,55,75,115,96,172.5,207,177.1,138.69,92,59.8,38.295,180,150,154.00,120.60,80.00,52.00,33.30,4,16,3000
22F6K16-3526,F6,22,6,water,push-through,integrated,400V 3ph,none,std,80,55,75,115,96,172.5,207,177.1,138.69,92,59.8,38.295,180,150,154.00,120.60,80.00,52.00,33.30,4,16,3000
22F6K16-3527,F6,22,6,oil,push-through,none,400V 3ph,none,std,80,55,75,115,96,172.5,207,177.1,138.69,92,59.8,38.295,180,150,154.00,120.60,80.00,52.00,33.30,4,16,3000
22F6K16-3529,F6,22,6,water,panel,integrated,400V 3ph,none,std,80,55,75,115,96,172.5,207,177.1,138.69,92,59.8,38.295,180,150,154.00,120.60,80.00,52.00,33.30,4,16,3000
22F6K16-4511,F6,22,6,air,panel,none,400V 3ph,none,none,80,55,75,115,96,172.5,207,177.1,138.69,92,59.8,38.295,180,150,154.00,120.60,80.00,52.00,33.30,4,16,3000
22F6K16-4512,F6,22,6,water,panel,none,400V 3ph,none,none,80,55,75,115,96,172.5,207,177.1,138.69,92,59.8,38.295,180,150,154.00,120.60,80.00,52.00,33.30,4,16,3000
22F6K16-4513,F6,22,6,air,push-through,none,400V 3ph,none,none,80,55,75,115,96,172.5,207,177.1,138.69,92,59.8,38.295,180,150,154.00,120.60,80.00,52.00,33.30,4,16,3000
22F6K16-4514,F6,22,6,water,push-through,none,400V 3ph,none,none,80,55,75,115,96,172.5,207,177.1,138.69,92,59.8,38.295,180,150,154.00,120.60,80.00,52.00,33.30,4,16,3000
22F6K16-4521,F6,22,6,air,panel,none,400V 3ph,none,none,80,55,75,115,96,172.5,207,177.1,138.69,92,59.8,38.295,180,150,154.00,120.60,80.00,52.00,33.30,4,16,3000
22F6K16-4522,F6,22,6,water,panel,none,400V 3ph,none,none,80,55,75,115,96,172.5,207,177.1,138.69,92,59.8,38.295,180,150,154.00,120.60,80.00,52.00,33.30,4,16,3000
22F6K16-4523,F6,22,6,air,push-through,none,400V 3ph,none,none,80,55,75,115,96,172.5,207,177.1,138.69,92,59.8,38.295,180,150,154.00,120.60,80.00,52.00,33.30,4,16,3000
22F6K16-4524,F6,22,6,water,push-through,none,400V 3ph,none,none,80,55,75,115,96,172.5,207,177.1,138.69,92,59.8,38.295,180,150,154.00,120.60,80.00,52.00,33.30,4,16,3000
22F6K16-A511,F6,22,6,air,panel,none,400V 3ph,none,std,80,55,75,115,96,172.5,207,177.1,138.69,92,59.8,38.295,180,150,154.00,120.60,80.00,52.00,33.30,4,16,3000
22F6K16-A512,F6,22,6,water,panel,none,400V 3ph,none,std,80,55,75,115,96,172.5,207,177.1,138.69,92,59.8,38.295,180,150,154.00,120.60,80.00,52.00,33.30,4,16,3000
22F6K16-A513,F6,22,6,air,push-through,none,400V 3ph,none,std,80,55,75,115,96,172.5,207,177.1,138.69,92,59.8,38.295,180,150,154.00,120.60,80.00,52.00,33.30,4,16,3000
22F6K16-A514,F6,22,6,water,push-through,none,400V 3ph,none,std,80,55,75,115,96,172.5,207,177.1,138.69,92,59.8,38.295,180,150,154.00,120.60,80.00,52.00,33.30,4,16,3000
22F6K16-A516,F6,22,6,water,push-through,integrated,400V 3ph,none,std,80,55,75,115,96,172.5,207,177.1,138.69,92,59.8,38.295,180,150,154.00,120.60,80.00,52.00,33.30,4,16,3000
22F6K16-A519,F6,22,6,water,panel,integrated,400V 3ph,none,std,80,55,75,115,96,172.5,207,177.1,138.69,92,59.8,38.295,180,150,154.00,120.60,80.00,52.00,33.30,4,16,3000
22F6K16-A521,F6,22,6,air,panel,none,400V 3ph,none,std,80,55,75,115,96,172.5,207,177.1,138.69,92,59.8,38.295,180,150,154.00,120.60,80.00,52.00,33.30,4,16,3000
22F6K16-A522,F6,22,6,water,panel,none,400V 3ph,none,std,80,55,75,115,96,172.5,207,177.1,138.69,92,59.8,38.295,180,150,154.00,120.60,80.00,52.00,33.30,4,16,3000
22F6K16-A523,F6,22,6,air,push-through,none,400V 3ph,none,std,80,55,75,115,96,172.5,207,177.1,138.69,92,59.8,38.295,180,150,154.00,120.60,80.00,52.00,33.30,4,16,3000
22F6K16-A524,F6,22,6,water,push-through,none,400V 3ph,none,std,80,55,75,115,96,172.5,207,177.1,138.69,92,59.8,38.295,180,150,154.00,120.60,80.00,52.00,33.30,4,16,3000
22F6K16-A526,F6,22,6,water,push-through,integrated,400V 3ph,none,std,80,55,75,115,96,172.5,207,177.1,138.69,92,59.8,38.295,180,150,154.00,120.60,80.00,52.00,33.30,4,16,3000
22F6K16-A529,F6,22,6,water,panel,integrated,400V 3ph,none,std,80,55,75,115,96,172.5,207,177.1,138.69,92,59.8,38.295,180,150,154.00,120.60,80.00,52.00,33.30,4,16,3000
22F6K16-B511,F6,22,6,air,panel,none,400V 3ph,none,none,80,55,75,115,96,172.5,207,177.1,138.69,92,59.8,38.295,180,150,154.00,120.60,80.00,52.00,33.30,4,16,3000
22F6K16-B512,F6,22,6,water,panel,none,400V 3ph,none,none,80,55,75,115,96,172.5,207,177.1,138.69,92,59.8,38.295,180,150,154.00,120.60,80.00,52.00,33.30,4,16,3000
22F6K16-B513,F6,22,6,air,push-through,none,400V 3ph,none,none,80,55,75,115,96,172.5,207,177.1,138.69,92,59.8,38.295,180,150,154.00,120.60,80.00,52.00,33.30,4,16,3000
22F6K16-B514,F6,22,6,water,push-through,none,400V 3ph,none,none,80,55,75,115,96,172.5,207,177.1,138.69,92,59.8,38.295,180,150,154.00,120.60,80.00,52.00,33.30,4,16,3000
22F6K16-B521,F6,22,6,air,panel,none,400V 3ph,none,none,80,55,75,115,96,172.5,207,177.1,138.69,92,59.8,38.295,180,150,154.00,120.60,80.00,52.00,33.30,4,16,3000
22F6K16-B522,F6,22,6,water,panel,none,400V 3ph,none,none,80,55,75,115,96,172.5,207,177.1,138.69,92,59.8,38.295,180,150,154.00,120.60,80.00,52.00,33.30,4,16,3000
22F6K16-B523,F6,22,6,air,push-through,none,400V 3ph,none,none,80,55,75,115,96,172.5,207,177.1,138.69,92,59.8,38.295,180,150,154.00,120.60,80.00,52.00,33.30,4,16,3000
22F6K16-B524,F6,22,6,water,push-through,none,400V 3ph,none,none,80,55,75,115,96,172.5,207,177.1,138.69,92,59.8,38.295,180,150,154.00,120.60,80.00,52.00,33.30,4,16,3000
22F6P56-3531,F6,22,6,air,panel,none,400V 3ph,none,std,80,55,75,115,96,172.5,207,177.1,138.69,92,59.8,38.295,180,150,154.00,120.60,80.00,52.00,33.30,4,16,3000
22F6P56-3532,F6,22,6,water,panel,none,400V 3ph,none,std,80,55,75,115,96,172.5,207,177.1,138.69,92,59.8,38.295,180,150,154.00,120.60,80.00,52.00,33.30,4,16,3000
22F6P56-3533,F6,22,6,air,push-through,none,400V 3ph,none,std,80,55,75,115,96,172.5,207,177.1,138.69,92,59.8,38.295,180,150,154.00,120.60,80.00,52.00,33.30,4,16,3000
22F6P56-3534,F6,22,6,water,push-through,none,400V 3ph,none,std,80,55,75,115,96,172.5,207,177.1,138.69,92,59.8,38.295,180,150,154.00,120.60,80.00,52.00,33.30,4,16,3000
22F6P56-3536,F6,22,6,water,push-through,integrated,400V 3ph,none,std,80,55,75,115,96,172.5,207,177.1,138.69,92,59.8,38.295,180,150,154.00,120.60,80.00,52.00,33.30,4,16,3000
22F6P56-3539,F6,22,6,water,panel,integrated,400V 3ph,none,std,80,55,75,115,96,172.5,207,177.1,138.69,92,59.8,38.295,180,150,154.00,120.60,80.00,52.00,33.30,4,16,3000
22F6P56-3541,F6,22,6,air,panel,none,400V 3ph,none,std,80,55,75,115,96,172.5,207,177.1,138.69,92,59.8,38.295,180,150,154.00,120.60,80.00,52.00,33.30,4,16,3000
22F6P56-3542,F6,22,6,water,panel,none,400V 3ph,none,std,80,55,75,115,96,172.5,207,177.1,138.69,92,59.8,38.295,180,150,154.00,120.60,80.00,52.00,33.30,4,16,3000
22F6P56-3543,F6,22,6,air,push-through,none,400V 3ph,none,std,80,55,75,115,96,172.5,207,177.1,138.69,92,59.8,38.295,180,150,154.00,120.60,80.00,52.00,33.30,4,16,3000
22F6P56-3544,F6,22,6,water,push-through,none,400V 3ph,none,std,80,55,75,115,96,172.5,207,177.1,138.69,92,59.8,38.295,180,150,154.00,120.60,80.00,52.00,33.30,4,16,3000
22F6P56-3546,F6,22,6,water,push-through,integrated,400V 3ph,none,std,80,55,75,115,96,172.5,207,177.1,138.69,92,59.8,38.295,180,150,154.00,120.60,80.00,52.00,33.30,4,16,3000
22F6P56-3549,F6,22,6,water,panel,integrated,400V 3ph,none,std,80,55,75,115,96,172.5,207,177.1,138.69,92,59.8,38.295,180,150,154.00,120.60,80.00,52.00,33.30,4,16,3000
22F6P56-3551,F6,22,6,air,panel,none,400V 3ph,none,std,80,55,75,115,96,172.5,207,177.1,138.69,92,59.8,38.295,180,150,154.00,120.60,80.00,52.00,33.30,4,16,3000
22F6P56-3552,F6,22,6,water,panel,none,400V 3ph,none,std,80,55,75,115,96,172.5,207,177.1,138.69,92,59.8,38.295,180,150,154.00,120.60,80.00,52.00,33.30,4,16,3000
22F6P56-3553,F6,22,6,air,push-through,none,400V 3ph,none,std,80,55,75,115,96,172.5,207,177.1,138.69,92,59.8,38.295,180,150,154.00,120.60,80.00,52.00,33.30,4,16,3000
22F6P56-3554,F6,22,6,water,push-through,none,400V 3ph,none,std,80,55,75,115,96,172.5,207,177.1,138.69,92,59.8,38.295,180,150,154.00,120.60,80.00,52.00,33.30,4,16,3000
22F6P56-3556,F6,22,6,water,push-through,integrated,400V 3ph,none,std,80,55,75,115,96,172.5,207,177.1,138.69,92,59.8,38.295,180,150,154.00,120.60,80.00,52.00,33.30,4,16,3000
22F6P56-3559,F6,22,6,water,panel,integrated,400V 3ph,none,std,80,55,75,115,96,172.5,207,177.1,138.69,92,59.8,38.295,180,150,154.00,120.60,80.00,52.00,33.30,4,16,3000
22F6P56-3B31,F6,22,6,air,panel,none,400V 3ph,none,std,80,55,75,115,96,143.75,172.5,122.6705,94.3,61.3295,40.6295,26.8295,150,125,106.67,82.00,53.33,35.33,23.33,8,16,3000
22F6P56-3B33,F6,22,6,air,push-through,none,400V 3ph,none,std,80,55,75,115,96,143.75,172.5,122.6705,94.3,61.3295,40.6295,26.8295,150,125,106.67,82.00,53.33,35.33,23.33,8,16,3000
22F6P56-3B41,F6,22,6,air,panel,none,400V 3ph,none,std,80,55,75,115,96,143.75,172.5,122.6705,94.3,61.3295,40.6295,26.8295,150,125,106.67,82.00,53.33,35.33,23.33,8,16,3000
22F6P56-3B43,F6,22,6,air,push-through,none,400V 3ph,none,std,80,55,75,115,96,143.75,172.5,122.6705,94.3,61.3295,40.6295,26.8295,150,125,106.67,82.00,53.33,35.33,23.33,8,16,3000
22F6P56-3B51,F6,22,6,air,panel,none,400V 3ph,none,std,80,55,75,115,96,143.75,172.5,122.6705,94.3,61.3295,40.6295,26.8295,150,125,106.67,82.00,53.33,35.33,23.33,8,16,3000
22F6P56-3B53,F6,22,6,air,push-through,none,400V 3ph,none,std,80,55,75,115,96,143.75,172.5,122.6705,94.3,61.3295,40.6295,26.8295,150,125,106.67,82.00,53.33,35.33,23.33,8,16,3000
22F6P56-3D31,F6,22,6,air,panel,none,400V 3ph,none,std,80,55,75,115,96,201.25,310.5,253.46,185.61,109.48,72.68,51.98,270,175,220.40,161.40,95.20,63.20,45.20,4,16,3000
22F6P56-4531,F6,22,6,air,panel,none,400V 3ph,none,none,80,55,75,115,96,172.5,207,177.1,138.69,92,59.8,38.295,180,150,154.00,120.60,80.00,52.00,33.30,4,16,3000
22F6P56-4532,F6,22,6,water,panel,none,400V 3ph,none,none,80,55,75,115,96,172.5,207,177.1,138.69,92,59.8,38.295,180,150,154.00,120.60,80.00,52.00,33.30,4,16,3000
22F6P56-4533,F6,22,6,air,push-through,none,400V 3ph,none,none,80,55,75,115,96,172.5,207,177.1,138.69,92,59.8,38.295,180,150,154.00,120.60,80.00,52.00,33.30,4,16,3000
22F6P56-4534,F6,22,6,water,push-through,none,400V 3ph,none,none,80,55,75,115,96,172.5,207,177.1,138.69,92,59.8,38.295,180,150,154.00,120.60,80.00,52.00,33.30,4,16,3000
22F6P56-4541,F6,22,6,air,panel,none,400V 3ph,none,none,80,55,75,115,96,172.5,207,177.1,138.69,92,59.8,38.295,180,150,154.00,120.60,80.00,52.00,33.30,4,16,3000
22F6P56-4542,F6,22,6,water,panel,none,400V 3ph,none,none,80,55,75,115,96,172.5,207,177.1,138.69,92,59.8,38.295,180,150,154.00,120.60,80.00,52.00,33.30,4,16,3000
22F6P56-4543,F6,22,6,air,push-through,none,400V 3ph,none,none,80,55,75,115,96,172.5,207,177.1,138.69,92,59.8,38.295,180,150,154.00,120.60,80.00,52.00,33.30,4,16,3000
22F6P56-4544,F6,22,6,water,push-through,none,400V 3ph,none,none,80,55,75,115,96,172.5,207,177.1,138.69,92,59.8,38.295,180,150,154.00,120.60,80.00,52.00,33.30,4,16,3000
22F6P56-4551,F6,22,6,air,panel,none,400V 3ph,none,none,80,55,75,115,96,172.5,207,177.1,138.69,92,59.8,38.295,180,150,154.00,120.60,80.00,52.00,33.30,4,16,3000
22F6P56-4552,F6,22,6,water,panel,none,400V 3ph,none,none,80,55,75,115,96,172.5,207,177.1,138.69,92,59.8,38.295,180,150,154.00,120.60,80.00,52.00,33.30,4,16,3000
22F6P56-4553,F6,22,6,air,push-through,none,400V 3ph,none,none,80,55,75,115,96,172.5,207,177.1,138.69,92,59.8,38.295,180,150,154.00,120.60,80.00,52.00,33.30,4,16,3000
22F6P56-4554,F6,22,6,water,push-through,none,400V 3ph,none,none,80,55,75,115,96,172.5,207,177.1,138.69,92,59.8,38.295,180,150,154.00,120.60,80.00,52.00,33.30,4,16,3000
22F6P56-4B31,F6,22,6,air,panel,none,400V 3ph,none,none,80,55,75,115,96,143.75,172.5,122.6705,94.3,61.3295,40.6295,26.8295,150,125,106.67,82.00,53.33,35.33,23.33,8,16,3000
22F6P56-4B33,F6,22,6,air,push-through,none,400V 3ph,none,none,80,55,75,115,96,143.75,172.5,122.6705,94.3,61.3295,40.6295,26.8295,150,125,106.67,82.00,53.33,35.33,23.33,8,16,3000
22F6P56-4B41,F6,22,6,air,panel,none,400V 3ph,none,none,80,55,75,115,96,143.75,172.5,122.6705,94.3,61.3295,40.6295,26.8295,150,125,106.67,82.00,53.33,35.33,23.33,8,16,3000
22F6P56-4B43,F6,22,6,air,push-through,none,400V 3ph,none,none,80,55,75,115,96,143.75,172.5,122.6705,94.3,61.3295,40.6295,26.8295,150,125,106.67,82.00,53.33,35.33,23.33,8,16,3000
22F6P56-4B51,F6,22,6,air,panel,none,400V 3ph,none,none,80,55,75,115,96,143.75,172.5,122.6705,94.3,61.3295,40.6295,26.8295,150,125,106.67,82.00,53.33,35.33,23.33,8,16,3000
22F6P56-4B53,F6,22,6,air,push-through,none,400V 3ph,none,none,80,55,75,115,96,143.75,172.5,122.6705,94.3,61.3295,40.6295,26.8295,150,125,106.67,82.00,53.33,35.33,23.33,8,16,3000
22F6P56-A531,F6,22,6,air,panel,none,400V 3ph,none,std,80,55,75,115,96,172.5,207,177.1,138.69,92,59.8,38.295,180,150,154.00,120.60,80.00,52.00,33.30,4,16,3000
22F6P56-A532,F6,22,6,water,panel,none,400V 3ph,none,std,80,55,75,115,96,172.5,207,177.1,138.69,92,59.8,38.295,180,150,154.00,120.60,80.00,52.00,33.30,4,16,3000
22F6P56-A533,F6,22,6,air,push-through,none,400V 3ph,none,std,80,55,75,115,96,172.5,207,177.1,138.69,92,59.8,38.295,180,150,154.00,120.60,80.00,52.00,33.30,4,16,3000
22F6P56-A534,F6,22,6,water,push-through,none,400V 3ph,none,std,80,55,75,115,96,172.5,207,177.1,138.69,92,59.8,38.295,180,150,154.00,120.60,80.00,52.00,33.30,4,16,3000
22F6P56-A536,F6,22,6,water,push-through,integrated,400V 3ph,none,std,80,55,75,115,96,172.5,207,177.1,138.69,92,59.8,38.295,180,150,154.00,120.60,80.00,52.00,33.30,4,16,3000
22F6P56-A539,F6,22,6,water,panel,integrated,400V 3ph,none,std,80,55,75,115,96,172.5,207,177.1,138.69,92,59.8,38.295,180,150,154.00,120.60,80.00,52.00,33.30,4,16,3000
22F6P56-A541,F6,22,6,air,panel,none,400V 3ph,none,std,80,55,75,115,96,172.5,207,177.1,138.69,92,59.8,38.295,180,150,154.00,120.60,80.00,52.00,33.30,4,16,3000
22F6P56-A542,F6,22,6,water,panel,none,400V 3ph,none,std,80,55,75,115,96,172.5,207,177.1,138.69,92,59.8,38.295,180,150,154.00,120.60,80.00,52.00,33.30,4,16,3000
22F6P56-A543,F6,22,6,air,push-through,none,400V 3ph,none,std,80,55,75,115,96,172.5,207,177.1,138.69,92,59.8,38.295,180,150,154.00,120.60,80.00,52.00,33.30,4,16,3000
22F6P56-A544,F6,22,6,water,push-through,none,400V 3ph,none,std,80,55,75,115,96,172.5,207,177.1,138.69,92,59.8,38.295,180,150,154.00,120.60,80.00,52.00,33.30,4,16,3000
22F6P56-A546,F6,22,6,water,push-through,integrated,400V 3ph,none,std,80,55,75,115,96,172.5,207,177.1,138.69,92,59.8,38.295,180,150,154.00,120.60,80.00,52.00,33.30,4,16,3000
22F6P56-A549,F6,22,6,water,panel,integrated,400V 3ph,none,std,80,55,75,115,96,172.5,207,177.1,138.69,92,59.8,38.295,180,150,154.00,120.60,80.00,52.00,33.30,4,16,3000
22F6P56-A551,F6,22,6,air,panel,none,400V 3ph,none,std,80,55,75,115,96,172.5,207,177.1,138.69,92,59.8,38.295,180,150,154.00,120.60,80.00,52.00,33.30,4,16,3000
22F6P56-A552,F6,22,6,water,panel,none,400V 3ph,none,std,80,55,75,115,96,172.5,207,177.1,138.69,92,59.8,38.295,180,150,154.00,120.60,80.00,52.00,33.30,4,16,3000
22F6P56-A553,F6,22,6,air,push-through,none,400V 3ph,none,std,80,55,75,115,96,172.5,207,177.1,138.69,92,59.8,38.295,180,150,154.00,120.60,80.00,52.00,33.30,4,16,3000
22F6P56-A554,F6,22,6,water,push-through,none,400V 3ph,none,std,80,55,75,115,96,172.5,207,177.1,138.69,92,59.8,38.295,180,150,154.00,120.60,80.00,52.00,33.30,4,16,3000
22F6P56-A556,F6,22,6,water,push-through,integrated,400V 3ph,none,std,80,55,75,115,96,172.5,207,177.1,138.69,92,59.8,38.295,180,150,154.00,120.60,80.00,52.00,33.30,4,16,3000
22F6P56-A559,F6,22,6,water,panel,integrated,400V 3ph,none,std,80,55,75,115,96,172.5,207,177.1,138.69,92,59.8,38.295,180,150,154.00,120.60,80.00,52.00,33.30,4,16,3000
22F6P56-B531,F6,22,6,air,panel,none,400V 3ph,none,none,80,55,75,115,96,172.5,207,177.1,138.69,92,59.8,38.295,180,150,154.00,120.60,80.00,52.00,33.30,4,16,3000
22F6P56-B532,F6,22,6,water,panel,none,400V 3ph,none,none,80,55,75,115,96,172.5,207,177.1,138.69,92,59.8,38.295,180,150,154.00,120.60,80.00,52.00,33.30,4,16,3000
22F6P56-B533,F6,22,6,air,push-through,none,400V 3ph,none,none,80,55,75,115,96,172.5,207,177.1,138.69,92,59.8,38.295,180,150,154.00,120.60,80.00,52.00,33.30,4,16,3000
22F6P56-B534,F6,22,6,water,push-through,none,400V 3ph,none,none,80,55,75,115,96,172.5,207,177.1,138.69,92,59.8,38.295,180,150,154.00,120.60,80.00,52.00,33.30,4,16,3000
22F6P56-B541,F6,22,6,air,panel,none,400V 3ph,none,none,80,55,75,115,96,172.5,207,177.1,138.69,92,59.8,38.295,180,150,154.00,120.60,80.00,52.00,33.30,4,16,3000
22F6P56-B542,F6,22,6,water,panel,none,400V 3ph,none,none,80,55,75,115,96,172.5,207,177.1,138.69,92,59.8,38.295,180,150,154.00,120.60,80.00,52.00,33.30,4,16,3000
22F6P56-B543,F6,22,6,air,push-through,none,400V 3ph,none,none,80,55,75,115,96,172.5,207,177.1,138.69,92,59.8,38.295,180,150,154.00,120.60,80.00,52.00,33.30,4,16,3000
22F6P56-B544,F6,22,6,water,push-through,none,400V 3ph,none,none,80,55,75,115,96,172.5,207,177.1,138.69,92,59.8,38.295,180,150,154.00,120.60,80.00,52.00,33.30,4,16,3000
22F6P56-B551,F6,22,6,air,panel,none,400V 3ph,none,none,80,55,75,115,96,172.5,207,177.1,138.69,92,59.8,38.295,180,150,154.00,120.60,80.00,52.00,33.30,4,16,3000
22F6P56-B552,F6,22,6,water,panel,none,400V 3ph,none,none,80,55,75,115,96,172.5,207,177.1,138.69,92,59.8,38.295,180,150,154.00,120.60,80.00,52.00,33.30,4,16,3000
22F6P56-B553,F6,22,6,air,push-through,none,400V 3ph,none,none,80,55,75,115,96,172.5,207,177.1,138.69,92,59.8,38.295,180,150,154.00,120.60,80.00,52.00,33.30,4,16,3000
22F6P56-B554,F6,22,6,water,push-through,none,400V 3ph,none,none,80,55,75,115,96,172.5,207,177.1,138.69,92,59.8,38.295,180,150,154.00,120.60,80.00,52.00,33.30,4,16,3000
23F6A16-3411,F6,23,6,air,panel,none,400V 3ph,none,std,104,75,100,150,124,225,270,231,180.9,120,78,49.95,180,150,154.00,120.60,80.00,52.00,33.30,2,16,3000
23F6A16-3412,F6,23,6,water,panel,none,400V 3ph,none,std,104,75,100,150,124,225,270,231,180.9,120,78,49.95,180,150,154.00,120.60,80.00,52.00,33.30,2,16,3000
23F6A16-3413,F6,23,6,air,push-through,none,400V 3ph,none,std,104,75,100,150,124,225,270,231,180.9,120,78,49.95,180,150,154.00,120.60,80.00,52.00,33.30,2,16,3000
23F6A16-3414,F6,23,6,water,push-through,none,400V 3ph,none,std,104,75,100,150,124,225,270,231,180.9,120,78,49.95,180,150,154.00,120.60,80.00,52.00,33.30,2,16,3000
23F6A16-3416,F6,23,6,water,push-through,integrated,400V 3ph,none,std,104,75,100,150,124,225,270,231,180.9,120,78,49.95,180,150,154.00,120.60,80.00,52.00,33.30,2,16,3000
23F6A16-3419,F6,23,6,water,panel,integrated,400V 3ph,none,std,104,75,100,150,124,225,270,231,180.9,120,78,49.95,180,150,154.00,120.60,80.00,52.00,33.30,2,16,3000
23F6A16-3511,F6,23,6,air,panel,none,400V 3ph,none,std,104,75,100,150,124,225,270,232.005,181.995,118.995,76.995,52.005,180,150,154.67,121.33,79.33,51.33,34.67,4,16,3000
23F6A16-3512,F6,23,6,water,panel,none,400V 3ph,none,std,104,75,100,150,124,225,270,232.005,181.995,118.995,76.995,52.005,180,150,154.67,121.33,79.33,51.33,34.67,4,16,3000
23F6A16-3513,F6,23,6,air,push-through,none,400V 3ph,none,std,104,75,100,150,124,225,270,232.005,181.995,118.995,76.995,52.005,180,150,154.67,121.33,79.33,51.33,34.67,4,16,3000
23F6A16-3514,F6,23,6,water,push-through,none,400V 3ph,none,std,104,75,100,150,124,225,270,232.005,181.995,118.995,76.995,52.005,180,150,154.67,121.33,79.33,51.33,34.67,4,16,3000
23F6A16-3516,F6,23,6,water,push-through,integrated,400V 3ph,none,std,104,75,100,150,124,225,270,232.005,181.995,118.995,76.995,52.005,180,150,154.67,121.33,79.33,51.33,34.67,4,16,3000
23F6A16-3517,F6,23,6,oil,push-through,none,400V 3ph,none,std,104,75,100,150,124,225,270,232.005,181.995,118.995,76.995,52.005,180,150,154.67,121.33,79.33,51.33,34.67,4,16,3000
23F6A16-3519,F6,23,6,water,panel,integrated,400V 3ph,none,std,104,75,100,150,124,225,270,232.005,181.995,118.995,76.995,52.005,180,150,154.67,121.33,79.33,51.33,34.67,4,16,3000
23F6A16-3612,F6,23,6,water,panel,none,400V 3ph,none,std,104,75,100,150,124,225,270,316.005,259.995,180,121.995,87,180,150,210.67,173.33,120.00,81.33,58.00,8,16,3000
23F6A16-3614,F6,23,6,water,push-through,none,400V 3ph,none,std,104,75,100,150,124,225,270,316.005,259.995,180,121.995,87,180,150,210.67,173.33,120.00,81.33,58.00,8,16,3000
23F6A16-3616,F6,23,6,water,push-through,integrated,400V 3ph,none,std,104,75,100,150,124,225,270,316.005,259.995,180,121.995,87,180,150,210.67,173.33,120.00,81.33,58.00,8,16,3000
23F6A16-3619,F6,23,6,water,panel,integrated,400V 3ph,none,std,104,75,100,150,124,225,270,316.005,259.995,180,121.995,87,180,150,210.67,173.33,120.00,81.33,58.00,8,16,3000
23F6A16-4411,F6,23,6,air,panel,none,400V 3ph,none,none,104,75,100,150,124,225,270,231,180.9,120,78,49.95,180,150,154.00,120.60,80.00,52.00,33.30,2,16,3000
23F6A16-4412,F6,23,6,water,panel,none,400V 3ph,none,none,104,75,100,150,124,225,270,231,180.9,120,78,49.95,180,150,154.00,120.60,80.00,52.00,33.30,2,16,3000
23F6A16-4413,F6,23,6,air,push-through,none,400V 3ph,none,none,104,75,100,150,124,225,270,231,180.9,120,78,49.95,180,150,154.00,120.60,80.00,52.00,33.30,2,16,3000
23F6A16-4414,F6,23,6,water,push-through,none,400V 3ph,none,none,104,75,100,150,124,225,270,231,180.9,120,78,49.95,180,150,154.00,120.60,80.00,52.00,33.30,2,16,3000
23F6A16-4511,F6,23,6,air,panel,none,400V 3ph,none,none,104,75,100,150,124,225,270,232.005,181.995,118.995,76.995,52.005,180,150,154.67,121.33,79.33,51.33,34.67,4,16,3000
23F6A16-4512,F6,23,6,water,panel,none,400V 3ph,none,none,104,75,100,150,124,225,270,232.005,181.995,118.995,76.995,52.005,180,150,154.67,121.33,79.33,51.33,34.67,4,16,3000
23F6A16-4513,F6,23,6,air,push-through,none,400V 3ph,none,none,104,75,100,150,124,225,270,232.005,181.995,118.995,76.995,52.005,180,150,154.67,121.33,79.33,51.33,34.67,4,16,3000
23F6A16-4514,F6,23,6,water,push-through,none,400V 3ph,none,none,104,75,100,150,124,225,270,232.005,181.995,118.995,76.995,52.005,180,150,154.67,121.33,79.33,51.33,34.67,4,16,3000
23F6A16-4612,F6,23,6,water,panel,none,400V 3ph,none,none,104,75,100,150,124,225,270,316.005,259.995,180,121.995,87,180,150,210.67,173.33,120.00,81.33,58.00,8,16,3000
23F6A16-4614,F6,23,6,water,push-through,none,400V 3ph,none,none,104,75,100,150,124,225,270,316.005,259.995,180,121.995,87,180,150,210.67,173.33,120.00,81.33,58.00,8,16,3000
23F6A36-3411,F6,23,6,air,panel,none,400V 3ph,none,std,104,75,100,150,124,225,270,231,180.9,120,78,49.95,180,150,154.00,120.60,80.00,52.00,33.30,2,16,3000
23F6A36-3412,F6,23,6,water,panel,none,400V 3ph,none,std,104,75,100,150,124,225,270,231,180.9,120,78,49.95,180,150,154.00,120.60,80.00,52.00,33.30,2,16,3000
23F6A36-3413,F6,23,6,air,push-through,none,400V 3ph,none,std,104,75,100,150,124,225,270,231,180.9,120,78,49.95,180,150,154.00,120.60,80.00,52.00,33.30,2,16,3000
23F6A36-3414,F6,23,6,water,push-through,none,400V 3ph,none,std,104,75,100,150,124,225,270,231,180.9,120,78,49.95,180,150,154.00,120.60,80.00,52.00,33.30,2,16,3000
23F6A36-3416,F6,23,6,water,push-through,integrated,400V 3ph,none,std,104,75,100,150,124,225,270,231,180.9,120,78,49.95,180,150,154.00,120.60,80.00,52.00,33.30,2,16,3000
23F6A36-3419,F6,23,6,water,panel,integrated,400V 3ph,none,std,104,75,100,150,124,225,270,231,180.9,120,78,49.95,180,150,154.00,120.60,80.00,52.00,33.30,2,16,3000
23F6A36-3511,F6,23,6,air,panel,none,400V 3ph,none,std,104,75,100,150,124,225,270,232.005,181.995,118.995,76.995,52.005,180,150,154.67,121.33,79.33,51.33,34.67,4,16,3000
23F6A36-3512,F6,23,6,water,panel,none,400V 3ph,none,std,104,75,100,150,124,225,270,232.005,181.995,118.995,76.995,52.005,180,150,154.67,121.33,79.33,51.33,34.67,4,16,3000
23F6A36-3513,F6,23,6,air,push-through,none,400V 3ph,none,std,104,75,100,150,124,225,270,232.005,181.995,118.995,76.995,52.005,180,150,154.67,121.33,79.33,51.33,34.67,4,16,3000
23F6A36-3514,F6,23,6,water,push-through,none,400V 3ph,none,std,104,75,100,150,124,225,270,232.005,181.995,118.995,76.995,52.005,180,150,154.67,121.33,79.33,51.33,34.67,4,16,3000
23F6A36-3516,F6,23,6,water,push-through,integrated,400V 3ph,none,std,104,75,100,150,124,225,270,232.005,181.995,118.995,76.995,52.005,180,150,154.67,121.33,79.33,51.33,34.67,4,16,3000
23F6A36-3517,F6,23,6,oil,push-through,none,400V 3ph,none,std,104,75,100,150,124,225,270,232.005,181.995,118.995,76.995,52.005,180,150,154.67,121.33,79.33,51.33,34.67,4,16,3000
23F6A36-3519,F6,23,6,water,panel,integrated,400V 3ph,none,std,104,75,100,150,124,225,270,232.005,181.995,118.995,76.995,52.005,180,150,154.67,121.33,79.33,51.33,34.67,4,16,3000
23F6A36-3612,F6,23,6,water,panel,none,400V 3ph,none,std,104,75,100,150,124,225,270,316.005,259.995,180,121.995,87,180,150,210.67,173.33,120.00,81.33,58.00,8,16,3000
23F6A36-3614,F6,23,6,water,push-through,none,400V 3ph,none,std,104,75,100,150,124,225,270,316.005,259.995,180,121.995,87,180,150,210.67,173.33,120.00,81.33,58.00,8,16,3000
23F6A36-3616,F6,23,6,water,push-through,integrated,400V 3ph,none,std,104,75,100,150,124,225,270,316.005,259.995,180,121.995,87,180,150,210.67,173.33,120.00,81.33,58.00,8,16,3000
23F6A36-3619,F6,23,6,water,panel,integrated,400V 3ph,none,std,104,75,100,150,124,225,270,316.005,259.995,180,121.995,87,180,150,210.67,173.33,120.00,81.33,58.00,8,16,3000
23F6A36-4411,F6,23,6,air,panel,none,400V 3ph,none,none,104,75,100,150,124,225,270,231,180.9,120,78,49.95,180,150,154.00,120.60,80.00,52.00,33.30,2,16,3000
23F6A36-4412,F6,23,6,water,panel,none,400V 3ph,none,none,104,75,100,150,124,225,270,231,180.9,120,78,49.95,180,150,154.00,120.60,80.00,52.00,33.30,2,16,3000
23F6A36-4413,F6,23,6,air,push-through,none,400V 3ph,none,none,104,75,100,150,124,225,270,231,180.9,120,78,49.95,180,150,154.00,120.60,80.00,52.00,33.30,2,16,3000
23F6A36-4414,F6,23,6,water,push-through,none,400V 3ph,none,none,104,75,100,150,124,225,270,231,180.9,120,78,49.95,180,150,154.00,120.60,80.00,52.00,33.30,2,16,3000
23F6A36-4511,F6,23,6,air,panel,none,400V 3ph,none,none,104,75,100,150,124,225,270,232.005,181.995,118.995,76.995,52.005,180,150,154.67,121.33,79.33,51.33,34.67,4,16,3000
23F6A36-4512,F6,23,6,water,panel,none,400V 3ph,none,none,104,75,100,150,124,225,270,232.005,181.995,118.995,76.995,52.005,180,150,154.67,121.33,79.33,51.33,34.67,4,16,3000
23F6A36-4513,F6,23,6,air,push-through,none,400V 3ph,none,none,104,75,100,150,124,225,270,232.005,181.995,118.995,76.995,52.005,180,150,154.67,121.33,79.33,51.33,34.67,4,16,3000
23F6A36-4514,F6,23,6,water,push-through,none,400V 3ph,none,none,104,75,100,150,124,225,270,232.005,181.995,118.995,76.995,52.005,180,150,154.67,121.33,79.33,51.33,34.67,4,16,3000
23F6A36-4612,F6,23,6,water,panel,none,400V 3ph,none,none,104,75,100,150,124,225,270,316.005,259.995,180,121.995,87,180,150,210.67,173.33,120.00,81.33,58.00,8,16,3000
23F6A36-4614,F6,23,6,water,push-through,none,400V 3ph,none,none,104,75,100,150,124,225,270,316.005,259.995,180,121.995,87,180,150,210.67,173.33,120.00,81.33,58.00,8,16,3000
23F6K16-3411,F6,23,6,air,panel,none,400V 3ph,none,std,104,75,100,150,124,225,270,231,180.9,120,78,49.95,180,150,154.00,120.60,80.00,52.00,33.30,2,16,3000
23F6K16-3412,F6,23,6,water,panel,none,400V 3ph,none,std,104,75,100,150,124,225,270,231,180.9,120,78,49.95,180,150,154.00,120.60,80.00,52.00,33.30,2,16,3000
23F6K16-3413,F6,23,6,air,push-through,none,400V 3ph,none,std,104,75,100,150,124,225,270,231,180.9,120,78,49.95,180,150,154.00,120.60,80.00,52.00,33.30,2,16,3000
23F6K16-3414,F6,23,6,water,push-through,none,400V 3ph,none,std,104,75,100,150,124,225,270,231,180.9,120,78,49.95,180,150,154.00,120.60,80.00,52.00,33.30,2,16,3000
23F6K16-3416,F6,23,6,water,push-through,integrated,400V 3ph,none,std,104,75,100,150,124,225,270,231,180.9,120,78,49.95,180,150,154.00,120.60,80.00,52.00,33.30,2,16,3000
23F6K16-3417,F6,23,6,oil,push-through,none,400V 3ph,none,std,104,75,100,150,124,225,270,231,180.9,120,78,49.95,180,150,154.00,120.60,80.00,52.00,33.30,2,16,3000
23F6K16-3419,F6,23,6,water,panel,integrated,400V 3ph,none,std,104,75,100,150,124,225,270,231,180.9,120,78,49.95,180,150,154.00,120.60,80.00,52.00,33.30,2,16,3000
23F6K16-3421,F6,23,6,air,panel,none,400V 3ph,none,std,104,75,100,150,124,225,270,231,180.9,120,78,49.95,180,150,154.00,120.60,80.00,52.00,33.30,2,16,3000
23F6K16-3422,F6,23,6,water,panel,none,400V 3ph,none,std,104,75,100,150,124,225,270,231,180.9,120,78,49.95,180,150,154.00,120.60,80.00,52.00,33.30,2,16,3000
23F6K16-3423,F6,23,6,air,push-through,none,400V 3ph,none,std,104,75,100,150,124,225,270,231,180.9,120,78,49.95,180,150,154.00,120.60,80.00,52.00,33.30,2,16,3000
23F6K16-3424,F6,23,6,water,push-through,none,400V 3ph,none,std,104,75,100,150,124,225,270,231,180.9,120,78,49.95,180,150,154.00,120.60,80.00,52.00,33.30,2,16,3000
23F6K16-3426,F6,23,6,water,push-through,integrated,400V 3ph,none,std,104,75,100,150,124,225,270,231,180.9,120,78,49.95,180,150,154.00,120.60,80.00,52.00,33.30,2,16,3000
23F6K16-3429,F6,23,6,water,panel,integrated,400V 3ph,none,std,104,75,100,150,124,225,270,231,180.9,120,78,49.95,180,150,154.00,120.60,80.00,52.00,33.30,2,16,3000
23F6K16-3511,F6,23,6,air,panel,none,400V 3ph,none,std,104,75,100,150,124,225,270,232.005,181.995,118.995,76.995,52.005,180,150,154.67,121.33,79.33,51.33,34.67,4,16,3000
23F6K16-3512,F6,23,6,water,panel,none,400V 3ph,none,std,104,75,100,150,124,225,270,232.005,181.995,118.995,76.995,52.005,180,150,154.67,121.33,79.33,51.33,34.67,4,16,3000
23F6K16-3513,F6,23,6,air,push-through,none,400V 3ph,none,std,104,75,100,150,124,225,270,232.005,181.995,118.995,76.995,52.005,180,150,154.67,121.33,79.33,51.33,34.67,4,16,3000
23F6K16-3514,F6,23,6,water,push-through,none,400V 3ph,none,std,104,75,100,150,124,225,270,232.005,181.995,118.995,76.995,52.005,180,150,154.67,121.33,79.33,51.33,34.67,4,16,3000
23F6K16-3516,F6,23,6,water,push-through,integrated,400V 3ph,none,std,104,75,100,150,124,225,270,232.005,181.995,118.995,76.995,52.005,180,150,154.67,121.33,79.33,51.33,34.67,4,16,3000
23F6K16-3517,F6,23,6,oil,push-through,none,400V 3ph,none,std,104,75,100,150,124,225,270,232.005,181.995,118.995,76.995,52.005,180,150,154.67,121.33,79.33,51.33,34.67,4,16,3000
23F6K16-3519,F6,23,6,water,panel,integrated,400V 3ph,none,std,104,75,100,150,124,225,270,232.005,181.995,118.995,76.995,52.005,180,150,154.67,121.33,79.33,51.33,34.67,4,16,3000
23F6K16-3521,F6,23,6,air,panel,none,400V 3ph,none,std,104,75,100,150,124,225,270,232.005,181.995,118.995,76.995,52.005,180,150,154.67,121.33,79.33,51.33,34.67,4,16,3000
23F6K16-3522,F6,23,6,water,panel,none,400V 3ph,none,std,104,75,100,150,124,225,270,232.005,181.995,118.995,76.995,52.005,180,150,154.67,121.33,79.33,51.33,34.67,4,16,3000
23F6K16-3523,F6,23,6,air,push-through,none,400V 3ph,none,std,104,75,100,150,124,225,270,232.005,181.995,118.995,76.995,52.005,180,150,154.67,121.33,79.33,51.33,34.67,4,16,3000
23F6K16-3524,F6,23,6,water,push-through,none,400V 3ph,none,std,104,75,100,150,124,225,270,232.005,181.995,118.995,76.995,52.005,180,150,154.67,121.33,79.33,51.33,34.67,4,16,3000
23F6K16-3526,F6,23,6,water,push-through,integrated,400V 3ph,none,std,104,75,100,150,124,225,270,232.005,181.995,118.995,76.995,52.005,180,150,154.67,121.33,79.33,51.33,34.67,4,16,3000
23F6K16-3527,F6,23,6,oil,push-through,none,400V 3ph,none,std,104,75,100,150,124,225,270,232.005,181.995,118.995,76.995,52.005,180,150,154.67,121.33,79.33,51.33,34.67,4,16,3000
23F6K16-3529,F6,23,6,water,panel,integrated,400V 3ph,none,std,104,75,100,150,124,225,270,232.005,181.995,118.995,76.995,52.005,180,150,154.67,121.33,79.33,51.33,34.67,4,16,3000
23F6K16-3612,F6,23,6,water,panel,none,400V 3ph,none,std,104,75,100,150,124,225,270,316.005,259.995,180,121.995,87,180,150,210.67,173.33,120.00,81.33,58.00,8,16,3000
23F6K16-3614,F6,23,6,water,push-through,none,400V 3ph,none,std,104,75,100,150,124,225,270,316.005,259.995,180,121.995,87,180,150,210.67,173.33,120.00,81.33,58.00,8,16,3000
23F6K16-3616,F6,23,6,water,push-through,integrated,400V 3ph,none,std,104,75,100,150,124,225,270,316.005,259.995,180,121.995,87,180,150,210.67,173.33,120.00,81.33,58.00,8,16,3000
23F6K16-3619,F6,23,6,water,panel,integrated,400V 3ph,none,std,104,75,100,150,124,225,270,316.005,259.995,180,121.995,87,180,150,210.67,173.33,120.00,81.33,58.00,8,16,3000
23F6K16-3622,F6,23,6,water,panel,none,400V 3ph,none,std,104,75,100,150,124,225,270,316.005,259.995,180,121.995,87,180,150,210.67,173.33,120.00,81.33,58.00,8,16,3000
23F6K16-3624,F6,23,6,water,push-through,none,400V 3ph,none,std,104,75,100,150,124,225,270,316.005,259.995,180,121.995,87,180,150,210.67,173.33,120.00,81.33,58.00,8,16,3000
23F6K16-3626,F6,23,6,water,push-through,integrated,400V 3ph,none,std,104,75,100,150,124,225,270,316.005,259.995,180,121.995,87,180,150,210.67,173.33,120.00,81.33,58.00,8,16,3000
23F6K16-3629,F6,23,6,water,panel,integrated,400V 3ph,none,std,104,75,100,150,124,225,270,316.005,259.995,180,121.995,87,180,150,210.67,173.33,120.00,81.33,58.00,8,16,3000
23F6K16-4411,F6,23,6,air,panel,none,400V 3ph,none,none,104,75,100,150,124,225,270,231,180.9,120,78,49.95,180,150,154.00,120.60,80.00,52.00,33.30,2,16,3000
23F6K16-4412,F6,23,6,water,panel,none,400V 3ph,none,none,104,75,100,150,124,225,270,231,180.9,120,78,49.95,180,150,154.00,120.60,80.00,52.00,33.30,2,16,3000
23F6K16-4413,F6,23,6,air,push-through,none,400V 3ph,none,none,104,75,100,150,124,225,270,231,180.9,120,78,49.95,180,150,154.00,120.60,80.00,52.00,33.30,2,16,3000
23F6K16-4414,F6,23,6,water,push-through,none,400V 3ph,none,none,104,75,100,150,124,225,270,231,180.9,120,78,49.95,180,150,154.00,120.60,80.00,52.00,33.30,2,16,3000
23F6K16-4421,F6,23,6,air,panel,none,400V 3ph,none,none,104,75,100,150,124,225,270,231,180.9,120,78,49.95,180,150,154.00,120.60,80.00,52.00,33.30,2,16,3000
23F6K16-4422,F6,23,6,water,panel,none,400V 3ph,none,none,104,75,100,150,124,225,270,231,180.9,120,78,49.95,180,150,154.00,120.60,80.00,52.00,33.30,2,16,3000
23F6K16-4423,F6,23,6,air,push-through,none,400V 3ph,none,none,104,75,100,150,124,225,270,231,180.9,120,78,49.95,180,150,154.00,120.60,80.00,52.00,33.30,2,16,3000
23F6K16-4424,F6,23,6,water,push-through,none,400V 3ph,none,none,104,75,100,150,124,225,270,231,180.9,120,78,49.95,180,150,154.00,120.60,80.00,52.00,33.30,2,16,3000
23F6K16-4511,F6,23,6,air,panel,none,400V 3ph,none,none,104,75,100,150,124,225,270,232.005,181.995,118.995,76.995,52.005,180,150,154.67,121.33,79.33,51.33,34.67,4,16,3000
23F6K16-4512,F6,23,6,water,panel,none,400V 3ph,none,none,104,75,100,150,124,225,270,232.005,181.995,118.995,76.995,52.005,180,150,154.67,121.33,79.33,51.33,34.67,4,16,3000
23F6K16-4513,F6,23,6,air,push-through,none,400V 3ph,none,none,104,75,100,150,124,225,270,232.005,181.995,118.995,76.995,52.005,180,150,154.67,121.33,79.33,51.33,34.67,4,16,3000
23F6K16-4514,F6,23,6,water,push-through,none,400V 3ph,none,none,104,75,100,150,124,225,270,232.005,181.995,118.995,76.995,52.005,180,150,154.67,121.33,79.33,51.33,34.67,4,16,3000
23F6K16-4521,F6,23,6,air,panel,none,400V 3ph,none,none,104,75,100,150,124,225,270,232.005,181.995,118.995,76.995,52.005,180,150,154.67,121.33,79.33,51.33,34.67,4,16,3000
23F6K16-4522,F6,23,6,water,panel,none,400V 3ph,none,none,104,75,100,150,124,225,270,232.005,181.995,118.995,76.995,52.005,180,150,154.67,121.33,79.33,51.33,34.67,4,16,3000
23F6K16-4523,F6,23,6,air,push-through,none,400V 3ph,none,none,104,75,100,150,124,225,270,232.005,181.995,118.995,76.995,52.005,180,150,154.67,121.33,79.33,51.33,34.67,4,16,3000
23F6K16-4524,F6,23,6,water,push-through,none,400V 3ph,none,none,104,75,100,150,124,225,270,232.005,181.995,118.995,76.995,52.005,180,150,154.67,121.33,79.33,51.33,34.67,4,16,3000
23F6K16-4612,F6,23,6,water,panel,none,400V 3ph,none,none,104,75,100,150,124,225,270,316.005,259.995,180,121.995,87,180,150,210.67,173.33,120.00,81.33,58.00,8,16,3000
23F6K16-4614,F6,23,6,water,push-through,none,400V 3ph,none,none,104,75,100,150,124,225,270,316.005,259.995,180,121.995,87,180,150,210.67,173.33,120.00,81.33,58.00,8,16,3000
23F6K16-4622,F6,23,6,water,panel,none,400V 3ph,none,none,104,75,100,150,124,225,270,316.005,259.995,180,121.995,87,180,150,210.67,173.33,120.00,81.33,58.00,8,16,3000
23F6K16-4624,F6,23,6,water,push-through,none,400V 3ph,none,none,104,75,100,150,124,225,270,316.005,259.995,180,121.995,87,180,150,210.67,173.33,120.00,81.33,58.00,8,16,3000
23F6P56-3411,F6,23,6,air,panel,none,400V 3ph,none,std,104,75,100,150,124,225,270,231,180.9,120,78,49.95,180,150,154.00,120.60,80.00,52.00,33.30,2,16,3000
23F6P56-3431,F6,23,6,air,panel,none,400V 3ph,none,std,104,75,100,150,124,225,270,231,180.9,120,78,49.95,180,150,154.00,120.60,80.00,52.00,33.30,2,16,3000
23F6P56-3432,F6,23,6,water,panel,none,400V 3ph,none,std,104,75,100,150,124,225,270,231,180.9,120,78,49.95,180,150,154.00,120.60,80.00,52.00,33.30,2,16,3000
23F6P56-3433,F6,23,6,air,push-through,none,400V 3ph,none,std,104,75,100,150,124,225,270,231,180.9,120,78,49.95,180,150,154.00,120.60,80.00,52.00,33.30,2,16,3000
23F6P56-3434,F6,23,6,water,push-through,none,400V 3ph,none,std,104,75,100,150,124,225,270,231,180.9,120,78,49.95,180,150,154.00,120.60,80.00,52.00,33.30,2,16,3000
23F6P56-3436,F6,23,6,water,push-through,integrated,400V 3ph,none,std,104,75,100,150,124,225,270,231,180.9,120,78,49.95,180,150,154.00,120.60,80.00,52.00,33.30,2,16,3000
23F6P56-3439,F6,23,6,water,panel,integrated,400V 3ph,none,std,104,75,100,150,124,225,270,231,180.9,120,78,49.95,180,150,154.00,120.60,80.00,52.00,33.30,2,16,3000
23F6P56-3441,F6,23,6,air,panel,none,400V 3ph,none,std,104,75,100,150,124,225,270,231,180.9,120,78,49.95,180,150,154.00,120.60,80.00,52.00,33.30,2,16,3000
23F6P56-3442,F6,23,6,water,panel,none,400V 3ph,none,std,104,75,100,150,124,225,270,231,180.9,120,78,49.95,180,150,154.00,120.60,80.00,52.00,33.30,2,16,3000
23F6P56-3443,F6,23,6,air,push-through,none,400V 3ph,none,std,104,75,100,150,124,225,270,231,180.9,120,78,49.95,180,150,154.00,120.60,80.00,52.00,33.30,2,16,3000
23F6P56-3444,F6,23,6,water,push-through,none,400V 3ph,none,std,104,75,100,150,124,225,270,231,180.9,120,78,49.95,180,150,154.00,120.60,80.00,52.00,33.30,2,16,3000
23F6P56-3446,F6,23,6,water,push-through,integrated,400V 3ph,none,std,104,75,100,150,124,225,270,231,180.9,120,78,49.95,180,150,154.00,120.60,80.00,52.00,33.30,2,16,3000
23F6P56-3449,F6,23,6,water,panel,integrated,400V 3ph,none,std,104,75,100,150,124,225,270,231,180.9,120,78,49.95,180,150,154.00,120.60,80.00,52.00,33.30,2,16,3000
23F6P56-3451,F6,23,6,air,panel,none,400V 3ph,none,std,104,75,100,150,124,225,270,231,180.9,120,78,49.95,180,150,154.00,120.60,80.00,52.00,33.30,2,16,3000
23F6P56-3452,F6,23,6,water,panel,none,400V 3ph,none,std,104,75,100,150,124,225,270,231,180.9,120,78,49.95,180,150,154.00,120.60,80.00,52.00,33.30,2,16,3000
23F6P56-3453,F6,23,6,air,push-through,none,400V 3ph,none,std,104,75,100,150,124,225,270,231,180.9,120,78,49.95,180,150,154.00,120.60,80.00,52.00,33.30,2,16,3000
23F6P56-3454,F6,23,6,water,push-through,none,400V 3ph,none,std,104,75,100,150,124,225,270,231,180.9,120,78,49.95,180,150,154.00,120.60,80.00,52.00,33.30,2,16,3000
23F6P56-3456,F6,23,6,water,push-through,integrated,400V 3ph,none,std,104,75,100,150,124,225,270,231,180.9,120,78,49.95,180,150,154.00,120.60,80.00,52.00,33.30,2,16,3000
23F6P56-3459,F6,23,6,water,panel,integrated,400V 3ph,none,std,104,75,100,150,124,225,270,231,180.9,120,78,49.95,180,150,154.00,120.60,80.00,52.00,33.30,2,16,3000
23F6P56-3531,F6,23,6,air,panel,none,400V 3ph,none,std,104,75,100,150,124,225,270,232.005,181.995,118.995,76.995,52.005,180,150,154.67,121.33,79.33,51.33,34.67,4,16,3000
23F6P56-3532,F6,23,6,water,panel,none,400V 3ph,none,std,104,75,100,150,124,225,270,232.005,181.995,118.995,76.995,52.005,180,150,154.67,121.33,79.33,51.33,34.67,4,16,3000
23F6P56-3533,F6,23,6,air,push-through,none,400V 3ph,none,std,104,75,100,150,124,225,270,232.005,181.995,118.995,76.995,52.005,180,150,154.67,121.33,79.33,51.33,34.67,4,16,3000
23F6P56-3534,F6,23,6,water,push-through,none,400V 3ph,none,std,104,75,100,150,124,225,270,232.005,181.995,118.995,76.995,52.005,180,150,154.67,121.33,79.33,51.33,34.67,4,16,3000
23F6P56-3536,F6,23,6,water,push-through,integrated,400V 3ph,none,std,104,75,100,150,124,225,270,232.005,181.995,118.995,76.995,52.005,180,150,154.67,121.33,79.33,51.33,34.67,4,16,3000
23F6P56-3539,F6,23,6,water,panel,integrated,400V 3ph,none,std,104,75,100,150,124,225,270,232.005,181.995,118.995,76.995,52.005,180,150,154.67,121.33,79.33,51.33,34.67,4,16,3000
23F6P56-3541,F6,23,6,air,panel,none,400V 3ph,none,std,104,75,100,150,124,225,270,232.005,181.995,118.995,76.995,52.005,180,150,154.67,121.33,79.33,51.33,34.67,4,16,3000
23F6P56-3542,F6,23,6,water,panel,none,400V 3ph,none,std,104,75,100,150,124,225,270,232.005,181.995,118.995,76.995,52.005,180,150,154.67,121.33,79.33,51.33,34.67,4,16,3000
23F6P56-3543,F6,23,6,air,push-through,none,400V 3ph,none,std,104,75,100,150,124,225,270,232.005,181.995,118.995,76.995,52.005,180,150,154.67,121.33,79.33,51.33,34.67,4,16,3000
23F6P56-3544,F6,23,6,water,push-through,none,400V 3ph,none,std,104,75,100,150,124,225,270,232.005,181.995,118.995,76.995,52.005,180,150,154.67,121.33,79.33,51.33,34.67,4,16,3000
23F6P56-3546,F6,23,6,water,push-through,integrated,400V 3ph,none,std,104,75,100,150,124,225,270,232.005,181.995,118.995,76.995,52.005,180,150,154.67,121.33,79.33,51.33,34.67,4,16,3000
23F6P56-3549,F6,23,6,water,panel,integrated,400V 3ph,none,std,104,75,100,150,124,225,270,232.005,181.995,118.995,76.995,52.005,180,150,154.67,121.33,79.33,51.33,34.67,4,16,3000
23F6P56-3551,F6,23,6,air,panel,none,400V 3ph,none,std,104,75,100,150,124,225,270,232.005,181.995,118.995,76.995,52.005,180,150,154.67,121.33,79.33,51.33,34.67,4,16,3000
23F6P56-3552,F6,23,6,water,panel,none,400V 3ph,none,std,104,75,100,150,124,225,270,232.005,181.995,118.995,76.995,52.005,180,150,154.67,121.33,79.33,51.33,34.67,4,16,3000
23F6P56-3553,F6,23,6,air,push-through,none,400V 3ph,none,std,104,75,100,150,124,225,270,232.005,181.995,118.995,76.995,52.005,180,150,154.67,121.33,79.33,51.33,34.67,4,16,3000
23F6P56-3554,F6,23,6,water,push-through,none,400V 3ph,none,std,104,75,100,150,124,225,270,232.005,181.995,118.995,76.995,52.005,180,150,154.67,121.33,79.33,51.33,34.67,4,16,3000
23F6P56-3556,F6,23,6,water,push-through,integrated,400V 3ph,none,std,104,75,100,150,124,225,270,232.005,181.995,118.995,76.995,52.005,180,150,154.67,121.33,79.33,51.33,34.67,4,16,3000
23F6P56-3559,F6,23,6,water,panel,integrated,400V 3ph,none,std,104,75,100,150,124,225,270,232.005,181.995,118.995,76.995,52.005,180,150,154.67,121.33,79.33,51.33,34.67,4,16,3000
23F6P56-3632,F6,23,6,water,panel,none,400V 3ph,none,std,104,75,100,150,124,225,270,316.005,259.995,180,121.995,87,180,150,210.67,173.33,120.00,81.33,58.00,8,16,3000
23F6P56-3634,F6,23,6,water,push-through,none,400V 3ph,none,std,104,75,100,150,124,225,270,316.005,259.995,180,121.995,87,180,150,210.67,173.33,120.00,81.33,58.00,8,16,3000
23F6P56-3636,F6,23,6,water,push-through,integrated,400V 3ph,none,std,104,75,100,150,124,225,270,316.005,259.995,180,121.995,87,180,150,210.67,173.33,120.00,81.33,58.00,8,16,3000
23F6P56-3639,F6,23,6,water,panel,integrated,400V 3ph,none,std,104,75,100,150,124,225,270,316.005,259.995,180,121.995,87,180,150,210.67,173.33,120.00,81.33,58.00,8,16,3000
23F6P56-3642,F6,23,6,water,panel,none,400V 3ph,none,std,104,75,100,150,124,225,270,316.005,259.995,180,121.995,87,180,150,210.67,173.33,120.00,81.33,58.00,8,16,3000
23F6P56-3644,F6,23,6,water,push-through,none,400V 3ph,none,std,104,75,100,150,124,225,270,316.005,259.995,180,121.995,87,180,150,210.67,173.33,120.00,81.33,58.00,8,16,3000
23F6P56-3646,F6,23,6,water,push-through,integrated,400V 3ph,none,std,104,75,100,150,124,225,270,316.005,259.995,180,121.995,87,180,150,210.67,173.33,120.00,81.33,58.00,8,16,3000
23F6P56-3649,F6,23,6,water,panel,integrated,400V 3ph,none,std,104,75,100,150,124,225,270,316.005,259.995,180,121.995,87,180,150,210.67,173.33,120.00,81.33,58.00,8,16,3000
23F6P56-3652,F6,23,6,water,panel,none,400V 3ph,none,std,104,75,100,150,124,225,270,316.005,259.995,180,121.995,87,180,150,210.67,173.33,120.00,81.33,58.00,8,16,3000
23F6P56-3654,F6,23,6,water,push-through,none,400V 3ph,none,std,104,75,100,150,124,225,270,316.005,259.995,180,121.995,87,180,150,210.67,173.33,120.00,81.33,58.00,8,16,3000
23F6P56-3656,F6,23,6,water,push-through,integrated,400V 3ph,none,std,104,75,100,150,124,225,270,316.005,259.995,180,121.995,87,180,150,210.67,173.33,120.00,81.33,58.00,8,16,3000
23F6P56-3659,F6,23,6,water,panel,integrated,400V 3ph,none,std,104,75,100,150,124,225,270,316.005,259.995,180,121.995,87,180,150,210.67,173.33,120.00,81.33,58.00,8,16,3000
23F6P56-4431,F6,23,6,air,panel,none,400V 3ph,none,none,104,75,100,150,124,225,270,231,180.9,120,78,49.95,180,150,154.00,120.60,80.00,52.00,33.30,2,16,3000
23F6P56-4432,F6,23,6,water,panel,none,400V 3ph,none,none,104,75,100,150,124,225,270,231,180.9,120,78,49.95,180,150,154.00,120.60,80.00,52.00,33.30,2,16,3000
23F6P56-4433,F6,23,6,air,push-through,none,400V 3ph,none,none,104,75,100,150,124,225,270,231,180.9,120,78,49.95,180,150,154.00,120.60,80.00,52.00,33.30,2,16,3000
23F6P56-4434,F6,23,6,water,push-through,none,400V 3ph,none,none,104,75,100,150,124,225,270,231,180.9,120,78,49.95,180,150,154.00,120.60,80.00,52.00,33.30,2,16,3000
23F6P56-4441,F6,23,6,air,panel,none,400V 3ph,none,none,104,75,100,150,124,225,270,231,180.9,120,78,49.95,180,150,154.00,120.60,80.00,52.00,33.30,2,16,3000
23F6P56-4442,F6,23,6,water,panel,none,400V 3ph,none,none,104,75,100,150,124,225,270,231,180.9,120,78,49.95,180,150,154.00,120.60,80.00,52.00,33.30,2,16,3000
23F6P56-4443,F6,23,6,air,push-through,none,400V 3ph,none,none,104,75,100,150,124,225,270,231,180.9,120,78,49.95,180,150,154.00,120.60,80.00,52.00,33.30,2,16,3000
23F6P56-4444,F6,23,6,water,push-through,none,400V 3ph,none,none,104,75,100,150,124,225,270,231,180.9,120,78,49.95,180,150,154.00,120.60,80.00,52.00,33.30,2,16,3000
23F6P56-4451,F6,23,6,air,panel,none,400V 3ph,none,none,104,75,100,150,124,225,270,231,180.9,120,78,49.95,180,150,154.00,120.60,80.00,52.00,33.30,2,16,3000
23F6P56-4452,F6,23,6,water,panel,none,400V 3ph,none,none,104,75,100,150,124,225,270,231,180.9,120,78,49.95,180,150,154.00,120.60,80.00,52.00,33.30,2,16,3000
23F6P56-4453,F6,23,6,air,push-through,none,400V 3ph,none,none,104,75,100,150,124,225,270,231,180.9,120,78,49.95,180,150,154.00,120.60,80.00,52.00,33.30,2,16,3000
23F6P56-4454,F6,23,6,water,push-through,none,400V 3ph,none,none,104,75,100,150,124,225,270,231,180.9,120,78,49.95,180,150,154.00,120.60,80.00,52.00,33.30,2,16,3000
23F6P56-4531,F6,23,6,air,panel,none,400V 3ph,none,none,104,75,100,150,124,225,270,232.005,181.995,118.995,76.995,52.005,180,150,154.67,121.33,79.33,51.33,34.67,4,16,3000
23F6P56-4532,F6,23,6,water,panel,none,400V 3ph,none,none,104,75,100,150,124,225,270,232.005,181.995,118.995,76.995,52.005,180,150,154.67,121.33,79.33,51.33,34.67,4,16,3000
23F6P56-4533,F6,23,6,air,push-through,none,400V 3ph,none,none,104,75,100,150,124,225,270,232.005,181.995,118.995,76.995,52.005,180,150,154.67,121.33,79.33,51.33,34.67,4,16,3000
23F6P56-4534,F6,23,6,water,push-through,none,400V 3ph,none,none,104,75,100,150,124,225,270,232.005,181.995,118.995,76.995,52.005,180,150,154.67,121.33,79.33,51.33,34.67,4,16,3000
23F6P56-4541,F6,23,6,air,panel,none,400V 3ph,none,none,104,75,100,150,124,225,270,232.005,181.995,118.995,76.995,52.005,180,150,154.67,121.33,79.33,51.33,34.67,4,16,3000
23F6P56-4542,F6,23,6,water,panel,none,400V 3ph,none,none,104,75,100,150,124,225,270,232.005,181.995,118.995,76.995,52.005,180,150,154.67,121.33,79.33,51.33,34.67,4,16,3000
23F6P56-4543,F6,23,6,air,push-through,none,400V 3ph,none,none,104,75,100,150,124,225,270,232.005,181.995,118.995,76.995,52.005,180,150,154.67,121.33,79.33,51.33,34.67,4,16,3000
23F6P56-4544,F6,23,6,water,push-through,none,400V 3ph,none,none,104,75,100,150,124,225,270,232.005,181.995,118.995,76.995,52.005,180,150,154.67,121.33,79.33,51.33,34.67,4,16,3000
23F6P56-4551,F6,23,6,air,panel,none,400V 3ph,none,none,104,75,100,150,124,225,270,232.005,181.995,118.995,76.995,52.005,180,150,154.67,121.33,79.33,51.33,34.67,4,16,3000
23F6P56-4552,F6,23,6,water,panel,none,400V 3ph,none,none,104,75,100,150,124,225,270,232.005,181.995,118.995,76.995,52.005,180,150,154.67,121.33,79.33,51.33,34.67,4,16,3000
23F6P56-4553,F6,23,6,air,push-through,none,400V 3ph,none,none,104,75,100,150,124,225,270,232.005,181.995,118.995,76.995,52.005,180,150,154.67,121.33,79.33,51.33,34.67,4,16,3000
23F6P56-4554,F6,23,6,water,push-through,none,400V 3ph,none,none,104,75,100,150,124,225,270,232.005,181.995,118.995,76.995,52.005,180,150,154.67,121.33,79.33,51.33,34.67,4,16,3000
23F6P56-4632,F6,23,6,water,panel,none,400V 3ph,none,none,104,75,100,150,124,225,270,316.005,259.995,180,121.995,87,180,150,210.67,173.33,120.00,81.33,58.00,8,16,3000
23F6P56-4634,F6,23,6,water,push-through,none,400V 3ph,none,none,104,75,100,150,124,225,270,316.005,259.995,180,121.995,87,180,150,210.67,173.33,120.00,81.33,58.00,8,16,3000
23F6P56-463G,F6,23,6,water,push-through (high perf),none,400V 3ph,none,none,104,75,100,150,124,225,270,316.005,259.995,180,121.995,87,180,150,210.67,173.33,120.00,81.33,58.00,8,16,3000
23F6P56-4642,F6,23,6,water,panel,none,400V 3ph,none,none,104,75,100,150,124,225,270,316.005,259.995,180,121.995,87,180,150,210.67,173.33,120.00,81.33,58.00,8,16,3000
23F6P56-4644,F6,23,6,water,push-through,none,400V 3ph,none,none,104,75,100,150,124,225,270,316.005,259.995,180,121.995,87,180,150,210.67,173.33,120.00,81.33,58.00,8,16,3000
23F6P56-4652,F6,23,6,water,panel,none,400V 3ph,none,none,104,75,100,150,124,225,270,316.005,259.995,180,121.995,87,180,150,210.67,173.33,120.00,81.33,58.00,8,16,3000
23F6P56-4654,F6,23,6,water,push-through,none,400V 3ph,none,none,104,75,100,150,124,225,270,316.005,259.995,180,121.995,87,180,150,210.67,173.33,120.00,81.33,58.00,8,16,3000
24F6A16-3411,F6,24,6,air,panel,none,400V 3ph,none,std,125,90,125,180,156,270,324,278.406,218.394,142.794,92.394,62.406,180,150,154.67,121.33,79.33,51.33,34.67,2,16,3000
24F6A16-3412,F6,24,6,water,panel,none,400V 3ph,none,std,125,90,125,180,156,270,324,278.406,218.394,142.794,92.394,62.406,180,150,154.67,121.33,79.33,51.33,34.67,2,16,3000
24F6A16-3413,F6,24,6,air,push-through,none,400V 3ph,none,std,125,90,125,180,156,270,324,278.406,218.394,142.794,92.394,62.406,180,150,154.67,121.33,79.33,51.33,34.67,2,16,3000
24F6A16-3414,F6,24,6,water,push-through,none,400V 3ph,none,std,125,90,125,180,156,270,324,278.406,218.394,142.794,92.394,62.406,180,150,154.67,121.33,79.33,51.33,34.67,2,16,3000
24F6A16-3416,F6,24,6,water,push-through,integrated,400V 3ph,none,std,125,90,125,180,156,270,324,278.406,218.394,142.794,92.394,62.406,180,150,154.67,121.33,79.33,51.33,34.67,2,16,3000
24F6A16-3419,F6,24,6,water,panel,integrated,400V 3ph,none,std,125,90,125,180,156,270,324,278.406,218.394,142.794,92.394,62.406,180,150,154.67,121.33,79.33,51.33,34.67,2,16,3000
24F6A16-3516,F6,24,6,water,push-through,integrated,400V 3ph,none,std,125,90,125,180,156,270,324,306,242.406,160.794,106.794,75.6,180,150,170.00,134.67,89.33,59.33,42.00,4,16,3000
24F6A16-3517,F6,24,6,oil,push-through,none,400V 3ph,none,std,125,90,125,180,156,270,324,306,242.406,160.794,106.794,75.6,180,150,170.00,134.67,89.33,59.33,42.00,4,16,3000
24F6A16-3519,F6,24,6,water,panel,integrated,400V 3ph,none,std,125,90,125,180,156,270,324,306,242.406,160.794,106.794,75.6,180,150,170.00,134.67,89.33,59.33,42.00,4,16,3000
24F6A16-3B1E,F6,24,6,water,panel (high perf),none,400V 3ph,none,std,125,90,125,180,156,225,270,239.994,185.994,120.006,86.4,66.006,150,125,133.33,103.33,66.67,48.00,36.67,8,16,3000
24F6A16-3B1G,F6,24,6,water,push-through (high perf),none,400V 3ph,none,std,125,90,125,180,156,225,270,239.994,185.994,120.006,86.4,66.006,150,125,133.33,103.33,66.67,48.00,36.67,8,16,3000
24F6A16-4411,F6,24,6,air,panel,none,400V 3ph,none,none,125,90,125,180,156,270,324,278.406,218.394,142.794,92.394,62.406,180,150,154.67,121.33,79.33,51.33,34.67,2,16,3000
24F6A16-4412,F6,24,6,water,panel,none,400V 3ph,none,none,125,90,125,180,156,270,324,278.406,218.394,142.794,92.394,62.406,180,150,154.67,121.33,79.33,51.33,34.67,2,16,3000
24F6A16-4413,F6,24,6,air,push-through,none,400V 3ph,none,none,125,90,125,180,156,270,324,278.406,218.394,142.794,92.394,62.406,180,150,154.67,121.33,79.33,51.33,34.67,2,16,3000
24F6A16-4414,F6,24,6,water,push-through,none,400V 3ph,none,none,125,90,125,180,156,270,324,278.406,218.394,142.794,92.394,62.406,180,150,154.67,121.33,79.33,51.33,34.67,2,16,3000
24F6A16-4B1E,F6,24,6,water,panel (high perf),none,400V 3ph,none,none,125,90,125,180,156,225,270,239.994,185.994,120.006,86.4,66.006,150,125,133.33,103.33,66.67,48.00,36.67,8,16,3000
24F6A16-4B1G,F6,24,6,water,push-through (high perf),none,400V 3ph,none,none,125,90,125,180,156,225,270,239.994,185.994,120.006,86.4,66.006,150,125,133.33,103.33,66.67,48.00,36.67,8,16,3000
24F6A16-AE1E,F6,24,6,water,panel (high perf),none,400V 3ph,none,std,125,90,125,180,156,270,324,203.994,156.006,108,77.994,59.994,180,150,113.33,86.67,60.00,43.33,33.33,2,16,3000
24F6A16-AE1G,F6,24,6,water,push-through (high perf),none,400V 3ph,none,std,125,90,125,180,156,270,324,203.994,156.006,108,77.994,59.994,180,150,113.33,86.67,60.00,43.33,33.33,2,16,3000
24F6A16-BE1E,F6,24,6,water,panel (high perf),none,400V 3ph,none,none,125,90,125,180,156,270,324,203.994,156.006,108,77.994,59.994,180,150,113.33,86.67,60.00,43.33,33.33,2,16,3000
24F6A16-BE1G,F6,24,6,water,push-through (high perf),none,400V 3ph,none,none,125,90,125,180,156,270,324,203.994,156.006,108,77.994,59.994,180,150,113.33,86.67,60.00,43.33,33.33,2,16,3000
24F6A36-3411,F6,24,6,air,panel,none,400V 3ph,none,std,125,90,125,180,156,270,324,278.406,218.394,142.794,92.394,62.406,180,150,154.67,121.33,79.33,51.33,34.67,2,16,3000
24F6A36-3412,F6,24,6,water,panel,none,400V 3ph,none,std,125,90,125,180,156,270,324,278.406,218.394,142.794,92.394,62.406,180,150,154.67,121.33,79.33,51.33,34.67,2,16,3000
24F6A36-3413,F6,24,6,air,push-through,none,400V 3ph,none,std,125,90,125,180,156,270,324,278.406,218.394,142.794,92.394,62.406,180,150,154.67,121.33,79.33,51.33,34.67,2,16,3000
24F6A36-3414,F6,24,6,water,push-through,none,400V 3ph,none,std,125,90,125,180,156,270,324,278.406,218.394,142.794,92.394,62.406,180,150,154.67,121.33,79.33,51.33,34.67,2,16,3000
24F6A36-3416,F6,24,6,water,push-through,integrated,400V 3ph,none,std,125,90,125,180,156,270,324,278.406,218.394,142.794,92.394,62.406,180,150,154.67,121.33,79.33,51.33,34.67,2,16,3000
24F6A36-3419,F6,24,6,water,panel,integrated,400V 3ph,none,std,125,90,125,180,156,270,324,278.406,218.394,142.794,92.394,62.406,180,150,154.67,121.33,79.33,51.33,34.67,2,16,3000
24F6A36-34B1,F6,24,6,air,panel,none,400V 3ph,none,std,125,90,125,180,156,270,324,278.406,218.394,142.794,92.394,62.406,180,150,154.67,121.33,79.33,51.33,34.67,2,16,3000
24F6A36-3516,F6,24,6,water,push-through,integrated,400V 3ph,none,std,125,90,125,180,156,270,324,306,242.406,160.794,106.794,75.6,180,150,170.00,134.67,89.33,59.33,42.00,4,16,3000
24F6A36-3517,F6,24,6,oil,push-through,none,400V 3ph,none,std,125,90,125,180,156,270,324,306,242.406,160.794,106.794,75.6,180,150,170.00,134.67,89.33,59.33,42.00,4,16,3000
24F6A36-3519,F6,24,6,water,panel,integrated,400V 3ph,none,std,125,90,125,180,156,270,324,306,242.406,160.794,106.794,75.6,180,150,170.00,134.67,89.33,59.33,42.00,4,16,3000
24F6A36-3B1E,F6,24,6,water,panel (high perf),none,400V 3ph,none,std,125,90,125,180,156,225,270,239.994,185.994,120.006,86.4,66.006,150,125,133.33,103.33,66.67,48.00,36.67,8,16,3000
24F6A36-3B1G,F6,24,6,water,push-through (high perf),none,400V 3ph,none,std,125,90,125,180,156,225,270,239.994,185.994,120.006,86.4,66.006,150,125,133.33,103.33,66.67,48.00,36.67,8,16,3000
24F6A36-4411,F6,24,6,air,panel,none,400V 3ph,none,none,125,90,125,180,156,270,324,278.406,218.394,142.794,92.394,62.406,180,150,154.67,121.33,79.33,51.33,34.67,2,16,3000
24F6A36-4412,F6,24,6,water,panel,none,400V 3ph,none,none,125,90,125,180,156,270,324,278.406,218.394,142.794,92.394,62.406,180,150,154.67,121.33,79.33,51.33,34.67,2,16,3000
24F6A36-4413,F6,24,6,air,push-through,none,400V 3ph,none,none,125,90,125,180,156,270,324,278.406,218.394,142.794,92.394,62.406,180,150,154.67,121.33,79.33,51.33,34.67,2,16,3000
24F6A36-4414,F6,24,6,water,push-through,none,400V 3ph,none,none,125,90,125,180,156,270,324,278.406,218.394,142.794,92.394,62.406,180,150,154.67,121.33,79.33,51.33,34.67,2,16,3000
24F6A36-4B1E,F6,24,6,water,panel (high perf),none,400V 3ph,none,none,125,90,125,180,156,225,270,239.994,185.994,120.006,86.4,66.006,150,125,133.33,103.33,66.67,48.00,36.67,8,16,3000
24F6A36-4B1G,F6,24,6,water,push-through (high perf),none,400V 3ph,none,none,125,90,125,180,156,225,270,239.994,185.994,120.006,86.4,66.006,150,125,133.33,103.33,66.67,48.00,36.67,8,16,3000
24F6A36-AE1E,F6,24,6,water,panel (high perf),none,400V 3ph,none,std,125,90,125,180,156,270,324,203.994,156.006,108,77.994,59.994,180,150,113.33,86.67,60.00,43.33,33.33,2,16,3000
24F6A36-AE1G,F6,24,6,water,push-through (high perf),none,400V 3ph,none,std,125,90,125,180,156,270,324,203.994,156.006,108,77.994,59.994,180,150,113.33,86.67,60.00,43.33,33.33,2,16,3000
24F6A36-BE1E,F6,24,6,water,panel (high perf),none,400V 3ph,none,none,125,90,125,180,156,270,324,203.994,156.006,108,77.994,59.994,180,150,113.33,86.67,60.00,43.33,33.33,2,16,3000
24F6A36-BE1G,F6,24,6,water,push-through (high perf),none,400V 3ph,none,none,125,90,125,180,156,270,324,203.994,156.006,108,77.994,59.994,180,150,113.33,86.67,60.00,43.33,33.33,2,16,3000
24F6K16-3411,F6,24,6,air,panel,none,400V 3ph,none,std,125,90,125,180,156,270,324,278.406,218.394,142.794,92.394,62.406,180,150,154.67,121.33,79.33,51.33,34.67,2,16,3000
24F6K16-3412,F6,24,6,water,panel,none,400V 3ph,none,std,125,90,125,180,156,270,324,278.406,218.394,142.794,92.394,62.406,180,150,154.67,121.33,79.33,51.33,34.67,2,16,3000
24F6K16-3413,F6,24,6,air,push-through,none,400V 3ph,none,std,125,90,125,180,156,270,324,278.406,218.394,142.794,92.394,62.406,180,150,154.67,121.33,79.33,51.33,34.67,2,16,3000
24F6K16-3414,F6,24,6,water,push-through,none,400V 3ph,none,std,125,90,125,180,156,270,324,278.406,218.394,142.794,92.394,62.406,180,150,154.67,121.33,79.33,51.33,34.67,2,16,3000
24F6K16-3416,F6,24,6,water,push-through,integrated,400V 3ph,none,std,125,90,125,180,156,270,324,278.406,218.394,142.794,92.394,62.406,180,150,154.67,121.33,79.33,51.33,34.67,2,16,3000
24F6K16-3417,F6,24,6,oil,push-through,none,400V 3ph,none,std,125,90,125,180,156,270,324,278.406,218.394,142.794,92.394,62.406,180,150,154.67,121.33,79.33,51.33,34.67,2,16,3000
24F6K16-3419,F6,24,6,water,panel,integrated,400V 3ph,none,std,125,90,125,180,156,270,324,278.406,218.394,142.794,92.394,62.406,180,150,154.67,121.33,79.33,51.33,34.67,2,16,3000
24F6K16-3421,F6,24,6,air,panel,none,400V 3ph,none,std,125,90,125,180,156,270,324,278.406,218.394,142.794,92.394,62.406,180,150,154.67,121.33,79.33,51.33,34.67,2,16,3000
24F6K16-3422,F6,24,6,water,panel,none,400V 3ph,none,std,125,90,125,180,156,270,324,278.406,218.394,142.794,92.394,62.406,180,150,154.67,121.33,79.33,51.33,34.67,2,16,3000
24F6K16-3423,F6,24,6,air,push-through,none,400V 3ph,none,std,125,90,125,180,156,270,324,278.406,218.394,142.794,92.394,62.406,180,150,154.67,121.33,79.33,51.33,34.67,2,16,3000
24F6K16-3424,F6,24,6,water,push-through,none,400V 3ph,none,std,125,90,125,180,156,270,324,278.406,218.394,142.794,92.394,62.406,180,150,154.67,121.33,79.33,51.33,34.67,2,16,3000
24F6K16-3426,F6,24,6,water,push-through,integrated,400V 3ph,none,std,125,90,125,180,156,270,324,278.406,218.394,142.794,92.394,62.406,180,150,154.67,121.33,79.33,51.33,34.67,2,16,3000
24F6K16-3429,F6,24,6,water,panel,integrated,400V 3ph,none,std,125,90,125,180,156,270,324,278.406,218.394,142.794,92.394,62.406,180,150,154.67,121.33,79.33,51.33,34.67,2,16,3000
24F6K16-3516,F6,24,6,water,push-through,integrated,400V 3ph,none,std,125,90,125,180,156,270,324,306,242.406,160.794,106.794,75.6,180,150,170.00,134.67,89.33,59.33,42.00,4,16,3000
24F6K16-3517,F6,24,6,oil,push-through,none,400V 3ph,none,std,125,90,125,180,156,270,324,306,242.406,160.794,106.794,75.6,180,150,170.00,134.67,89.33,59.33,42.00,4,16,3000
24F6K16-3519,F6,24,6,water,panel,integrated,400V 3ph,none,std,125,90,125,180,156,270,324,306,242.406,160.794,106.794,75.6,180,150,170.00,134.67,89.33,59.33,42.00,4,16,3000
24F6K16-3526,F6,24,6,water,push-through,integrated,400V 3ph,none,std,125,90,125,180,156,270,324,278.406,218.394,142.794,92.394,62.406,180,150,154.67,121.33,79.33,51.33,34.67,2,16,3000
24F6K16-3527,F6,24,6,oil,push-through,none,400V 3ph,none,std,125,90,125,180,156,270,324,306,242.406,160.794,106.794,75.6,180,150,170.00,134.67,89.33,59.33,42.00,4,16,3000
24F6K16-3529,F6,24,6,water,panel,integrated,400V 3ph,none,std,125,90,125,180,156,270,324,306,242.406,160.794,106.794,75.6,180,150,170.00,134.67,89.33,59.33,42.00,4,16,3000
24F6K16-4411,F6,24,6,air,panel,none,400V 3ph,none,none,125,90,125,180,156,270,324,278.406,218.394,142.794,92.394,62.406,180,150,154.67,121.33,79.33,51.33,34.67,2,16,3000
24F6K16-4412,F6,24,6,water,panel,none,400V 3ph,none,none,125,90,125,180,156,270,324,278.406,218.394,142.794,92.394,62.406,180,150,154.67,121.33,79.33,51.33,34.67,2,16,3000
24F6K16-4413,F6,24,6,air,push-through,none,400V 3ph,none,none,125,90,125,180,156,270,324,278.406,218.394,142.794,92.394,62.406,180,150,154.67,121.33,79.33,51.33,34.67,2,16,3000
24F6K16-4414,F6,24,6,water,push-through,none,400V 3ph,none,none,125,90,125,180,156,270,324,278.406,218.394,142.794,92.394,62.406,180,150,154.67,121.33,79.33,51.33,34.67,2,16,3000
24F6K16-4421,F6,24,6,air,panel,none,400V 3ph,none,none,125,90,125,180,156,270,324,278.406,218.394,142.794,92.394,62.406,180,150,154.67,121.33,79.33,51.33,34.67,2,16,3000
24F6K16-4422,F6,24,6,water,panel,none,400V 3ph,none,none,125,90,125,180,156,270,324,278.406,218.394,142.794,92.394,62.406,180,150,154.67,121.33,79.33,51.33,34.67,2,16,3000
24F6K16-4423,F6,24,6,air,push-through,none,400V 3ph,none,none,125,90,125,180,156,270,324,278.406,218.394,142.794,92.394,62.406,180,150,154.67,121.33,79.33,51.33,34.67,2,16,3000
24F6K16-4424,F6,24,6,water,push-through,none,400V 3ph,none,none,125,90,125,180,156,270,324,278.406,218.394,142.794,92.394,62.406,180,150,154.67,121.33,79.33,51.33,34.67,2,16,3000
24F6K16-AE1E,F6,24,6,water,panel (high perf),none,400V 3ph,none,std,125,90,125,180,156,270,324,203.994,156.006,108,77.994,59.994,180,150,113.33,86.67,60.00,43.33,33.33,2,16,3000
24F6K16-AE1G,F6,24,6,water,push-through (high perf),none,400V 3ph,none,std,125,90,125,180,156,270,324,203.994,156.006,108,77.994,59.994,180,150,113.33,86.67,60.00,43.33,33.33,2,16,3000
24F6K16-AE2E,F6,24,6,water,panel (high perf),none,400V 3ph,none,std,125,90,125,180,156,270,324,203.994,156.006,108,77.994,59.994,180,150,113.33,86.67,60.00,43.33,33.33,2,16,3000
24F6K16-AE2G,F6,24,6,water,push-through (high perf),none,400V 3ph,none,std,125,90,125,180,156,270,324,203.994,156.006,108,77.994,59.994,180,150,113.33,86.67,60.00,43.33,33.33,2,16,3000
24F6K16-BE1E,F6,24,6,water,panel (high perf),none,400V 3ph,none,none,125,90,125,180,156,270,324,203.994,156.006,108,77.994,59.994,180,150,113.33,86.67,60.00,43.33,33.33,2,16,3000
24F6K16-BE1G,F6,24,6,water,push-through (high perf),none,400V 3ph,none,none,125,90,125,180,156,270,324,203.994,156.006,108,77.994,59.994,180,150,113.33,86.67,60.00,43.33,33.33,2,16,3000
24F6K16-BE2E,F6,24,6,water,panel (high perf),none,400V 3ph,none,none,125,90,125,180,156,270,324,203.994,156.006,108,77.994,59.994,180,150,113.33,86.67,60.00,43.33,33.33,2,16,3000
24F6K16-BE2G,F6,24,6,water,push-through (high perf),none,400V 3ph,none,none,125,90,125,180,156,270,324,203.994,156.006,108,77.994,59.994,180,150,113.33,86.67,60.00,43.33,33.33,2,16,3000
24F6P56-3411,F6,24,6,air,panel,none,400V 3ph,none,std,125,90,125,180,156,270,324,278.406,218.394,142.794,92.394,62.406,180,150,154.67,121.33,79.33,51.33,34.67,2,16,3000
24F6P56-3431,F6,24,6,air,panel,none,400V 3ph,none,std,125,90,125,180,156,270,324,278.406,218.394,142.794,92.394,62.406,180,150,154.67,121.33,79.33,51.33,34.67,2,16,3000
24F6P56-3432,F6,24,6,water,panel,none,400V 3ph,none,std,125,90,125,180,156,270,324,278.406,218.394,142.794,92.394,62.406,180,150,154.67,121.33,79.33,51.33,34.67,2,16,3000
24F6P56-3433,F6,24,6,air,push-through,none,400V 3ph,none,std,125,90,125,180,156,270,324,278.406,218.394,142.794,92.394,62.406,180,150,154.67,121.33,79.33,51.33,34.67,2,16,3000
24F6P56-3434,F6,24,6,water,push-through,none,400V 3ph,none,std,125,90,125,180,156,270,324,278.406,218.394,142.794,92.394,62.406,180,150,154.67,121.33,79.33,51.33,34.67,2,16,3000
24F6P56-3436,F6,24,6,water,push-through,integrated,400V 3ph,none,std,125,90,125,180,156,270,324,278.406,218.394,142.794,92.394,62.406,180,150,154.67,121.33,79.33,51.33,34.67,2,16,3000
24F6P56-3439,F6,24,6,water,panel,integrated,400V 3ph,none,std,125,90,125,180,156,270,324,278.406,218.394,142.794,92.394,62.406,180,150,154.67,121.33,79.33,51.33,34.67,2,16,3000
24F6P56-3441,F6,24,6,air,panel,none,400V 3ph,none,std,125,90,125,180,156,270,324,278.406,218.394,142.794,92.394,62.406,180,150,154.67,121.33,79.33,51.33,34.67,2,16,3000
24F6P56-3442,F6,24,6,water,panel,none,400V 3ph,none,std,125,90,125,180,156,270,324,278.406,218.394,142.794,92.394,62.406,180,150,154.67,121.33,79.33,51.33,34.67,2,16,3000
24F6P56-3443,F6,24,6,air,push-through,none,400V 3ph,none,std,125,90,125,180,156,270,324,278.406,218.394,142.794,92.394,62.406,180,150,154.67,121.33,79.33,51.33,34.67,2,16,3000
24F6P56-3444,F6,24,6,water,push-through,none,400V 3ph,none,std,125,90,125,180,156,270,324,278.406,218.394,142.794,92.394,62.406,180,150,154.67,121.33,79.33,51.33,34.67,2,16,3000
24F6P56-3446,F6,24,6,water,push-through,integrated,400V 3ph,none,std,125,90,125,180,156,270,324,278.406,218.394,142.794,92.394,62.406,180,150,154.67,121.33,79.33,51.33,34.67,2,16,3000
24F6P56-3449,F6,24,6,water,panel,integrated,400V 3ph,none,std,125,90,125,180,156,270,324,278.406,218.394,142.794,92.394,62.406,180,150,154.67,121.33,79.33,51.33,34.67,2,16,3000
24F6P56-3451,F6,24,6,air,panel,none,400V 3ph,none,std,125,90,125,180,156,270,324,278.406,218.394,142.794,92.394,62.406,180,150,154.67,121.33,79.33,51.33,34.67,2,16,3000
24F6P56-3452,F6,24,6,water,panel,none,400V 3ph,none,std,125,90,125,180,156,270,324,278.406,218.394,142.794,92.394,62.406,180,150,154.67,121.33,79.33,51.33,34.67,2,16,3000
24F6P56-3453,F6,24,6,air,push-through,none,400V 3ph,none,std,125,90,125,180,156,270,324,278.406,218.394,142.794,92.394,62.406,180,150,154.67,121.33,79.33,51.33,34.67,2,16,3000
24F6P56-3454,F6,24,6,water,push-through,none,400V 3ph,none,std,125,90,125,180,156,270,324,278.406,218.394,142.794,92.394,62.406,180,150,154.67,121.33,79.33,51.33,34.67,2,16,3000
24F6P56-3456,F6,24,6,water,push-through,integrated,400V 3ph,none,std,125,90,125,180,156,270,324,278.406,218.394,142.794,92.394,62.406,180,150,154.67,121.33,79.33,51.33,34.67,2,16,3000
24F6P56-3459,F6,24,6,water,panel,integrated,400V 3ph,none,std,125,90,125,180,156,270,324,278.406,218.394,142.794,92.394,62.406,180,150,154.67,121.33,79.33,51.33,34.67,2,16,3000
24F6P56-3536,F6,24,6,water,push-through,integrated,400V 3ph,none,std,125,90,125,180,156,270,324,306,242.406,160.794,106.794,75.6,180,150,170.00,134.67,89.33,59.33,42.00,4,16,3000
24F6P56-3539,F6,24,6,water,panel,integrated,400V 3ph,none,std,125,90,125,180,156,270,324,306,242.406,160.794,106.794,75.6,180,150,170.00,134.67,89.33,59.33,42.00,4,16,3000
24F6P56-3546,F6,24,6,water,push-through,integrated,400V 3ph,none,std,125,90,125,180,156,270,324,306,242.406,160.794,106.794,75.6,180,150,170.00,134.67,89.33,59.33,42.00,4,16,3000
24F6P56-3549,F6,24,6,water,panel,integrated,400V 3ph,none,std,125,90,125,180,156,270,324,306,242.406,160.794,106.794,75.6,180,150,170.00,134.67,89.33,59.33,42.00,4,16,3000
24F6P56-3556,F6,24,6,water,push-through,integrated,400V 3ph,none,std,125,90,125,180,156,270,324,306,242.406,160.794,106.794,75.6,180,150,170.00,134.67,89.33,59.33,42.00,4,16,3000
24F6P56-3559,F6,24,6,water,panel,integrated,400V 3ph,none,std,125,90,125,180,156,270,324,306,242.406,160.794,106.794,75.6,180,150,170.00,134.67,89.33,59.33,42.00,4,16,3000
24F6P56-3B3E,F6,24,6,water,panel (high perf),none,400V 3ph,none,std,125,90,125,180,156,225,270,239.994,185.994,120.006,86.4,66.006,150,125,133.33,103.33,66.67,48.00,36.67,8,16,3000
24F6P56-3B3G,F6,24,6,water,push-through (high perf),none,400V 3ph,none,std,125,90,125,180,156,225,270,239.994,185.994,120.006,86.4,66.006,150,125,133.33,103.33,66.67,48.00,36.67,8,16,3000
24F6P56-3B4E,F6,24,6,water,panel (high perf),none,400V 3ph,none,std,125,90,125,180,156,225,270,239.994,185.994,120.006,86.4,66.006,150,125,133.33,103.33,66.67,48.00,36.67,8,16,3000
24F6P56-3B4G,F6,24,6,water,push-through (high perf),none,400V 3ph,none,std,125,90,125,180,156,225,270,239.994,185.994,120.006,86.4,66.006,150,125,133.33,103.33,66.67,48.00,36.67,8,16,3000
24F6P56-3B5E,F6,24,6,water,panel (high perf),none,400V 3ph,none,std,125,90,125,180,156,225,270,239.994,185.994,120.006,86.4,66.006,150,125,133.33,103.33,66.67,48.00,36.67,8,16,3000
24F6P56-3B5G,F6,24,6,water,push-through (high perf),none,400V 3ph,none,std,125,90,125,180,156,225,270,239.994,185.994,120.006,86.4,66.006,150,125,133.33,103.33,66.67,48.00,36.67,8,16,3000
24F6P56-4431,F6,24,6,air,panel,none,400V 3ph,none,none,125,90,125,180,156,270,324,278.406,218.394,142.794,92.394,62.406,180,150,154.67,121.33,79.33,51.33,34.67,2,16,3000
24F6P56-4432,F6,24,6,water,panel,none,400V 3ph,none,none,125,90,125,180,156,270,324,278.406,218.394,142.794,92.394,62.406,180,150,154.67,121.33,79.33,51.33,34.67,2,16,3000
24F6P56-4433,F6,24,6,air,push-through,none,400V 3ph,none,none,125,90,125,180,156,270,324,278.406,218.394,142.794,92.394,62.406,180,150,154.67,121.33,79.33,51.33,34.67,2,16,3000
24F6P56-4434,F6,24,6,water,push-through,none,400V 3ph,none,none,125,90,125,180,156,270,324,278.406,218.394,142.794,92.394,62.406,180,150,154.67,121.33,79.33,51.33,34.67,2,16,3000
24F6P56-4441,F6,24,6,air,panel,none,400V 3ph,none,none,125,90,125,180,156,270,324,278.406,218.394,142.794,92.394,62.406,180,150,154.67,121.33,79.33,51.33,34.67,2,16,3000
24F6P56-4442,F6,24,6,water,panel,none,400V 3ph,none,none,125,90,125,180,156,270,324,278.406,218.394,142.794,92.394,62.406,180,150,154.67,121.33,79.33,51.33,34.67,2,16,3000
24F6P56-4443,F6,24,6,air,push-through,none,400V 3ph,none,none,125,90,125,180,156,270,324,278.406,218.394,142.794,92.394,62.406,180,150,154.67,121.33,79.33,51.33,34.67,2,16,3000
24F6P56-4444,F6,24,6,water,push-through,none,400V 3ph,none,none,125,90,125,180,156,270,324,278.406,218.394,142.794,92.394,62.406,180,150,154.67,121.33,79.33,51.33,34.67,2,16,3000
24F6P56-4451,F6,24,6,air,panel,none,400V 3ph,none,none,125,90,125,180,156,270,324,278.406,218.394,142.794,92.394,62.406,180,150,154.67,121.33,79.33,51.33,34.67,2,16,3000
24F6P56-4452,F6,24,6,water,panel,none,400V 3ph,none,none,125,90,125,180,156,270,324,278.406,218.394,142.794,92.394,62.406,180,150,154.67,121.33,79.33,51.33,34.67,2,16,3000
24F6P56-4453,F6,24,6,air,push-through,none,400V 3ph,none,none,125,90,125,180,156,270,324,278.406,218.394,142.794,92.394,62.406,180,150,154.67,121.33,79.33,51.33,34.67,2,16,3000
24F6P56-4454,F6,24,6,water,push-through,none,400V 3ph,none,none,125,90,125,180,156,270,324,278.406,218.394,142.794,92.394,62.406,180,150,154.67,121.33,79.33,51.33,34.67,2,16,3000
24F6P56-4B3E,F6,24,6,water,panel (high perf),none,400V 3ph,none,none,125,90,125,180,156,225,270,239.994,185.994,120.006,86.4,66.006,150,125,133.33,103.33,66.67,48.00,36.67,8,16,3000
24F6P56-4B3G,F6,24,6,water,push-through (high perf),none,400V 3ph,none,none,125,90,125,180,156,225,270,239.994,185.994,120.006,86.4,66.006,150,125,133.33,103.33,66.67,48.00,36.67,8,16,3000
24F6P56-4B4E,F6,24,6,water,panel (high perf),none,400V 3ph,none,none,125,90,125,180,156,225,270,239.994,185.994,120.006,86.4,66.006,150,125,133.33,103.33,66.67,48.00,36.67,8,16,3000
24F6P56-4B4G,F6,24,6,water,push-through (high perf),none,400V 3ph,none,none,125,90,125,180,156,225,270,239.994,185.994,120.006,86.4,66.006,150,125,133.33,103.33,66.67,48.00,36.67,8,16,3000
24F6P56-4B5E,F6,24,6,water,panel (high perf),none,400V 3ph,none,none,125,90,125,180,156,225,270,239.994,185.994,120.006,86.4,66.006,150,125,133.33,103.33,66.67,48.00,36.67,8,16,3000
24F6P56-4B5G,F6,24,6,water,push-through (high perf),none,400V 3ph,none,none,125,90,125,180,156,225,270,239.994,185.994,120.006,86.4,66.006,150,125,133.33,103.33,66.67,48.00,36.67,8,16,3000
24F6P56-AE4E,F6,24,6,water,panel (high perf),none,400V 3ph,none,std,125,90,125,180,156,270,324,203.994,156.006,108,77.994,59.994,180,150,113.33,86.67,60.00,43.33,33.33,2,16,3000
24F6P56-AE4G,F6,24,6,water,push-through (high perf),none,400V 3ph,none,std,125,90,125,180,156,270,324,203.994,156.006,108,77.994,59.994,180,150,113.33,86.67,60.00,43.33,33.33,2,16,3000
24F6P56-AE5E,F6,24,6,water,panel (high perf),none,400V 3ph,none,std,125,90,125,180,156,270,324,203.994,156.006,108,77.994,59.994,180,150,113.33,86.67,60.00,43.33,33.33,2,16,3000
24F6P56-AE5G,F6,24,6,water,push-through (high perf),none,400V 3ph,none,std,125,90,125,180,156,270,324,203.994,156.006,108,77.994,59.994,180,150,113.33,86.67,60.00,43.33,33.33,2,16,3000
24F6P56-BE4E,F6,24,6,water,panel (high perf),none,400V 3ph,none,none,125,90,125,180,156,270,324,203.994,156.006,108,77.994,59.994,180,150,113.33,86.67,60.00,43.33,33.33,2,16,3000
24F6P56-BE4G,F6,24,6,water,push-through (high perf),none,400V 3ph,none,none,125,90,125,180,156,270,324,203.994,156.006,108,77.994,59.994,180,150,113.33,86.67,60.00,43.33,33.33,2,16,3000
24F6P56-BE5E,F6,24,6,water,panel (high perf),none,400V 3ph,none,none,125,90,125,180,156,270,324,203.994,156.006,108,77.994,59.994,180,150,113.33,86.67,60.00,43.33,33.33,2,16,3000
24F6P56-BE5G,F6,24,6,water,push-through (high perf),none,400V 3ph,none,none,125,90,125,180,156,270,324,203.994,156.006,108,77.994,59.994,180,150,113.33,86.67,60.00,43.33,33.33,2,16,3000
CLF6186-2000,F6,18,6,air,panel,none,230V 3ph,none,std,36,22,30,90,90,180,270,111.6,101.97,83.97,72,55.17,300,200,124.00,113.30,93.30,80.00,61.30,8,16,3000
CLF6196-2000,F6,19,6,air,panel,none,230V 3ph,none,std,46,30,40,115,115,230,316.25,276,232.415,167.21,124.545,96.485,275,200,240.00,202.10,145.40,108.30,83.90,8,16,3000
CLF6216-4000,F6,21,6,air,panel,none,400V 3ph,none,std,62,45,60,90,72,144,216,138.6,108.54,72,46.8,29.97,240,160,154.00,120.60,80.00,52.00,33.30,8,16,3000
CLF6226-4000,F6,22,6,air,panel,none,400V 3ph,none,std,80,55,75,115,96,201.25,310.5,253.46,185.61,109.48,72.68,51.98,270,175,220.40,161.40,95.20,63.20,45.20,4,16,3000
CMF6216-0001,F6,21,6,air,panel,none,400V 3ph,none,std,62,45,60,90,77,135,162,138.6,108.54,72,46.8,29.97,180,150,154.00,120.60,80.00,52.00,33.30,8,16,3000
CMF6226-0008,F6,22,6,air,panel,none,400V 3ph,none,std,80,55,75,115,96,172.5,207,177.1,138.69,92,59.8,38.295,180,150,154.00,120.60,80.00,52.00,33.30,4,16,3000
CMF6236-0023,F6,23,6,water,panel,none,400V 3ph,none,std,104,75,100,150,124,225,270,316.005,259.995,180,121.995,87,180,150,210.67,173.33,120.00,81.33,58.00,8,16,3000
CMF6246-0018,F6,24,6,water,push-through,none,400V 3ph,none,std,125,90,125,180,156,270,324,278.406,218.394,142.794,92.394,62.406,180,150,154.67,121.33,79.33,51.33,34.67,2,16,3000
CMF6246-0023,F6,24,6,water,push-through (high perf),none,400V 3ph,none,std,125,90,125,180,156,225,270,239.994,185.994,120.006,86.4,66.006,150,125,133.33,103.33,66.67,48.00,36.67,8,16,3000
25F6A17-3111,F6,25,7,air,panel,none,400V 3ph,none,std,145,110,150,210,180,262.5,315,279.993,210,114.996,74.991,43.995,150,125,133.33,100.00,54.76,35.71,20.95,4,16,5000
25F6A17-3112,F6,25,7,water,panel,none,400V 3ph,none,std,145,110,150,210,180,262.5,315,279.993,210,114.996,74.991,43.995,150,125,133.33,100.00,54.76,35.71,20.95,4,16,5000
25F6A17-3113,F6,25,7,air,push-through,none,400V 3ph,none,std,145,110,150,210,180,262.5,315,279.993,210,114.996,74.991,43.995,150,125,133.33,100.00,54.76,35.71,20.95,4,16,5000
25F6A17-3114,F6,25,7,water,push-through,none,400V 3ph,none,std,145,110,150,210,180,262.5,315,279.993,210,114.996,74.991,43.995,150,125,133.33,100.00,54.76,35.71,20.95,4,16,5000
25F6A17-3116,F6,25,7,water,push-through,integrated,400V 3ph,none,std,145,110,150,210,180,262.5,315,279.993,210,114.996,74.991,43.995,150,125,133.33,100.00,54.76,35.71,20.95,4,16,5000
25F6A17-3119,F6,25,7,water,panel,integrated,400V 3ph,none,std,145,110,150,210,180,262.5,315,279.993,210,114.996,74.991,43.995,150,125,133.33,100.00,54.76,35.71,20.95,4,16,5000
25F6A17-311E,F6,25,7,water,panel (high perf),none,400V 3ph,none,std,145,110,150,210,180,262.5,315,283.5,210,116.004,73.5,52.5,150,125,135.00,100.00,55.24,35.00,25.00,4,16,5000
25F6A17-311G,F6,25,7,water,push-through (high perf),none,400V 3ph,none,std,145,110,150,210,180,262.5,315,283.5,210,116.004,73.5,52.5,150,125,135.00,100.00,55.24,35.00,25.00,4,16,5000
25F6A17-4111,F6,25,7,air,panel,none,400V 3ph,none,none,145,110,150,210,180,262.5,315,279.993,210,114.996,74.991,43.995,150,125,133.33,100.00,54.76,35.71,20.95,4,16,5000
25F6A17-4112,F6,25,7,water,panel,none,400V 3ph,none,none,145,110,150,210,180,262.5,315,279.993,210,114.996,74.991,43.995,150,125,133.33,100.00,54.76,35.71,20.95,4,16,5000
25F6A17-4113,F6,25,7,air,push-through,none,400V 3ph,none,none,145,110,150,210,180,262.5,315,279.993,210,114.996,74.991,43.995,150,125,133.33,100.00,54.76,35.71,20.95,4,16,5000
25F6A17-4114,F6,25,7,water,push-through,none,400V 3ph,none,none,145,110,150,210,180,262.5,315,279.993,210,114.996,74.991,43.995,150,125,133.33,100.00,54.76,35.71,20.95,4,16,5000
25F6A17-411E,F6,25,7,water,panel (high perf),none,400V 3ph,none,none,145,110,150,210,180,262.5,315,283.5,210,116.004,73.5,52.5,150,125,135.00,100.00,55.24,35.00,25.00,4,16,5000
25F6A17-411G,F6,25,7,water,push-through (high perf),none,400V 3ph,none,none,145,110,150,210,180,262.5,315,283.5,210,116.004,73.5,52.5,150,125,135.00,100.00,55.24,35.00,25.00,4,16,5000
25F6A37-3111,F6,25,7,air,panel,none,400V 3ph,none,std,145,110,150,210,180,262.5,315,279.993,210,114.996,74.991,43.995,150,125,133.33,100.00,54.76,35.71,20.95,4,16,5000
25F6A37-3112,F6,25,7,water,panel,none,400V 3ph,none,std,145,110,150,210,180,262.5,315,279.993,210,114.996,74.991,43.995,150,125,133.33,100.00,54.76,35.71,20.95,4,16,5000
25F6A37-3113,F6,25,7,air,push-through,none,400V 3ph,none,std,145,110,150,210,180,262.5,315,279.993,210,114.996,74.991,43.995,150,125,133.33,100.00,54.76,35.71,20.95,4,16,5000
25F6A37-3114,F6,25,7,water,push-through,none,400V 3ph,none,std,145,110,150,210,180,262.5,315,279.993,210,114.996,74.991,43.995,150,125,133.33,100.00,54.76,35.71,20.95,4,16,5000
25F6A37-3116,F6,25,7,water,push-through,integrated,400V 3ph,none,std,145,110,150,210,180,262.5,315,279.993,210,114.996,74.991,43.995,150,125,133.33,100.00,54.76,35.71,20.95,4,16,5000
25F6A37-3119,F6,25,7,water,panel,integrated,400V 3ph,none,std,145,110,150,210,180,262.5,315,279.993,210,114.996,74.991,43.995,150,125,133.33,100.00,54.76,35.71,20.95,4,16,5000
25F6A37-311E,F6,25,7,water,panel (high perf),none,400V 3ph,none,std,145,110,150,210,180,262.5,315,283.5,210,116.004,73.5,52.5,150,125,135.00,100.00,55.24,35.00,25.00,4,16,5000
25F6A37-311G,F6,25,7,water,push-through (high perf),none,400V 3ph,none,std,145,110,150,210,180,262.5,315,283.5,210,116.004,73.5,52.5,150,125,135.00,100.00,55.24,35.00,25.00,4,16,5000
25F6A37-4111,F6,25,7,air,panel,none,400V 3ph,none,none,145,110,150,210,180,262.5,315,279.993,210,114.996,74.991,43.995,150,125,133.33,100.00,54.76,35.71,20.95,4,16,5000
25F6A37-4112,F6,25,7,water,panel,none,400V 3ph,none,none,145,110,150,210,180,262.5,315,279.993,210,114.996,74.991,43.995,150,125,133.33,100.00,54.76,35.71,20.95,4,16,5000
25F6A37-4113,F6,25,7,air,push-through,none,400V 3ph,none,none,145,110,150,210,180,262.5,315,279.993,210,114.996,74.991,43.995,150,125,133.33,100.00,54.76,35.71,20.95,4,16,5000
25F6A37-4114,F6,25,7,water,push-through,none,400V 3ph,none,none,145,110,150,210,180,262.5,315,279.993,210,114.996,74.991,43.995,150,125,133.33,100.00,54.76,35.71,20.95,4,16,5000
25F6A37-411E,F6,25,7,water,panel (high perf),none,400V 3ph,none,none,145,110,150,210,180,262.5,315,283.5,210,116.004,73.5,52.5,150,125,135.00,100.00,55.24,35.00,25.00,4,16,5000
25F6A37-411G,F6,25,7,water,push-through (high perf),none,400V 3ph,none,none,145,110,150,210,180,262.5,315,283.5,210,116.004,73.5,52.5,150,125,135.00,100.00,55.24,35.00,25.00,4,16,5000
25F6K17-3111,F6,25,7,air,panel,none,400V 3ph,none,std,145,110,150,210,180,262.5,315,279.993,210,114.996,74.991,43.995,150,125,133.33,100.00,54.76,35.71,20.95,4,16,5000
25F6K17-3112,F6,25,7,water,panel,none,400V 3ph,none,std,145,110,150,210,180,262.5,315,279.993,210,114.996,74.991,43.995,150,125,133.33,100.00,54.76,35.71,20.95,4,16,5000
25F6K17-3113,F6,25,7,air,push-through,none,400V 3ph,none,std,145,110,150,210,180,262.5,315,279.993,210,114.996,74.991,43.995,150,125,133.33,100.00,54.76,35.71,20.95,4,16,5000
25F6K17-3114,F6,25,7,water,push-through,none,400V 3ph,none,std,145,110,150,210,180,262.5,315,279.993,210,114.996,74.991,43.995,150,125,133.33,100.00,54.76,35.71,20.95,4,16,5000
25F6K17-3116,F6,25,7,water,push-through,integrated,400V 3ph,none,std,145,110,150,210,180,262.5,315,279.993,210,114.996,74.991,43.995,150,125,133.33,100.00,54.76,35.71,20.95,4,16,5000
25F6K17-3119,F6,25,7,water,panel,integrated,400V 3ph,none,std,145,110,150,210,180,262.5,315,279.993,210,114.996,74.991,43.995,150,125,133.33,100.00,54.76,35.71,20.95,4,16,5000
25F6K17-311E,F6,25,7,water,panel (high perf),none,400V 3ph,none,std,145,110,150,210,180,262.5,315,283.5,210,116.004,73.5,52.5,150,125,135.00,100.00,55.24,35.00,25.00,4,16,5000
25F6K17-311G,F6,25,7,water,push-through (high perf),none,400V 3ph,none,std,145,110,150,210,180,262.5,315,283.5,210,116.004,73.5,52.5,150,125,135.00,100.00,55.24,35.00,25.00,4,16,5000
25F6K17-3121,F6,25,7,air,panel,none,400V 3ph,none,std,145,110,150,210,180,262.5,315,279.993,210,114.996,74.991,43.995,150,125,133.33,100.00,54.76,35.71,20.95,4,16,5000
25F6K17-3122,F6,25,7,water,panel,none,400V 3ph,none,std,145,110,150,210,180,262.5,315,279.993,210,114.996,74.991,43.995,150,125,133.33,100.00,54.76,35.71,20.95,4,16,5000
25F6K17-3123,F6,25,7,air,push-through,none,400V 3ph,none,std,145,110,150,210,180,262.5,315,279.993,210,114.996,74.991,43.995,150,125,133.33,100.00,54.76,35.71,20.95,4,16,5000
25F6K17-3124,F6,25,7,water,push-through,none,400V 3ph,none,std,145,110,150,210,180,262.5,315,279.993,210,114.996,74.991,43.995,150,125,133.33,100.00,54.76,35.71,20.95,4,16,5000
25F6K17-3126,F6,25,7,water,push-through,integrated,400V 3ph,none,std,145,110,150,210,180,262.5,315,279.993,210,114.996,74.991,43.995,150,125,133.33,100.00,54.76,35.71,20.95,4,16,5000
25F6K17-3129,F6,25,7,water,panel,integrated,400V 3ph,none,std,145,110,150,210,180,262.5,315,279.993,210,114.996,74.991,43.995,150,125,133.33,100.00,54.76,35.71,20.95,4,16,5000
25F6K17-312E,F6,25,7,water,panel (high perf),none,400V 3ph,none,std,145,110,150,210,180,262.5,315,283.5,210,116.004,73.5,52.5,150,125,135.00,100.00,55.24,35.00,25.00,4,16,5000
25F6K17-312G,F6,25,7,water,push-through (high perf),none,400V 3ph,none,std,145,110,150,210,180,262.5,315,283.5,210,116.004,73.5,52.5,150,125,135.00,100.00,55.24,35.00,25.00,4,16,5000
25F6K17-4111,F6,25,7,air,panel,none,400V 3ph,none,none,145,110,150,210,180,262.5,315,279.993,210,114.996,74.991,43.995,150,125,133.33,100.00,54.76,35.71,20.95,4,16,5000
25F6K17-4112,F6,25,7,water,panel,none,400V 3ph,none,none,145,110,150,210,180,262.5,315,279.993,210,114.996,74.991,43.995,150,125,133.33,100.00,54.76,35.71,20.95,4,16,5000
25F6K17-4113,F6,25,7,air,push-through,none,400V 3ph,none,none,145,110,150,210,180,262.5,315,279.993,210,114.996,74.991,43.995,150,125,133.33,100.00,54.76,35.71,20.95,4,16,5000
25F6K17-4114,F6,25,7,water,push-through,none,400V 3ph,none,none,145,110,150,210,180,262.5,315,279.993,210,114.996,74.991,43.995,150,125,133.33,100.00,54.76,35.71,20.95,4,16,5000
25F6K17-411E,F6,25,7,water,panel (high perf),none,400V 3ph,none,none,145,110,150,210,180,262.5,315,283.5,210,116.004,73.5,52.5,150,125,135.00,100.00,55.24,35.00,25.00,4,16,5000
25F6K17-411G,F6,25,7,water,push-through (high perf),none,400V 3ph,none,none,145,110,150,210,180,262.5,315,283.5,210,116.004,73.5,52.5,150,125,135.00,100.00,55.24,35.00,25.00,4,16,5000
25F6K17-4121,F6,25,7,air,panel,none,400V 3ph,none,none,145,110,150,210,180,262.5,315,279.993,210,114.996,74.991,43.995,150,125,133.33,100.00,54.76,35.71,20.95,4,16,5000
25F6K17-4122,F6,25,7,water,panel,none,400V 3ph,none,none,145,110,150,210,180,262.5,315,279.993,210,114.996,74.991,43.995,150,125,133.33,100.00,54.76,35.71,20.95,4,16,5000
25F6K17-4123,F6,25,7,air,push-through,none,400V 3ph,none,none,145,110,150,210,180,262.5,315,279.993,210,114.996,74.991,43.995,150,125,133.33,100.00,54.76,35.71,20.95,4,16,5000
25F6K17-4124,F6,25,7,water,push-through,none,400V 3ph,none,none,145,110,150,210,180,262.5,315,279.993,210,114.996,74.991,43.995,150,125,133.33,100.00,54.76,35.71,20.95,4,16,5000
25F6K17-412E,F6,25,7,water,panel (high perf),none,400V 3ph,none,none,145,110,150,210,180,262.5,315,283.5,210,116.004,73.5,52.5,150,125,135.00,100.00,55.24,35.00,25.00,4,16,5000
25F6K17-412G,F6,25,7,water,push-through (high perf),none,400V 3ph,none,none,145,110,150,210,180,262.5,315,283.5,210,116.004,73.5,52.5,150,125,135.00,100.00,55.24,35.00,25.00,4,16,5000
25F6P57-3111,F6,25,7,air,panel,none,400V 3ph,none,std,145,110,150,210,180,262.5,315,279.993,210,114.996,74.991,43.995,150,125,133.33,100.00,54.76,35.71,20.95,4,16,5000
25F6P57-3131,F6,25,7,air,panel,none,400V 3ph,none,std,145,110,150,210,180,262.5,315,279.993,210,114.996,74.991,43.995,150,125,133.33,100.00,54.76,35.71,20.95,4,16,5000
25F6P57-3132,F6,25,7,water,panel,none,400V 3ph,none,std,145,110,150,210,180,262.5,315,279.993,210,114.996,74.991,43.995,150,125,133.33,100.00,54.76,35.71,20.95,4,16,5000
25F6P57-3133,F6,25,7,air,push-through,none,400V 3ph,none,std,145,110,150,210,180,262.5,315,279.993,210,114.996,74.991,43.995,150,125,133.33,100.00,54.76,35.71,20.95,4,16,5000
25F6P57-3134,F6,25,7,water,push-through,none,400V 3ph,none,std,145,110,150,210,180,262.5,315,279.993,210,114.996,74.991,43.995,150,125,133.33,100.00,54.76,35.71,20.95,4,16,5000
25F6P57-3135,F6,25,7,air,push-through (IP20),none,400V 3ph,none,std,145,110,150,210,180,262.5,315,279.993,210,114.996,74.991,43.995,150,125,133.33,100.00,54.76,35.71,20.95,4,16,5000
25F6P57-3136,F6,25,7,water,push-through,integrated,400V 3ph,none,std,145,110,150,210,180,262.5,315,279.993,210,114.996,74.991,43.995,150,125,133.33,100.00,54.76,35.71,20.95,4,16,5000
25F6P57-3139,F6,25,7,water,panel,integrated,400V 3ph,none,std,145,110,150,210,180,262.5,315,279.993,210,114.996,74.991,43.995,150,125,133.33,100.00,54.76,35.71,20.95,4,16,5000
25F6P57-313E,F6,25,7,water,panel (high perf),none,400V 3ph,none,std,145,110,150,210,180,262.5,315,283.5,210,116.004,73.5,52.5,150,125,135.00,100.00,55.24,35.00,25.00,4,16,5000
25F6P57-313G,F6,25,7,water,push-through (high perf),none,400V 3ph,none,std,145,110,150,210,180,262.5,315,283.5,210,116.004,73.5,52.5,150,125,135.00,100.00,55.24,35.00,25.00,4,16,5000
25F6P57-3141,F6,25,7,air,panel,none,400V 3ph,none,std,145,110,150,210,180,262.5,315,279.993,210,114.996,74.991,43.995,150,125,133.33,100.00,54.76,35.71,20.95,4,16,5000
25F6P57-3142,F6,25,7,water,panel,none,400V 3ph,none,std,145,110,150,210,180,262.5,315,279.993,210,114.996,74.991,43.995,150,125,133.33,100.00,54.76,35.71,20.95,4,16,5000
25F6P57-3143,F6,25,7,air,push-through,none,400V 3ph,none,std,145,110,150,210,180,262.5,315,279.993,210,114.996,74.991,43.995,150,125,133.33,100.00,54.76,35.71,20.95,4,16,5000
25F6P57-3144,F6,25,7,water,push-through,none,400V 3ph,none,std,145,110,150,210,180,262.5,315,279.993,210,114.996,74.991,43.995,150,125,133.33,100.00,54.76,35.71,20.95,4,16,5000
25F6P57-3145,F6,25,7,air,push-through (IP20),none,400V 3ph,none,std,145,110,150,210,180,262.5,315,279.993,210,114.996,74.991,43.995,150,125,133.33,100.00,54.76,35.71,20.95,4,16,5000
25F6P57-3146,F6,25,7,water,push-through,integrated,400V 3ph,none,std,145,110,150,210,180,262.5,315,279.993,210,114.996,74.991,43.995,150,125,133.33,100.00,54.76,35.71,20.95,4,16,5000
25F6P57-3149,F6,25,7,water,panel,integrated,400V 3ph,none,std,145,110,150,210,180,262.5,315,279.993,210,114.996,74.991,43.995,150,125,133.33,100.00,54.76,35.71,20.95,4,16,5000
25F6P57-314E,F6,25,7,water,panel (high perf),none,400V 3ph,none,std,145,110,150,210,180,262.5,315,283.5,210,116.004,73.5,52.5,150,125,135.00,100.00,55.24,35.00,25.00,4,16,5000
25F6P57-314G,F6,25,7,water,push-through (high perf),none,400V 3ph,none,std,145,110,150,210,180,262.5,315,283.5,210,116.004,73.5,52.5,150,125,135.00,100.00,55.24,35.00,25.00,4,16,5000
25F6P57-3151,F6,25,7,air,panel,none,400V 3ph,none,std,145,110,150,210,180,262.5,315,279.993,210,114.996,74.991,43.995,150,125,133.33,100.00,54.76,35.71,20.95,4,16,5000
25F6P57-3152,F6,25,7,water,panel,none,400V 3ph,none,std,145,110,150,210,180,262.5,315,279.993,210,114.996,74.991,43.995,150,125,133.33,100.00,54.76,35.71,20.95,4,16,5000
25F6P57-3153,F6,25,7,air,push-through,none,400V 3ph,none,std,145,110,150,210,180,262.5,315,279.993,210,114.996,74.991,43.995,150,125,133.33,100.00,54.76,35.71,20.95,4,16,5000
25F6P57-3154,F6,25,7,water,push-through,none,400V 3ph,none,std,145,110,150,210,180,262.5,315,279.993,210,114.996,74.991,43.995,150,125,133.33,100.00,54.76,35.71,20.95,4,16,5000
25F6P57-3155,F6,25,7,air,push-through (IP20),none,400V 3ph,none,std,145,110,150,210,180,262.5,315,279.993,210,114.996,74.991,43.995,150,125,133.33,100.00,54.76,35.71,20.95,4,16,5000
25F6P57-3156,F6,25,7,water,push-through,integrated,400V 3ph,none,std,145,110,150,210,180,262.5,315,279.993,210,114.996,74.991,43.995,150,125,133.33,100.00,54.76,35.71,20.95,4,16,5000
25F6P57-3159,F6,25,7,water,panel,integrated,400V 3ph,none,std,145,110,150,210,180,262.5,315,279.993,210,114.996,74.991,43.995,150,125,133.33,100.00,54.76,35.71,20.95,4,16,5000
25F6P57-315E,F6,25,7,water,panel (high perf),none,400V 3ph,none,std,145,110,150,210,180,262.5,315,283.5,210,116.004,73.5,52.5,150,125,135.00,100.00,55.24,35.00,25.00,4,16,5000
25F6P57-315G,F6,25,7,water,push-through (high perf),none,400V 3ph,none,std,145,110,150,210,180,262.5,315,283.5,210,116.004,73.5,52.5,150,125,135.00,100.00,55.24,35.00,25.00,4,16,5000
25F6P57-4131,F6,25,7,air,panel,none,400V 3ph,none,none,145,110,150,210,180,262.5,315,279.993,210,114.996,74.991,43.995,150,125,133.33,100.00,54.76,35.71,20.95,4,16,5000
25F6P57-4132,F6,25,7,water,panel,none,400V 3ph,none,none,145,110,150,210,180,262.5,315,279.993,210,114.996,74.991,43.995,150,125,133.33,100.00,54.76,35.71,20.95,4,16,5000
25F6P57-4133,F6,25,7,air,push-through,none,400V 3ph,none,none,145,110,150,210,180,262.5,315,279.993,210,114.996,74.991,43.995,150,125,133.33,100.00,54.76,35.71,20.95,4,16,5000
25F6P57-4134,F6,25,7,water,push-through,none,400V 3ph,none,none,145,110,150,210,180,262.5,315,279.993,210,114.996,74.991,43.995,150,125,133.33,100.00,54.76,35.71,20.95,4,16,5000
25F6P57-4135,F6,25,7,air,push-through (IP20),none,400V 3ph,none,none,145,110,150,210,180,262.5,315,279.993,210,114.996,74.991,43.995,150,125,133.33,100.00,54.76,35.71,20.95,4,16,5000
25F6P57-413E,F6,25,7,water,panel (high perf),none,400V 3ph,none,none,145,110,150,210,180,262.5,315,283.5,210,116.004,73.5,52.5,150,125,135.00,100.00,55.24,35.00,25.00,4,16,5000
25F6P57-413G,F6,25,7,water,push-through (high perf),none,400V 3ph,none,none,145,110,150,210,180,262.5,315,283.5,210,116.004,73.5,52.5,150,125,135.00,100.00,55.24,35.00,25.00,4,16,5000
25F6P57-4141,F6,25,7,air,panel,none,400V 3ph,none,none,145,110,150,210,180,262.5,315,279.993,210,114.996,74.991,43.995,150,125,133.33,100.00,54.76,35.71,20.95,4,16,5000
25F6P57-4142,F6,25,7,water,panel,none,400V 3ph,none,none,145,110,150,210,180,262.5,315,279.993,210,114.996,74.991,43.995,150,125,133.33,100.00,54.76,35.71,20.95,4,16,5000
25F6P57-4143,F6,25,7,air,push-through,none,400V 3ph,none,none,145,110,150,210,180,262.5,315,279.993,210,114.996,74.991,43.995,150,125,133.33,100.00,54.76,35.71,20.95,4,16,5000
25F6P57-4144,F6,25,7,water,push-through,none,400V 3ph,none,none,145,110,150,210,180,262.5,315,279.993,210,114.996,74.991,43.995,150,125,133.33,100.00,54.76,35.71,20.95,4,16,5000
25F6P57-4145,F6,25,7,air,push-through (IP20),none,400V 3ph,none,none,145,110,150,210,180,262.5,315,279.993,210,114.996,74.991,43.995,150,125,133.33,100.00,54.76,35.71,20.95,4,16,5000
25F6P57-414E,F6,25,7,water,panel (high perf),none,400V 3ph,none,none,145,110,150,210,180,262.5,315,283.5,210,116.004,73.5,52.5,150,125,135.00,100.00,55.24,35.00,25.00,4,16,5000
25F6P57-414G,F6,25,7,water,push-through (high perf),none,400V 3ph,none,none,145,110,150,210,180,262.5,315,283.5,210,116.004,73.5,52.5,150,125,135.00,100.00,55.24,35.00,25.00,4,16,5000
25F6P57-4151,F6,25,7,air,panel,none,400V 3ph,none,none,145,110,150,210,180,262.5,315,279.993,210,114.996,74.991,43.995,150,125,133.33,100.00,54.76,35.71,20.95,4,16,5000
25F6P57-4152,F6,25,7,water,panel,none,400V 3ph,none,none,145,110,150,210,180,262.5,315,279.993,210,114.996,74.991,43.995,150,125,133.33,100.00,54.76,35.71,20.95,4,16,5000
25F6P57-4153,F6,25,7,air,push-through,none,400V 3ph,none,none,145,110,150,210,180,262.5,315,279.993,210,114.996,74.991,43.995,150,125,133.33,100.00,54.76,35.71,20.95,4,16,5000
25F6P57-4154,F6,25,7,water,push-through,none,400V 3ph,none,none,145,110,150,210,180,262.5,315,279.993,210,114.996,74.991,43.995,150,125,133.33,100.00,54.76,35.71,20.95,4,16,5000
25F6P57-4155,F6,25,7,air,push-through (IP20),none,400V 3ph,none,none,145,110,150,210,180,262.5,315,279.993,210,114.996,74.991,43.995,150,125,133.33,100.00,54.76,35.71,20.95,4,16,5000
25F6P57-415E,F6,25,7,water,panel (high perf),none,400V 3ph,none,none,145,110,150,210,180,262.5,315,279.993,210,114.996,74.991,43.995,150,125,133.33,100.00,54.76,35.71,20.95,4,16,5000
25F6P57-415G,F6,25,7,water,push-through (high perf),none,400V 3ph,none,none,145,110,150,210,180,262.5,315,283.5,210,116.004,73.5,52.5,150,125,135.00,100.00,55.24,35.00,25.00,4,16,5000
26F6A17-3111,F6,26,7,air,panel,none,400V 3ph,none,std,173,132,175,250,210,312.5,375,250,175,71,48,36,150,125,100.00,70.00,28.40,19.20,14.40,4,16,5000
26F6A17-3112,F6,26,7,water,panel,none,400V 3ph,none,std,173,132,175,250,210,312.5,375,250,175,71,48,36,150,125,100.00,70.00,28.40,19.20,14.40,4,16,5000
26F6A17-3113,F6,26,7,air,push-through,none,400V 3ph,none,std,173,132,175,250,210,312.5,375,250,175,71,48,36,150,125,100.00,70.00,28.40,19.20,14.40,4,16,5000
26F6A17-3114,F6,26,7,water,push-through,none,400V 3ph,none,std,173,132,175,250,210,312.5,375,250,175,71,48,36,150,125,100.00,70.00,28.40,19.20,14.40,4,16,5000
26F6A17-3116,F6,26,7,water,push-through,integrated,400V 3ph,none,std,173,132,175,250,210,312.5,375,250,175,71,48,36,150,125,100.00,70.00,28.40,19.20,14.40,4,16,5000
26F6A17-3119,F6,26,7,water,panel,integrated,400V 3ph,none,std,173,132,175,250,210,312.5,375,250,175,71,48,36,150,125,100.00,70.00,28.40,19.20,14.40,4,16,5000
26F6A17-3B1D,F6,26,7,air,panel (high perf),none,400V 3ph,none,std,173,132,175,250,210,265,337.5,240,160,80,40,30,135,106,96.00,64.00,32.00,16.00,12.00,8,16,5000
26F6A17-3B1E,F6,26,7,water,panel (high perf),none,400V 3ph,none,std,173,132,175,250,210,312.5,375,290,200,110,65,40,150,125,116.00,80.00,44.00,26.00,16.00,8,16,5000
26F6A17-3B1G,F6,26,7,water,push-through (high perf),none,400V 3ph,none,std,173,132,175,250,210,312.5,375,290,200,110,65,40,150,125,116.00,80.00,44.00,26.00,16.00,8,16,5000
26F6A17-4111,F6,26,7,air,panel,none,400V 3ph,none,none,173,132,175,250,210,312.5,375,250,175,71,48,36,150,125,100.00,70.00,28.40,19.20,14.40,4,16,5000
26F6A17-4112,F6,26,7,water,panel,none,400V 3ph,none,none,173,132,175,250,210,312.5,375,250,175,71,48,36,150,125,100.00,70.00,28.40,19.20,14.40,4,16,5000
26F6A17-4113,F6,26,7,air,push-through,none,400V 3ph,none,none,173,132,175,250,210,312.5,375,250,175,71,48,36,150,125,100.00,70.00,28.40,19.20,14.40,4,16,5000
26F6A17-4114,F6,26,7,water,push-through,none,400V 3ph,none,none,173,132,175,250,210,312.5,375,250,175,71,48,36,150,125,100.00,70.00,28.40,19.20,14.40,4,16,5000
26F6A17-4B1D,F6,26,7,air,panel (high perf),none,400V 3ph,none,none,173,132,175,250,210,265,337.5,240,160,80,40,30,135,106,96.00,64.00,32.00,16.00,12.00,8,16,5000
26F6A17-4B1E,F6,26,7,water,panel (high perf),none,400V 3ph,none,none,173,132,175,250,210,312.5,375,290,200,110,65,40,150,125,116.00,80.00,44.00,26.00,16.00,8,16,5000
26F6A17-4B1G,F6,26,7,water,push-through (high perf),none,400V 3ph,none,none,173,132,175,250,210,312.5,375,290,200,110,65,40,150,125,116.00,80.00,44.00,26.00,16.00,8,16,5000
26F6A37-3111,F6,26,7,air,panel,none,400V 3ph,none,std,173,132,175,250,210,312.5,375,250,175,71,48,36,150,125,100.00,70.00,28.40,19.20,14.40,4,16,5000
26F6A37-3112,F6,26,7,water,panel,none,400V 3ph,none,std,173,132,175,250,210,312.5,375,250,175,71,48,36,150,125,100.00,70.00,28.40,19.20,14.40,4,16,5000
26F6A37-3113,F6,26,7,air,push-through,none,400V 3ph,none,std,173,132,175,250,210,312.5,375,250,175,71,48,36,150,125,100.00,70.00,28.40,19.20,14.40,4,16,5000
26F6A37-3114,F6,26,7,water,push-through,none,400V 3ph,none,std,173,132,175,250,210,312.5,375,250,175,71,48,36,150,125,100.00,70.00,28.40,19.20,14.40,4,16,5000
26F6A37-3116,F6,26,7,water,push-through,integrated,400V 3ph,none,std,173,132,175,250,210,312.5,375,250,175,71,48,36,150,125,100.00,70.00,28.40,19.20,14.40,4,16,5000
26F6A37-3119,F6,26,7,water,panel,integrated,400V 3ph,none,std,173,132,175,250,210,312.5,375,250,175,71,48,36,150,125,100.00,70.00,28.40,19.20,14.40,4,16,5000
26F6A37-3B1D,F6,26,7,air,panel (high perf),none,400V 3ph,none,std,173,132,175,250,210,265,337.5,240,160,80,40,30,135,106,96.00,64.00,32.00,16.00,12.00,8,16,5000
26F6A37-3B1E,F6,26,7,water,panel (high perf),none,400V 3ph,none,std,173,132,175,250,210,312.5,375,290,200,110,65,40,150,125,116.00,80.00,44.00,26.00,16.00,8,16,5000
26F6A37-3B1G,F6,26,7,water,push-through (high perf),none,400V 3ph,none,std,173,132,175,250,210,312.5,375,290,200,110,65,40,150,125,116.00,80.00,44.00,26.00,16.00,8,16,5000
26F6A37-4111,F6,26,7,air,panel,none,400V 3ph,none,none,173,132,175,250,210,312.5,375,250,175,71,48,36,150,125,100.00,70.00,28.40,19.20,14.40,4,16,5000
26F6A37-4112,F6,26,7,water,panel,none,400V 3ph,none,none,173,132,175,250,210,312.5,375,250,175,71,48,36,150,125,100.00,70.00,28.40,19.20,14.40,4,16,5000
26F6A37-4113,F6,26,7,air,push-through,none,400V 3ph,none,none,173,132,175,250,210,312.5,375,250,175,71,48,36,150,125,100.00,70.00,28.40,19.20,14.40,4,16,5000
26F6A37-4114,F6,26,7,water,push-through,none,400V 3ph,none,none,173,132,175,250,210,312.5,375,250,175,71,48,36,150,125,100.00,70.00,28.40,19.20,14.40,4,16,5000
26F6A37-4B1D,F6,26,7,air,panel (high perf),none,400V 3ph,none,none,173,132,175,250,210,265,337.5,240,160,80,40,30,135,106,96.00,64.00,32.00,16.00,12.00,8,16,5000
26F6A37-4B1E,F6,26,7,water,panel (high perf),none,400V 3ph,none,none,173,132,175,250,210,312.5,375,290,200,110,65,40,150,125,116.00,80.00,44.00,26.00,16.00,8,16,5000
26F6A37-4B1G,F6,26,7,water,push-through (high perf),none,400V 3ph,none,none,173,132,175,250,210,312.5,375,290,200,110,65,40,150,125,116.00,80.00,44.00,26.00,16.00,8,16,5000
26F6K17-3111,F6,26,7,air,panel,none,400V 3ph,none,std,173,132,175,250,210,312.5,375,250,175,71,48,36,150,125,100.00,70.00,28.40,19.20,14.40,4,16,5000
26F6K17-3112,F6,26,7,water,panel,none,400V 3ph,none,std,173,132,175,250,210,312.5,375,250,175,71,48,36,150,125,100.00,70.00,28.40,19.20,14.40,4,16,5000
26F6K17-3113,F6,26,7,air,push-through,none,400V 3ph,none,std,173,132,175,250,210,312.5,375,250,175,71,48,36,150,125,100.00,70.00,28.40,19.20,14.40,4,16,5000
26F6K17-3114,F6,26,7,water,push-through,none,400V 3ph,none,std,173,132,175,250,210,312.5,375,250,175,71,48,36,150,125,100.00,70.00,28.40,19.20,14.40,4,16,5000
26F6K17-3116,F6,26,7,water,push-through,integrated,400V 3ph,none,std,173,132,175,250,210,312.5,375,250,175,71,48,36,150,125,100.00,70.00,28.40,19.20,14.40,4,16,5000
26F6K17-3119,F6,26,7,water,panel,integrated,400V 3ph,none,std,173,132,175,250,210,312.5,375,250,175,71,48,36,150,125,100.00,70.00,28.40,19.20,14.40,4,16,5000
26F6K17-3121,F6,26,7,air,panel,none,400V 3ph,none,std,173,132,175,250,210,312.5,375,250,175,71,48,36,150,125,100.00,70.00,28.40,19.20,14.40,4,16,5000
26F6K17-3122,F6,26,7,water,panel,none,400V 3ph,none,std,173,132,175,250,210,312.5,375,250,175,71,48,36,150,125,100.00,70.00,28.40,19.20,14.40,4,16,5000
26F6K17-3123,F6,26,7,air,push-through,none,400V 3ph,none,std,173,132,175,250,210,312.5,375,250,175,71,48,36,150,125,100.00,70.00,28.40,19.20,14.40,4,16,5000
26F6K17-3124,F6,26,7,water,push-through,none,400V 3ph,none,std,173,132,175,250,210,312.5,375,250,175,71,48,36,150,125,100.00,70.00,28.40,19.20,14.40,4,16,5000
26F6K17-3126,F6,26,7,water,push-through,integrated,400V 3ph,none,std,173,132,175,250,210,312.5,375,250,175,71,48,36,150,125,100.00,70.00,28.40,19.20,14.40,4,16,5000
26F6K17-3129,F6,26,7,water,panel,integrated,400V 3ph,none,std,173,132,175,250,210,312.5,375,250,175,71,48,36,150,125,100.00,70.00,28.40,19.20,14.40,4,16,5000
26F6K17-4111,F6,26,7,air,panel,none,400V 3ph,none,none,173,132,175,250,210,312.5,375,250,175,71,48,36,150,125,100.00,70.00,28.40,19.20,14.40,4,16,5000
26F6K17-4112,F6,26,7,water,panel,none,400V 3ph,none,none,173,132,175,250,210,312.5,375,250,175,71,48,36,150,125,100.00,70.00,28.40,19.20,14.40,4,16,5000
26F6K17-4113,F6,26,7,air,push-through,none,400V 3ph,none,none,173,132,175,250,210,312.5,375,250,175,71,48,36,150,125,100.00,70.00,28.40,19.20,14.40,4,16,5000
26F6K17-4114,F6,26,7,water,push-through,none,400V 3ph,none,none,173,132,175,250,210,312.5,375,250,175,71,48,36,150,125,100.00,70.00,28.40,19.20,14.40,4,16,5000
26F6K17-4121,F6,26,7,air,panel,none,400V 3ph,none,none,173,132,175,250,210,312.5,375,250,175,71,48,36,150,125,100.00,70.00,28.40,19.20,14.40,4,16,5000
26F6K17-4122,F6,26,7,water,panel,none,400V 3ph,none,none,173,132,175,250,210,312.5,375,250,175,71,48,36,150,125,100.00,70.00,28.40,19.20,14.40,4,16,5000
26F6K17-4123,F6,26,7,air,push-through,none,400V 3ph,none,none,173,132,175,250,210,312.5,375,250,175,71,48,36,150,125,100.00,70.00,28.40,19.20,14.40,4,16,5000
26F6K17-4124,F6,26,7,water,push-through,none,400V 3ph,none,none,173,132,175,250,210,312.5,375,250,175,71,48,36,150,125,100.00,70.00,28.40,19.20,14.40,4,16,5000
26F6P57-3131,F6,26,7,air,panel,none,400V 3ph,none,std,173,132,175,250,210,312.5,375,250,175,71,48,36,150,125,100.00,70.00,28.40,19.20,14.40,4,16,5000
26F6P57-3132,F6,26,7,water,panel,none,400V 3ph,none,std,173,132,175,250,210,312.5,375,250,175,71,48,36,150,125,100.00,70.00,28.40,19.20,14.40,4,16,5000
26F6P57-3133,F6,26,7,air,push-through,none,400V 3ph,none,std,173,132,175,250,210,312.5,375,250,175,71,48,36,150,125,100.00,70.00,28.40,19.20,14.40,4,16,5000
26F6P57-3134,F6,26,7,water,push-through,none,400V 3ph,none,std,173,132,175,250,210,312.5,375,250,175,71,48,36,150,125,100.00,70.00,28.40,19.20,14.40,4,16,5000
26F6P57-3135,F6,26,7,air,push-through (IP20),none,400V 3ph,none,std,173,132,175,250,210,312.5,375,250,175,71,48,36,150,125,100.00,70.00,28.40,19.20,14.40,4,16,5000
26F6P57-3139,F6,26,7,water,panel,integrated,400V 3ph,none,std,173,132,175,250,210,312.5,375,250,175,71,48,36,150,125,100.00,70.00,28.40,19.20,14.40,4,16,5000
26F6P57-3141,F6,26,7,air,panel,none,400V 3ph,none,std,173,132,175,250,210,312.5,375,250,175,71,48,36,150,125,100.00,70.00,28.40,19.20,14.40,4,16,5000
26F6P57-3142,F6,26,7,water,panel,none,400V 3ph,none,std,173,132,175,250,210,312.5,375,250,175,71,48,36,150,125,100.00,70.00,28.40,19.20,14.40,4,16,5000
26F6P57-3143,F6,26,7,air,push-through,none,400V 3ph,none,std,173,132,175,250,210,312.5,375,250,175,71,48,36,150,125,100.00,70.00,28.40,19.20,14.40,4,16,5000
26F6P57-3144,F6,26,7,water,push-through,none,400V 3ph,none,std,173,132,175,250,210,312.5,375,250,175,71,48,36,150,125,100.00,70.00,28.40,19.20,14.40,4,16,5000
26F6P57-3145,F6,26,7,air,push-through (IP20),none,400V 3ph,none,std,173,132,175,250,210,312.5,375,250,175,71,48,36,150,125,100.00,70.00,28.40,19.20,14.40,4,16,5000
26F6P57-3146,F6,26,7,water,push-through,integrated,400V 3ph,none,std,173,132,175,250,210,312.5,375,250,175,71,48,36,150,125,100.00,70.00,28.40,19.20,14.40,4,16,5000
26F6P57-3149,F6,26,7,water,panel,integrated,400V 3ph,none,std,173,132,175,250,210,312.5,375,250,175,71,48,36,150,125,100.00,70.00,28.40,19.20,14.40,4,16,5000
26F6P57-3151,F6,26,7,air,panel,none,400V 3ph,none,std,173,132,175,250,210,312.5,375,250,175,71,48,36,150,125,100.00,70.00,28.40,19.20,14.40,4,16,5000
26F6P57-3152,F6,26,7,water,panel,none,400V 3ph,none,std,173,132,175,250,210,312.5,375,250,175,71,48,36,150,125,100.00,70.00,28.40,19.20,14.40,4,16,5000
26F6P57-3153,F6,26,7,air,push-through,none,400V 3ph,none,std,173,132,175,250,210,312.5,375,250,175,71,48,36,150,125,100.00,70.00,28.40,19.20,14.40,4,16,5000
26F6P57-3154,F6,26,7,water,push-through,none,400V 3ph,none,std,173,132,175,250,210,312.5,375,250,175,71,48,36,150,125,100.00,70.00,28.40,19.20,14.40,4,16,5000
26F6P57-3155,F6,26,7,air,push-through (IP20),none,400V 3ph,none,std,173,132,175,250,210,312.5,375,250,175,71,48,36,150,125,100.00,70.00,28.40,19.20,14.40,4,16,5000
26F6P57-3156,F6,26,7,water,push-through,integrated,400V 3ph,none,std,173,132,175,250,210,312.5,375,250,175,71,48,36,150,125,100.00,70.00,28.40,19.20,14.40,4,16,5000
26F6P57-3159,F6,26,7,water,panel,integrated,400V 3ph,none,std,173,132,175,250,210,312.5,375,250,175,71,48,36,150,125,100.00,70.00,28.40,19.20,14.40,4,16,5000
26F6P57-3B3D,F6,26,7,air,panel (high perf),none,400V 3ph,none,std,173,132,175,250,210,265,337.5,240,160,80,40,30,135,106,96.00,64.00,32.00,16.00,12.00,8,16,5000
26F6P57-3B3E,F6,26,7,water,panel (high perf),none,400V 3ph,none,std,173,132,175,250,210,312.5,375,290,200,110,65,40,150,125,116.00,80.00,44.00,26.00,16.00,8,16,5000
26F6P57-3B3G,F6,26,7,water,push-through (high perf),none,400V 3ph,none,std,173,132,175,250,210,312.5,375,290,200,110,65,40,150,125,116.00,80.00,44.00,26.00,16.00,8,16,5000
26F6P57-3B4D,F6,26,7,air,panel (high perf),none,400V 3ph,none,std,173,132,175,250,210,265,337.5,240,160,80,40,30,135,106,96.00,64.00,32.00,16.00,12.00,8,16,5000
26F6P57-3B4E,F6,26,7,water,panel (high perf),none,400V 3ph,none,std,173,132,175,250,210,312.5,375,290,200,110,65,40,150,125,116.00,80.00,44.00,26.00,16.00,8,16,5000
26F6P57-3B4G,F6,26,7,water,push-through (high perf),none,400V 3ph,none,std,173,132,175,250,210,312.5,375,290,200,110,65,40,150,125,116.00,80.00,44.00,26.00,16.00,8,16,5000
26F6P57-3B5D,F6,26,7,air,panel (high perf),none,400V 3ph,none,std,173,132,175,250,210,265,337.5,240,160,80,40,30,135,106,96.00,64.00,32.00,16.00,12.00,8,16,5000
26F6P57-3B5E,F6,26,7,water,panel (high perf),none,400V 3ph,none,std,173,132,175,250,210,312.5,375,290,200,110,65,40,150,125,116.00,80.00,44.00,26.00,16.00,8,16,5000
26F6P57-3B5G,F6,26,7,water,push-through (high perf),none,400V 3ph,none,std,173,132,175,250,210,312.5,375,290,200,110,65,40,150,125,116.00,80.00,44.00,26.00,16.00,8,16,5000
26F6P57-4131,F6,26,7,air,panel,none,400V 3ph,none,none,173,132,175,250,210,312.5,375,250,175,71,48,36,150,125,100.00,70.00,28.40,19.20,14.40,4,16,5000
26F6P57-4132,F6,26,7,water,panel,none,400V 3ph,none,none,173,132,175,250,210,312.5,375,250,175,71,48,36,150,125,100.00,70.00,28.40,19.20,14.40,4,16,5000
26F6P57-4133,F6,26,7,air,push-through,none,400V 3ph,none,none,173,132,175,250,210,312.5,375,250,175,71,48,36,150,125,100.00,70.00,28.40,19.20,14.40,4,16,5000
26F6P57-4134,F6,26,7,water,push-through,none,400V 3ph,none,none,173,132,175,250,210,312.5,375,250,175,71,48,36,150,125,100.00,70.00,28.40,19.20,14.40,4,16,5000
26F6P57-4135,F6,26,7,air,push-through (IP20),none,400V 3ph,none,none,173,132,175,250,210,312.5,375,250,175,71,48,36,150,125,100.00,70.00,28.40,19.20,14.40,4,16,5000
26F6P57-4141,F6,26,7,air,panel,none,400V 3ph,none,none,173,132,175,250,210,312.5,375,250,175,71,48,36,150,125,100.00,70.00,28.40,19.20,14.40,4,16,5000
26F6P57-4142,F6,26,7,water,panel,none,400V 3ph,none,none,173,132,175,250,210,312.5,375,250,175,71,48,36,150,125,100.00,70.00,28.40,19.20,14.40,4,16,5000
26F6P57-4143,F6,26,7,air,push-through,none,400V 3ph,none,none,173,132,175,250,210,312.5,375,250,175,71,48,36,150,125,100.00,70.00,28.40,19.20,14.40,4,16,5000
26F6P57-4144,F6,26,7,water,push-through,none,400V 3ph,none,none,173,132,175,250,210,312.5,375,250,175,71,48,36,150,125,100.00,70.00,28.40,19.20,14.40,4,16,5000
26F6P57-4145,F6,26,7,air,push-through (IP20),none,400V 3ph,none,none,173,132,175,250,210,312.5,375,250,175,71,48,36,150,125,100.00,70.00,28.40,19.20,14.40,4,16,5000
26F6P57-4151,F6,26,7,air,panel,none,400V 3ph,none,none,173,132,175,250,210,312.5,375,250,175,71,48,36,150,125,100.00,70.00,28.40,19.20,14.40,4,16,5000
26F6P57-4152,F6,26,7,water,panel,none,400V 3ph,none,none,173,132,175,250,210,312.5,375,250,175,71,48,36,150,125,100.00,70.00,28.40,19.20,14.40,4,16,5000
26F6P57-4153,F6,26,7,air,push-through,none,400V 3ph,none,none,173,132,175,250,210,312.5,375,250,175,71,48,36,150,125,100.00,70.00,28.40,19.20,14.40,4,16,5000
26F6P57-4154,F6,26,7,water,push-through,none,400V 3ph,none,none,173,132,175,250,210,312.5,375,250,175,71,48,36,150,125,100.00,70.00,28.40,19.20,14.40,4,16,5000
26F6P57-4155,F6,26,7,air,push-through (IP20),none,400V 3ph,none,none,173,132,175,250,210,312.5,375,250,175,71,48,36,150,125,100.00,70.00,28.40,19.20,14.40,4,16,5000
26F6P57-4B3D,F6,26,7,air,panel (high perf),none,400V 3ph,none,none,173,132,175,250,210,265,337.5,240,160,80,40,30,135,106,96.00,64.00,32.00,16.00,12.00,8,16,5000
26F6P57-4B3E,F6,26,7,water,panel (high perf),none,400V 3ph,none,none,173,132,175,250,210,312.5,375,290,200,110,65,40,150,125,116.00,80.00,44.00,26.00,16.00,8,16,5000
26F6P57-4B3G,F6,26,7,water,push-through (high perf),none,400V 3ph,none,none,173,132,175,250,210,312.5,375,290,200,110,65,40,150,125,116.00,80.00,44.00,26.00,16.00,8,16,5000
26F6P57-4B4D,F6,26,7,air,panel (high perf),none,400V 3ph,none,none,173,132,175,250,210,265,337.5,240,160,80,40,30,135,106,96.00,64.00,32.00,16.00,12.00,8,16,5000
26F6P57-4B4E,F6,26,7,water,panel (high perf),none,400V 3ph,none,none,173,132,175,250,210,312.5,375,290,200,110,65,40,150,125,116.00,80.00,44.00,26.00,16.00,8,16,5000
26F6P57-4B4G,F6,26,7,water,push-through (high perf),none,400V 3ph,none,none,173,132,175,250,210,312.5,375,290,200,110,65,40,150,125,116.00,80.00,44.00,26.00,16.00,8,16,5000
26F6P57-4B5D,F6,26,7,air,panel (high perf),none,400V 3ph,none,none,173,132,175,250,210,265,337.5,240,160,80,40,30,135,106,96.00,64.00,32.00,16.00,12.00,8,16,5000
26F6P57-4B5G,F6,26,7,water,push-through (high perf),none,400V 3ph,none,none,173,132,175,250,210,312.5,375,290,200,110,65,40,150,125,116.00,80.00,44.00,26.00,16.00,8,16,5000
27F6A17-3011,F6,27,7,air,panel,none,400V 3ph,none,std,208,160,200,300,240,375,450,270,174.99,71.01,48,36,150,125,90.00,58.33,23.67,16.00,12.00,2,16,5000
27F6A17-3012,F6,27,7,water,panel,none,400V 3ph,none,std,208,160,200,300,240,375,450,270,174.99,71.01,48,36,150,125,90.00,58.33,23.67,16.00,12.00,2,16,5000
27F6A17-3013,F6,27,7,air,push-through,none,400V 3ph,none,std,208,160,200,300,240,375,450,270,174.99,71.01,48,36,150,125,90.00,58.33,23.67,16.00,12.00,2,16,5000
27F6A17-3014,F6,27,7,water,push-through,none,400V 3ph,none,std,208,160,200,300,240,375,450,270,174.99,71.01,48,36,150,125,90.00,58.33,23.67,16.00,12.00,2,16,5000
27F6A17-3016,F6,27,7,water,push-through,integrated,400V 3ph,none,std,208,160,200,300,240,375,450,270,174.99,71.01,48,36,150,125,90.00,58.33,23.67,16.00,12.00,2,16,5000
27F6A17-3019,F6,27,7,water,panel,integrated,400V 3ph,none,std,208,160,200,300,240,375,450,270,174.99,71.01,48,36,150,125,90.00,58.33,23.67,16.00,12.00,2,16,5000
27F6A17-3C1D,F6,27,7,air,panel (high perf),none,400V 3ph,none,std,208,160,200,300,260,318,405,240,159.99,80.01,39.99,30,135,106,80.00,53.33,26.67,13.33,10.00,6,16,5000
27F6A17-4011,F6,27,7,air,panel,none,400V 3ph,none,none,208,160,200,300,240,375,450,270,174.99,71.01,48,36,150,125,90.00,58.33,23.67,16.00,12.00,2,16,5000
27F6A17-4012,F6,27,7,water,panel,none,400V 3ph,none,none,208,160,200,300,240,375,450,270,174.99,71.01,48,36,150,125,90.00,58.33,23.67,16.00,12.00,2,16,5000
27F6A17-4013,F6,27,7,air,push-through,none,400V 3ph,none,none,208,160,200,300,240,375,450,270,174.99,71.01,48,36,150,125,90.00,58.33,23.67,16.00,12.00,2,16,5000
27F6A17-4014,F6,27,7,water,push-through,none,400V 3ph,none,none,208,160,200,300,240,375,450,270,174.99,71.01,48,36,150,125,90.00,58.33,23.67,16.00,12.00,2,16,5000
27F6A17-4C1D,F6,27,7,air,panel (high perf),none,400V 3ph,none,none,208,160,200,300,260,318,405,240,159.99,80.01,39.99,30,135,106,80.00,53.33,26.67,13.33,10.00,6,16,5000
27F6A37-3011,F6,27,7,air,panel,none,400V 3ph,none,std,208,160,200,300,240,375,450,270,174.99,71.01,48,36,150,125,90.00,58.33,23.67,16.00,12.00,2,16,5000
27F6A37-3012,F6,27,7,water,panel,none,400V 3ph,none,std,208,160,200,300,240,375,450,270,174.99,71.01,48,36,150,125,90.00,58.33,23.67,16.00,12.00,2,16,5000
27F6A37-3013,F6,27,7,air,push-through,none,400V 3ph,none,std,208,160,200,300,240,375,450,270,174.99,71.01,48,36,150,125,90.00,58.33,23.67,16.00,12.00,2,16,5000
27F6A37-3014,F6,27,7,water,push-through,none,400V 3ph,none,std,208,160,200,300,240,375,450,270,174.99,71.01,48,36,150,125,90.00,58.33,23.67,16.00,12.00,2,16,5000
27F6A37-3016,F6,27,7,water,push-through,integrated,400V 3ph,none,std,208,160,200,300,240,375,450,270,174.99,71.01,48,36,150,125,90.00,58.33,23.67,16.00,12.00,2,16,5000
27F6A37-3019,F6,27,7,water,panel,integrated,400V 3ph,none,std,208,160,200,300,240,375,450,270,174.99,71.01,48,36,150,125,90.00,58.33,23.67,16.00,12.00,2,16,5000
27F6A37-30B1,F6,27,7,air,panel,none,400V 3ph,none,std,208,160,200,300,240,375,450,270,174.99,71.01,48,36,150,125,90.00,58.33,23.67,16.00,12.00,2,16,5000
27F6A37-3C1D,F6,27,7,air,panel (high perf),none,400V 3ph,none,std,208,160,200,300,260,318,405,240,159.99,80.01,39.99,30,135,106,80.00,53.33,26.67,13.33,10.00,6,16,5000
27F6A37-4011,F6,27,7,air,panel,none,400V 3ph,none,none,208,160,200,300,240,375,450,270,174.99,71.01,48,36,150,125,90.00,58.33,23.67,16.00,12.00,2,16,5000
27F6A37-4012,F6,27,7,water,panel,none,400V 3ph,none,none,208,160,200,300,240,375,450,270,174.99,71.01,48,36,150,125,90.00,58.33,23.67,16.00,12.00,2,16,5000
27F6A37-4013,F6,27,7,air,push-through,none,400V 3ph,none,none,208,160,200,300,240,375,450,270,174.99,71.01,48,36,150,125,90.00,58.33,23.67,16.00,12.00,2,16,5000
27F6A37-4014,F6,27,7,water,push-through,none,400V 3ph,none,none,208,160,200,300,240,375,450,270,174.99,71.01,48,36,150,125,90.00,58.33,23.67,16.00,12.00,2,16,5000
27F6A37-4C1D,F6,27,7,air,panel (high perf),none,400V 3ph,none,none,208,160,200,300,260,318,405,240,159.99,80.01,39.99,30,135,106,80.00,53.33,26.67,13.33,10.00,6,16,5000
27F6K17-3011,F6,27,7,air,panel,none,400V 3ph,none,std,208,160,200,300,240,375,450,270,174.99,71.01,48,36,150,125,90.00,58.33,23.67,16.00,12.00,2,16,5000
27F6K17-3012,F6,27,7,water,panel,none,400V 3ph,none,std,208,160,200,300,240,375,450,270,174.99,71.01,48,36,150,125,90.00,58.33,23.67,16.00,12.00,2,16,5000
27F6K17-3013,F6,27,7,air,push-through,none,400V 3ph,none,std,208,160,200,300,240,375,450,270,174.99,71.01,48,36,150,125,90.00,58.33,23.67,16.00,12.00,2,16,5000
27F6K17-3014,F6,27,7,water,push-through,none,400V 3ph,none,std,208,160,200,300,240,375,450,270,174.99,71.01,48,36,150,125,90.00,58.33,23.67,16.00,12.00,2,16,5000
27F6K17-3016,F6,27,7,water,push-through,integrated,400V 3ph,none,std,208,160,200,300,240,375,450,270,174.99,71.01,48,36,150,125,90.00,58.33,23.67,16.00,12.00,2,16,5000
27F6K17-3019,F6,27,7,water,panel,integrated,400V 3ph,none,std,208,160,200,300,240,375,450,270,174.99,71.01,48,36,150,125,90.00,58.33,23.67,16.00,12.00,2,16,5000
27F6K17-3021,F6,27,7,air,panel,none,400V 3ph,none,std,208,160,200,300,240,375,450,270,174.99,71.01,48,36,150,125,90.00,58.33,23.67,16.00,12.00,2,16,5000
27F6K17-3022,F6,27,7,water,panel,none,400V 3ph,none,std,208,160,200,300,240,375,450,270,174.99,71.01,48,36,150,125,90.00,58.33,23.67,16.00,12.00,2,16,5000
27F6K17-3023,F6,27,7,air,push-through,none,400V 3ph,none,std,208,160,200,300,240,375,450,270,174.99,71.01,48,36,150,125,90.00,58.33,23.67,16.00,12.00,2,16,5000
27F6K17-3024,F6,27,7,water,push-through,none,400V 3ph,none,std,208,160,200,300,240,375,450,270,174.99,71.01,48,36,150,125,90.00,58.33,23.67,16.00,12.00,2,16,5000
27F6K17-3026,F6,27,7,water,push-through,integrated,400V 3ph,none,std,208,160,200,300,240,375,450,270,174.99,71.01,48,36,150,125,90.00,58.33,23.67,16.00,12.00,2,16,5000
27F6K17-3029,F6,27,7,water,panel,integrated,400V 3ph,none,std,208,160,200,300,240,375,450,270,174.99,71.01,48,36,150,125,90.00,58.33,23.67,16.00,12.00,2,16,5000
27F6K17-4011,F6,27,7,air,panel,none,400V 3ph,none,none,208,160,200,300,240,375,450,270,174.99,71.01,48,36,150,125,90.00,58.33,23.67,16.00,12.00,2,16,5000
27F6K17-4012,F6,27,7,water,panel,none,400V 3ph,none,none,208,160,200,300,240,375,450,270,174.99,71.01,48,36,150,125,90.00,58.33,23.67,16.00,12.00,2,16,5000
27F6K17-4013,F6,27,7,air,push-through,none,400V 3ph,none,none,208,160,200,300,240,375,450,270,174.99,71.01,48,36,150,125,90.00,58.33,23.67,16.00,12.00,2,16,5000
27F6K17-4014,F6,27,7,water,push-through,none,400V 3ph,none,none,208,160,200,300,240,375,450,270,174.99,71.01,48,36,150,125,90.00,58.33,23.67,16.00,12.00,2,16,5000
27F6K17-4021,F6,27,7,air,panel,none,400V 3ph,none,none,208,160,200,300,240,375,450,270,174.99,71.01,48,36,150,125,90.00,58.33,23.67,16.00,12.00,2,16,5000
27F6K17-4022,F6,27,7,water,panel,none,400V 3ph,none,none,208,160,200,300,240,375,450,270,174.99,71.01,48,36,150,125,90.00,58.33,23.67,16.00,12.00,2,16,5000
27F6K17-4023,F6,27,7,air,push-through,none,400V 3ph,none,none,208,160,200,300,240,375,450,270,174.99,71.01,48,36,150,125,90.00,58.33,23.67,16.00,12.00,2,16,5000
27F6K17-4024,F6,27,7,water,push-through,none,400V 3ph,none,none,208,160,200,300,240,375,450,270,174.99,71.01,48,36,150,125,90.00,58.33,23.67,16.00,12.00,2,16,5000
27F6P57-3011,F6,27,7,air,panel,none,400V 3ph,none,std,208,160,200,300,240,375,450,270,174.99,71.01,48,36,150,125,90.00,58.33,23.67,16.00,12.00,2,16,5000
27F6P57-3031,F6,27,7,air,panel,none,400V 3ph,none,std,208,160,200,300,240,375,450,270,174.99,71.01,48,36,150,125,90.00,58.33,23.67,16.00,12.00,2,16,5000
27F6P57-3032,F6,27,7,water,panel,none,400V 3ph,none,std,208,160,200,300,240,375,450,270,174.99,71.01,48,36,150,125,90.00,58.33,23.67,16.00,12.00,2,16,5000
27F6P57-3033,F6,27,7,air,push-through,none,400V 3ph,none,std,208,160,200,300,240,375,450,270,174.99,71.01,48,36,150,125,90.00,58.33,23.67,16.00,12.00,2,16,5000
27F6P57-3034,F6,27,7,water,push-through,none,400V 3ph,none,std,208,160,200,300,240,375,450,270,174.99,71.01,48,36,150,125,90.00,58.33,23.67,16.00,12.00,2,16,5000
27F6P57-3035,F6,27,7,air,push-through (IP20),none,400V 3ph,none,std,208,160,200,300,240,375,450,270,174.99,71.01,48,36,150,125,90.00,58.33,23.67,16.00,12.00,2,16,5000
27F6P57-3036,F6,27,7,water,push-through,integrated,400V 3ph,none,std,208,160,200,300,240,375,450,270,174.99,71.01,48,36,150,125,90.00,58.33,23.67,16.00,12.00,2,16,5000
27F6P57-3039,F6,27,7,water,panel,integrated,400V 3ph,none,std,208,160,200,300,240,375,450,270,174.99,71.01,48,36,150,125,90.00,58.33,23.67,16.00,12.00,2,16,5000
27F6P57-3041,F6,27,7,air,panel,none,400V 3ph,none,std,208,160,200,300,240,375,450,270,174.99,71.01,48,36,150,125,90.00,58.33,23.67,16.00,12.00,2,16,5000
27F6P57-3042,F6,27,7,water,panel,none,400V 3ph,none,std,208,160,200,300,240,375,450,270,174.99,71.01,48,36,150,125,90.00,58.33,23.67,16.00,12.00,2,16,5000
27F6P57-3043,F6,27,7,air,push-through,none,400V 3ph,none,std,208,160,200,300,240,375,450,270,174.99,71.01,48,36,150,125,90.00,58.33,23.67,16.00,12.00,2,16,5000
27F6P57-3044,F6,27,7,water,push-through,none,400V 3ph,none,std,208,160,200,300,240,375,450,270,174.99,71.01,48,36,150,125,90.00,58.33,23.67,16.00,12.00,2,16,5000
27F6P57-3045,F6,27,7,air,push-through (IP20),none,400V 3ph,none,std,208,160,200,300,240,375,450,270,174.99,71.01,48,36,150,125,90.00,58.33,23.67,16.00,12.00,2,16,5000
27F6P57-3046,F6,27,7,water,push-through,integrated,400V 3ph,none,std,208,160,200,300,240,375,450,270,174.99,71.01,48,36,150,125,90.00,58.33,23.67,16.00,12.00,2,16,5000
27F6P57-3049,F6,27,7,water,panel,integrated,400V 3ph,none,std,208,160,200,300,240,375,450,270,174.99,71.01,48,36,150,125,90.00,58.33,23.67,16.00,12.00,2,16,5000
27F6P57-3051,F6,27,7,air,panel,none,400V 3ph,none,std,208,160,200,300,240,375,450,270,174.99,71.01,48,36,150,125,90.00,58.33,23.67,16.00,12.00,2,16,5000
27F6P57-3052,F6,27,7,water,panel,none,400V 3ph,none,std,208,160,200,300,240,375,450,270,174.99,71.01,48,36,150,125,90.00,58.33,23.67,16.00,12.00,2,16,5000
27F6P57-3053,F6,27,7,air,push-through,none,400V 3ph,none,std,208,160,200,300,240,375,450,270,174.99,71.01,48,36,150,125,90.00,58.33,23.67,16.00,12.00,2,16,5000
27F6P57-3054,F6,27,7,water,push-through,none,400V 3ph,none,std,208,160,200,300,240,375,450,270,174.99,71.01,48,36,150,125,90.00,58.33,23.67,16.00,12.00,2,16,5000
27F6P57-3055,F6,27,7,air,push-through (IP20),none,400V 3ph,none,std,208,160,200,300,240,375,450,270,174.99,71.01,48,36,150,125,90.00,58.33,23.67,16.00,12.00,2,16,5000
27F6P57-3056,F6,27,7,water,push-through,integrated,400V 3ph,none,std,208,160,200,300,240,375,450,270,174.99,71.01,48,36,150,125,90.00,58.33,23.67,16.00,12.00,2,16,5000
27F6P57-3059,F6,27,7,water,panel,integrated,400V 3ph,none,std,208,160,200,300,240,375,450,270,174.99,71.01,48,36,150,125,90.00,58.33,23.67,16.00,12.00,2,16,5000
27F6P57-3C3D,F6,27,7,air,panel (high perf),none,400V 3ph,none,std,208,160,200,300,260,318,405,240,159.99,80.01,39.99,30,135,106,80.00,53.33,26.67,13.33,10.00,6,16,5000
27F6P57-3C4D,F6,27,7,air,panel (high perf),none,400V 3ph,none,std,208,160,200,300,260,318,405,240,159.99,80.01,39.99,30,135,106,80.00,53.33,26.67,13.33,10.00,6,16,5000
27F6P57-3C5D,F6,27,7,air,panel (high perf),none,400V 3ph,none,std,208,160,200,300,260,318,405,240,159.99,80.01,39.99,30,135,106,80.00,53.33,26.67,13.33,10.00,6,16,5000
27F6P57-4031,F6,27,7,air,panel,none,400V 3ph,none,none,208,160,200,300,240,375,450,270,174.99,71.01,48,36,150,125,90.00,58.33,23.67,16.00,12.00,2,16,5000
27F6P57-4032,F6,27,7,water,panel,none,400V 3ph,none,none,208,160,200,300,240,375,450,270,174.99,71.01,48,36,150,125,90.00,58.33,23.67,16.00,12.00,2,16,5000
27F6P57-4033,F6,27,7,air,push-through,none,400V 3ph,none,none,208,160,200,300,240,375,450,270,174.99,71.01,48,36,150,125,90.00,58.33,23.67,16.00,12.00,2,16,5000
27F6P57-4034,F6,27,7,water,push-through,none,400V 3ph,none,none,208,160,200,300,240,375,450,270,174.99,71.01,48,36,150,125,90.00,58.33,23.67,16.00,12.00,2,16,5000
27F6P57-4035,F6,27,7,air,push-through (IP20),none,400V 3ph,none,none,208,160,200,300,240,375,450,270,174.99,71.01,48,36,150,125,90.00,58.33,23.67,16.00,12.00,2,16,5000
27F6P57-4041,F6,27,7,air,panel,none,400V 3ph,none,none,208,160,200,300,240,375,450,270,174.99,71.01,48,36,150,125,90.00,58.33,23.67,16.00,12.00,2,16,5000
27F6P57-4042,F6,27,7,water,panel,none,400V 3ph,none,none,208,160,200,300,240,375,450,270,174.99,71.01,48,36,150,125,90.00,58.33,23.67,16.00,12.00,2,16,5000
27F6P57-4043,F6,27,7,air,push-through,none,400V 3ph,none,none,208,160,200,300,240,375,450,270,174.99,71.01,48,36,150,125,90.00,58.33,23.67,16.00,12.00,2,16,5000
27F6P57-4044,F6,27,7,water,push-through,none,400V 3ph,none,none,208,160,200,300,240,375,450,270,174.99,71.01,48,36,150,125,90.00,58.33,23.67,16.00,12.00,2,16,5000
27F6P57-4051,F6,27,7,air,panel,none,400V 3ph,none,none,208,160,200,300,240,375,450,270,174.99,71.01,48,36,150,125,90.00,58.33,23.67,16.00,12.00,2,16,5000
27F6P57-4052,F6,27,7,water,panel,none,400V 3ph,none,none,208,160,200,300,240,375,450,270,174.99,71.01,48,36,150,125,90.00,58.33,23.67,16.00,12.00,2,16,5000
27F6P57-4053,F6,27,7,air,push-through,none,400V 3ph,none,none,208,160,200,300,240,375,450,270,174.99,71.01,48,36,150,125,90.00,58.33,23.67,16.00,12.00,2,16,5000
27F6P57-4054,F6,27,7,water,push-through,none,400V 3ph,none,none,208,160,200,300,240,375,450,270,174.99,71.01,48,36,150,125,90.00,58.33,23.67,16.00,12.00,2,16,5000
27F6P57-4055,F6,27,7,air,push-through (IP20),none,400V 3ph,none,none,208,160,200,300,240,375,450,270,174.99,71.01,48,36,150,125,90.00,58.33,23.67,16.00,12.00,2,16,5000
27F6P57-4C3D,F6,27,7,air,panel (high perf),none,400V 3ph,none,none,208,160,200,300,260,318,405,240,159.99,80.01,39.99,30,135,106,80.00,53.33,26.67,13.33,10.00,6,16,5000
27F6P57-4C4D,F6,27,7,air,panel (high perf),none,400V 3ph,none,none,208,160,200,300,260,318,405,240,159.99,80.01,39.99,30,135,106,80.00,53.33,26.67,13.33,10.00,6,16,5000
27F6P57-4C5D,F6,27,7,air,panel (high perf),none,400V 3ph,none,none,208,160,200,300,260,318,405,240,159.99,80.01,39.99,30,135,106,80.00,53.33,26.67,13.33,10.00,6,16,5000
28F6A17-3011,F6,28,7,air,panel,none,400V 3ph,none,std,256,200,250,370,325,462.5,555,312.983,199.985,112.998,63.011,35.002,150,125,84.59,54.05,30.54,17.03,9.46,2,16,5000
28F6A17-3012,F6,28,7,water,panel,none,400V 3ph,none,std,256,200,250,370,302,462.5,555,370,216.006,123.987,83.99,63.011,150,125,100.00,58.38,33.51,22.70,17.03,2,16,5000
28F6A17-3013,F6,28,7,air,push-through,none,400V 3ph,none,std,256,200,250,370,325,462.5,555,312.983,199.985,112.998,63.011,35.002,150,125,84.59,54.05,30.54,17.03,9.46,2,16,5000
28F6A17-3014,F6,28,7,water,push-through,none,400V 3ph,none,std,256,200,250,370,302,462.5,555,370,216.006,123.987,83.99,63.011,150,125,100.00,58.38,33.51,22.70,17.03,2,16,5000
28F6A17-3016,F6,28,7,water,push-through,integrated,400V 3ph,none,std,256,200,250,370,302,462.5,555,370,216.006,123.987,83.99,63.011,150,125,100.00,58.38,33.51,22.70,17.03,2,16,5000
28F6A17-3019,F6,28,7,water,panel,integrated,400V 3ph,none,std,256,200,250,370,302,462.5,555,370,216.006,123.987,83.99,63.011,150,125,100.00,58.38,33.51,22.70,17.03,2,16,5000
28F6A17-3B1E,F6,28,7,water,panel (high perf),none,400V 3ph,none,std,256,200,250,370,325,392.2,499.5,290.006,199.985,110.001,65.009,39.997,135,106,78.38,54.05,29.73,17.57,10.81,8,16,5000
28F6A17-3B1G,F6,28,7,water,push-through (high perf),none,400V 3ph,none,std,256,200,250,370,325,392.2,499.5,290.006,199.985,110.001,65.009,39.997,135,106,78.38,54.05,29.73,17.57,10.81,8,16,5000
28F6A17-3E11,F6,28,7,air,panel,none,400V 3ph,none,std,256,200,250,370,302,462.5,555,185,96.015,39.997,27.01,13.986,150,125,50.00,25.95,10.81,7.30,3.78,2,16,5000
28F6A17-3E13,F6,28,7,air,push-through,none,400V 3ph,none,std,256,200,250,370,302,462.5,555,185,96.015,39.997,27.01,13.986,150,125,50.00,25.95,10.81,7.30,3.78,2,16,5000
28F6A17-4011,F6,28,7,air,panel,none,400V 3ph,none,none,256,200,250,370,325,462.5,555,312.983,199.985,112.998,63.011,35.002,150,125,84.59,54.05,30.54,17.03,9.46,2,16,5000
28F6A17-4012,F6,28,7,water,panel,none,400V 3ph,none,none,256,200,250,370,302,462.5,555,370,216.006,123.987,83.99,63.011,150,125,100.00,58.38,33.51,22.70,17.03,2,16,5000
28F6A17-4013,F6,28,7,air,push-through,none,400V 3ph,none,none,256,200,250,370,325,462.5,555,312.983,199.985,112.998,63.011,35.002,150,125,84.59,54.05,30.54,17.03,9.46,2,16,5000
28F6A17-4014,F6,28,7,water,push-through,none,400V 3ph,none,none,256,200,250,370,302,462.5,555,370,216.006,123.987,83.99,63.011,150,125,100.00,58.38,33.51,22.70,17.03,2,16,5000
28F6A17-4B1E,F6,28,7,water,panel (high perf),none,400V 3ph,none,none,256,200,250,370,325,392.2,499.5,290.006,199.985,110.001,65.009,39.997,135,106,78.38,54.05,29.73,17.57,10.81,8,16,5000
28F6A17-4B1G,F6,28,7,water,push-through (high perf),none,400V 3ph,none,none,256,200,250,370,325,392.2,499.5,290.006,199.985,110.001,65.009,39.997,135,106,78.38,54.05,29.73,17.57,10.81,8,16,5000
28F6A17-4E11,F6,28,7,air,panel,none,400V 3ph,none,none,256,200,250,370,302,462.5,555,185,96.015,39.997,27.01,13.986,150,125,50.00,25.95,10.81,7.30,3.78,2,16,5000
28F6A17-4E13,F6,28,7,air,push-through,none,400V 3ph,none,none,256,200,250,370,302,462.5,555,185,96.015,39.997,27.01,13.986,150,125,50.00,25.95,10.81,7.30,3.78,2,16,5000
28F6A37-3011,F6,28,7,air,panel,none,400V 3ph,none,std,256,200,250,370,325,462.5,555,312.983,199.985,112.998,63.011,35.002,150,125,84.59,54.05,30.54,17.03,9.46,2,16,5000
28F6A37-3012,F6,28,7,water,panel,none,400V 3ph,none,std,256,200,250,370,302,462.5,555,370,216.006,123.987,83.99,63.011,150,125,100.00,58.38,33.51,22.70,17.03,2,16,5000
28F6A37-3013,F6,28,7,air,push-through,none,400V 3ph,none,std,256,200,250,370,325,462.5,555,312.983,199.985,112.998,63.011,35.002,150,125,84.59,54.05,30.54,17.03,9.46,2,16,5000
28F6A37-3014,F6,28,7,water,push-through,none,400V 3ph,none,std,256,200,250,370,302,462.5,555,370,216.006,123.987,83.99,63.011,150,125,100.00,58.38,33.51,22.70,17.03,2,16,5000
28F6A37-3016,F6,28,7,water,push-through,integrated,400V 3ph,none,std,256,200,250,370,302,462.5,555,370,216.006,123.987,83.99,63.011,150,125,100.00,58.38,33.51,22.70,17.03,2,16,5000
28F6A37-3019,F6,28,7,water,panel,integrated,400V 3ph,none,std,256,200,250,370,302,462.5,555,370,216.006,123.987,83.99,63.011,150,125,100.00,58.38,33.51,22.70,17.03,2,16,5000
28F6A37-3B1E,F6,28,7,water,panel (high perf),none,400V 3ph,none,std,256,200,250,370,325,392.2,499.5,290.006,199.985,110.001,65.009,39.997,135,106,78.38,54.05,29.73,17.57,10.81,8,16,5000
28F6A37-3B1G,F6,28,7,water,push-through (high perf),none,400V 3ph,none,std,256,200,250,370,325,392.2,499.5,290.006,199.985,110.001,65.009,39.997,135,106,78.38,54.05,29.73,17.57,10.81,8,16,5000
28F6A37-3E11,F6,28,7,air,panel,none,400V 3ph,none,std,256,200,250,370,302,462.5,555,185,96.015,39.997,27.01,13.986,150,125,50.00,25.95,10.81,7.30,3.78,2,16,5000
28F6A37-3E13,F6,28,7,air,push-through,none,400V 3ph,none,std,256,200,250,370,302,462.5,555,185,96.015,39.997,27.01,13.986,150,125,50.00,25.95,10.81,7.30,3.78,2,16,5000
28F6A37-4011,F6,28,7,air,panel,none,400V 3ph,none,none,256,200,250,370,325,462.5,555,312.983,199.985,112.998,63.011,35.002,150,125,84.59,54.05,30.54,17.03,9.46,2,16,5000
28F6A37-4012,F6,28,7,water,panel,none,400V 3ph,none,none,256,200,250,370,302,462.5,555,370,216.006,123.987,83.99,63.011,150,125,100.00,58.38,33.51,22.70,17.03,2,16,5000
28F6A37-4013,F6,28,7,air,push-through,none,400V 3ph,none,none,256,200,250,370,325,462.5,555,312.983,199.985,112.998,63.011,35.002,150,125,84.59,54.05,30.54,17.03,9.46,2,16,5000
28F6A37-4014,F6,28,7,water,push-through,none,400V 3ph,none,none,256,200,250,370,302,462.5,555,370,216.006,123.987,83.99,63.011,150,125,100.00,58.38,33.51,22.70,17.03,2,16,5000
28F6A37-4B1E,F6,28,7,water,panel (high perf),none,400V 3ph,none,none,256,200,250,370,325,392.2,499.5,290.006,199.985,110.001,65.009,39.997,135,106,78.38,54.05,29.73,17.57,10.81,8,16,5000
28F6A37-4B1G,F6,28,7,water,push-through (high perf),none,400V 3ph,none,none,256,200,250,370,325,392.2,499.5,290.006,199.985,110.001,65.009,39.997,135,106,78.38,54.05,29.73,17.57,10.81,8,16,5000
28F6A37-4E11,F6,28,7,air,panel,none,400V 3ph,none,none,256,200,250,370,302,462.5,555,185,96.015,39.997,27.01,13.986,150,125,50.00,25.95,10.81,7.30,3.78,2,16,5000
28F6A37-4E13,F6,28,7,air,push-through,none,400V 3ph,none,none,256,200,250,370,302,462.5,555,185,96.015,39.997,27.01,13.986,150,125,50.00,25.95,10.81,7.30,3.78,2,16,5000
28F6K17-3011,F6,28,7,air,panel,none,400V 3ph,none,std,256,200,250,370,325,462.5,555,312.983,199.985,112.998,63.011,35.002,150,125,84.59,54.05,30.54,17.03,9.46,2,16,5000
28F6K17-3012,F6,28,7,water,panel,none,400V 3ph,none,std,256,200,250,370,302,462.5,555,370,216.006,123.987,83.99,63.011,150,125,100.00,58.38,33.51,22.70,17.03,2,16,5000
28F6K17-3013,F6,28,7,air,push-through,none,400V 3ph,none,std,256,200,250,370,325,462.5,555,312.983,199.985,112.998,63.011,35.002,150,125,84.59,54.05,30.54,17.03,9.46,2,16,5000
28F6K17-3014,F6,28,7,water,push-through,none,400V 3ph,none,std,256,200,250,370,302,462.5,555,370,216.006,123.987,83.99,63.011,150,125,100.00,58.38,33.51,22.70,17.03,2,16,5000
28F6K17-3016,F6,28,7,water,push-through,integrated,400V 3ph,none,std,256,200,250,370,302,462.5,555,370,216.006,123.987,83.99,63.011,150,125,100.00,58.38,33.51,22.70,17.03,2,16,5000
28F6K17-3019,F6,28,7,water,panel,integrated,400V 3ph,none,std,256,200,250,370,302,462.5,555,370,216.006,123.987,83.99,63.011,150,125,100.00,58.38,33.51,22.70,17.03,2,16,5000
28F6K17-3021,F6,28,7,air,panel,none,400V 3ph,none,std,256,200,250,370,325,462.5,555,312.983,199.985,112.998,63.011,35.002,150,125,84.59,54.05,30.54,17.03,9.46,2,16,5000
28F6K17-3022,F6,28,7,water,panel,none,400V 3ph,none,std,256,200,250,370,302,462.5,555,370,216.006,123.987,83.99,63.011,150,125,100.00,58.38,33.51,22.70,17.03,2,16,5000
28F6K17-3023,F6,28,7,air,push-through,none,400V 3ph,none,std,256,200,250,370,325,462.5,555,312.983,199.985,112.998,63.011,35.002,150,125,84.59,54.05,30.54,17.03,9.46,2,16,5000
28F6K17-3024,F6,28,7,water,push-through,none,400V 3ph,none,std,256,200,250,370,302,462.5,555,370,216.006,123.987,83.99,63.011,150,125,100.00,58.38,33.51,22.70,17.03,2,16,5000
28F6K17-3026,F6,28,7,water,push-through,integrated,400V 3ph,none,std,256,200,250,370,302,462.5,555,370,216.006,123.987,83.99,63.011,150,125,100.00,58.38,33.51,22.70,17.03,2,16,5000
28F6K17-3029,F6,28,7,water,panel,integrated,400V 3ph,none,std,256,200,250,370,302,462.5,555,370,216.006,123.987,83.99,63.011,150,125,100.00,58.38,33.51,22.70,17.03,2,16,5000
28F6K17-3E11,F6,28,7,air,panel,none,400V 3ph,none,std,256,200,250,370,302,462.5,555,185,96.015,39.997,27.01,13.986,150,125,50.00,25.95,10.81,7.30,3.78,2,16,5000
28F6K17-3E13,F6,28,7,air,push-through,none,400V 3ph,none,std,256,200,250,370,302,462.5,555,185,96.015,39.997,27.01,13.986,150,125,50.00,25.95,10.81,7.30,3.78,2,16,5000
28F6K17-3E21,F6,28,7,air,panel,none,400V 3ph,none,std,256,200,250,370,302,462.5,555,185,96.015,39.997,27.01,13.986,150,125,50.00,25.95,10.81,7.30,3.78,2,16,5000
28F6K17-3E23,F6,28,7,air,push-through,none,400V 3ph,none,std,256,200,250,370,302,462.5,555,185,96.015,39.997,27.01,13.986,150,125,50.00,25.95,10.81,7.30,3.78,2,16,5000
28F6K17-4011,F6,28,7,air,panel,none,400V 3ph,none,none,256,200,250,370,325,462.5,555,312.983,199.985,112.998,63.011,35.002,150,125,84.59,54.05,30.54,17.03,9.46,2,16,5000
28F6K17-4012,F6,28,7,water,panel,none,400V 3ph,none,none,256,200,250,370,302,462.5,555,370,216.006,123.987,83.99,63.011,150,125,100.00,58.38,33.51,22.70,17.03,2,16,5000
28F6K17-4013,F6,28,7,air,push-through,none,400V 3ph,none,none,256,200,250,370,325,462.5,555,312.983,199.985,112.998,63.011,35.002,150,125,84.59,54.05,30.54,17.03,9.46,2,16,5000
28F6K17-4014,F6,28,7,water,push-through,none,400V 3ph,none,none,256,200,250,370,302,462.5,555,370,216.006,123.987,83.99,63.011,150,125,100.00,58.38,33.51,22.70,17.03,2,16,5000
28F6K17-4021,F6,28,7,air,panel,none,400V 3ph,none,none,256,200,250,370,325,462.5,555,312.983,199.985,112.998,63.011,35.002,150,125,84.59,54.05,30.54,17.03,9.46,2,16,5000
28F6K17-4022,F6,28,7,water,panel,none,400V 3ph,none,none,256,200,250,370,302,462.5,555,370,216.006,123.987,83.99,63.011,150,125,100.00,58.38,33.51,22.70,17.03,2,16,5000
28F6K17-4023,F6,28,7,air,push-through,none,400V 3ph,none,none,256,200,250,370,325,462.5,555,312.983,199.985,112.998,63.011,35.002,150,125,84.59,54.05,30.54,17.03,9.46,2,16,5000
28F6K17-4024,F6,28,7,water,push-through,none,400V 3ph,none,none,256,200,250,370,302,462.5,555,370,216.006,123.987,83.99,63.011,150,125,100.00,58.38,33.51,22.70,17.03,2,16,5000
28F6K17-4E11,F6,28,7,air,panel,none,400V 3ph,none,none,256,200,250,370,302,462.5,555,185,96.015,39.997,27.01,13.986,150,125,50.00,25.95,10.81,7.30,3.78,2,16,5000
28F6K17-4E13,F6,28,7,air,push-through,none,400V 3ph,none,none,256,200,250,370,302,462.5,555,185,96.015,39.997,27.01,13.986,150,125,50.00,25.95,10.81,7.30,3.78,2,16,5000
28F6K17-4E21,F6,28,7,air,panel,none,400V 3ph,none,none,256,200,250,370,302,462.5,555,185,96.015,39.997,27.01,13.986,150,125,50.00,25.95,10.81,7.30,3.78,2,16,5000
28F6K17-4E23,F6,28,7,air,push-through,none,400V 3ph,none,none,256,200,250,370,302,462.5,555,185,96.015,39.997,27.01,13.986,150,125,50.00,25.95,10.81,7.30,3.78,2,16,5000
28F6P57-3031,F6,28,7,air,panel,none,400V 3ph,none,std,256,200,250,370,325,462.5,555,312.983,199.985,112.998,63.011,35.002,150,125,84.59,54.05,30.54,17.03,9.46,2,16,5000
28F6P57-3032,F6,28,7,water,panel,none,400V 3ph,none,std,256,200,250,370,302,462.5,555,370,216.006,123.987,83.99,63.011,150,125,100.00,58.38,33.51,22.70,17.03,2,16,5000
28F6P57-3033,F6,28,7,air,push-through,none,400V 3ph,none,std,256,200,250,370,325,462.5,555,312.983,199.985,112.998,63.011,35.002,150,125,84.59,54.05,30.54,17.03,9.46,2,16,5000
28F6P57-3034,F6,28,7,water,push-through,none,400V 3ph,none,std,256,200,250,370,302,462.5,555,370,216.006,123.987,83.99,63.011,150,125,100.00,58.38,33.51,22.70,17.03,2,16,5000
28F6P57-3035,F6,28,7,air,push-through (IP20),none,400V 3ph,none,std,256,200,250,370,325,462.5,555,312.983,199.985,112.998,63.011,35.002,150,125,84.59,54.05,30.54,17.03,9.46,2,16,5000
28F6P57-3036,F6,28,7,water,push-through,integrated,400V 3ph,none,std,256,200,250,370,302,462.5,555,370,216.006,123.987,83.99,63.011,150,125,100.00,58.38,33.51,22.70,17.03,2,16,5000
28F6P57-3039,F6,28,7,water,panel,integrated,400V 3ph,none,std,256,200,250,370,302,462.5,555,370,216.006,123.987,83.99,63.011,150,125,100.00,58.38,33.51,22.70,17.03,2,16,5000
28F6P57-3041,F6,28,7,air,panel,none,400V 3ph,none,std,256,200,250,370,325,462.5,555,312.983,199.985,112.998,63.011,35.002,150,125,84.59,54.05,30.54,17.03,9.46,2,16,5000
28F6P57-3042,F6,28,7,water,panel,none,400V 3ph,none,std,256,200,250,370,302,462.5,555,370,216.006,123.987,83.99,63.011,150,125,100.00,58.38,33.51,22.70,17.03,2,16,5000
28F6P57-3043,F6,28,7,air,push-through,none,400V 3ph,none,std,256,200,250,370,325,462.5,555,312.983,199.985,112.998,63.011,35.002,150,125,84.59,54.05,30.54,17.03,9.46,2,16,5000
28F6P57-3044,F6,28,7,water,push-through,none,400V 3ph,none,std,256,200,250,370,302,462.5,555,370,216.006,123.987,83.99,63.011,150,125,100.00,58.38,33.51,22.70,17.03,2,16,5000
28F6P57-3045,F6,28,7,air,push-through (IP20),none,400V 3ph,none,std,256,200,250,370,325,462.5,555,312.983,199.985,112.998,63.011,35.002,150,125,84.59,54.05,30.54,17.03,9.46,2,16,5000
28F6P57-3046,F6,28,7,water,push-through,integrated,400V 3ph,none,std,256,200,250,370,302,462.5,555,370,216.006,123.987,83.99,63.011,150,125,100.00,58.38,33.51,22.70,17.03,2,16,5000
28F6P57-3049,F6,28,7,water,panel,integrated,400V 3ph,none,std,256,200,250,370,302,462.5,555,370,216.006,123.987,83.99,63.011,150,125,100.00,58.38,33.51,22.70,17.03,2,16,5000
28F6P57-3051,F6,28,7,air,panel,none,400V 3ph,none,std,256,200,250,370,325,462.5,555,312.983,199.985,112.998,63.011,35.002,150,125,84.59,54.05,30.54,17.03,9.46,2,16,5000
28F6P57-3052,F6,28,7,water,panel,none,400V 3ph,none,std,256,200,250,370,302,462.5,555,370,216.006,123.987,83.99,63.011,150,125,100.00,58.38,33.51,22.70,17.03,2,16,5000
28F6P57-3053,F6,28,7,air,push-through,none,400V 3ph,none,std,256,200,250,370,325,462.5,555,312.983,199.985,112.998,63.011,35.002,150,125,84.59,54.05,30.54,17.03,9.46,2,16,5000
28F6P57-3054,F6,28,7,water,push-through,none,400V 3ph,none,std,256,200,250,370,302,462.5,555,370,216.006,123.987,83.99,63.011,150,125,100.00,58.38,33.51,22.70,17.03,2,16,5000
28F6P57-3055,F6,28,7,air,push-through (IP20),none,400V 3ph,none,std,256,200,250,370,325,462.5,555,312.983,199.985,112.998,63.011,35.002,150,125,84.59,54.05,30.54,17.03,9.46,2,16,5000
28F6P57-3056,F6,28,7,water,push-through,integrated,400V 3ph,none,std,256,200,250,370,302,462.5,555,370,216.006,123.987,83.99,63.011,150,125,100.00,58.38,33.51,22.70,17.03,2,16,5000
28F6P57-3059,F6,28,7,water,panel,integrated,400V 3ph,none,std,256,200,250,370,302,462.5,555,370,216.006,123.987,83.99,63.011,150,125,100.00,58.38,33.51,22.70,17.03,2,16,5000
28F6P57-3B3E,F6,28,7,water,panel (high perf),none,400V 3ph,none,std,256,200,250,370,325,392.2,499.5,290.006,199.985,110.001,65.009,39.997,135,106,78.38,54.05,29.73,17.57,10.81,8,16,5000
28F6P57-3B3G,F6,28,7,water,push-through (high perf),none,400V 3ph,none,std,256,200,250,370,325,392.2,499.5,290.006,199.985,110.001,65.009,39.997,135,106,78.38,54.05,29.73,17.57,10.81,8,16,5000
28F6P57-3B4E,F6,28,7,water,panel (high perf),none,400V 3ph,none,std,256,200,250,370,325,392.2,499.5,290.006,199.985,110.001,65.009,39.997,135,106,78.38,54.05,29.73,17.57,10.81,8,16,5000
28F6P57-3B4G,F6,28,7,water,push-through (high perf),none,400V 3ph,none,std,256,200,250,370,325,392.2,499.5,290.006,199.985,110.001,65.009,39.997,135,106,78.38,54.05,29.73,17.57,10.81,8,16,5000
28F6P57-3B5E,F6,28,7,water,panel (high perf),none,400V 3ph,none,std,256,200,250,370,325,392.2,499.5,290.006,199.985,110.001,65.009,39.997,135,106,78.38,54.05,29.73,17.57,10.81,8,16,5000
28F6P57-3B5G,F6,28,7,water,push-through (high perf),none,400V 3ph,none,std,256,200,250,370,325,392.2,499.5,290.006,199.985,110.001,65.009,39.997,135,106,78.38,54.05,29.73,17.57,10.81,8,16,5000
28F6P57-3E31,F6,28,7,air,panel,none,400V 3ph,none,std,256,200,250,370,302,462.5,555,185,96.015,39.997,27.01,13.986,150,125,50.00,25.95,10.81,7.30,3.78,2,16,5000
28F6P57-3E33,F6,28,7,air,push-through,none,400V 3ph,none,std,256,200,250,370,302,462.5,555,185,96.015,39.997,27.01,13.986,150,125,50.00,25.95,10.81,7.30,3.78,2,16,5000
28F6P57-3E41,F6,28,7,air,panel,none,400V 3ph,none,std,256,200,250,370,302,462.5,555,185,96.015,39.997,27.01,13.986,150,125,50.00,25.95,10.81,7.30,3.78,2,16,5000
28F6P57-3E43,F6,28,7,air,push-through,none,400V 3ph,none,std,256,200,250,370,302,462.5,555,185,96.015,39.997,27.01,13.986,150,125,50.00,25.95,10.81,7.30,3.78,2,16,5000
28F6P57-3E51,F6,28,7,air,panel,none,400V 3ph,none,std,256,200,250,370,302,462.5,555,185,96.015,39.997,27.01,13.986,150,125,50.00,25.95,10.81,7.30,3.78,2,16,5000
28F6P57-3E53,F6,28,7,air,push-through,none,400V 3ph,none,std,256,200,250,370,302,462.5,555,185,96.015,39.997,27.01,13.986,150,125,50.00,25.95,10.81,7.30,3.78,2,16,5000
28F6P57-4031,F6,28,7,air,panel,none,400V 3ph,none,none,256,200,250,370,325,462.5,555,312.983,199.985,112.998,63.011,35.002,150,125,84.59,54.05,30.54,17.03,9.46,2,16,5000
28F6P57-4032,F6,28,7,water,panel,none,400V 3ph,none,none,256,200,250,370,302,462.5,555,370,216.006,123.987,83.99,63.011,150,125,100.00,58.38,33.51,22.70,17.03,2,16,5000
28F6P57-4033,F6,28,7,air,push-through,none,400V 3ph,none,none,256,200,250,370,325,462.5,555,312.983,199.985,112.998,63.011,35.002,150,125,84.59,54.05,30.54,17.03,9.46,2,16,5000
28F6P57-4034,F6,28,7,water,push-through,none,400V 3ph,none,none,256,200,250,370,302,462.5,555,370,216.006,123.987,83.99,63.011,150,125,100.00,58.38,33.51,22.70,17.03,2,16,5000
28F6P57-4035,F6,28,7,air,push-through (IP20),none,400V 3ph,none,none,256,200,250,370,325,462.5,555,312.983,199.985,112.998,63.011,35.002,150,125,84.59,54.05,30.54,17.03,9.46,2,16,5000
28F6P57-4041,F6,28,7,air,panel,none,400V 3ph,none,none,256,200,250,370,325,462.5,555,312.983,199.985,112.998,63.011,35.002,150,125,84.59,54.05,30.54,17.03,9.46,2,16,5000
28F6P57-4042,F6,28,7,water,panel,none,400V 3ph,none,none,256,200,250,370,302,462.5,555,370,216.006,123.987,83.99,63.011,150,125,100.00,58.38,33.51,22.70,17.03,2,16,5000
28F6P57-4043,F6,28,7,air,push-through,none,400V 3ph,none,none,256,200,250,370,325,462.5,555,312.983,199.985,112.998,63.011,35.002,150,125,84.59,54.05,30.54,17.03,9.46,2,16,5000
28F6P57-4044,F6,28,7,water,push-through,none,400V 3ph,none,none,256,200,250,370,302,462.5,555,370,216.006,123.987,83.99,63.011,150,125,100.00,58.38,33.51,22.70,17.03,2,16,5000
28F6P57-4045,F6,28,7,air,push-through (IP20),none,400V 3ph,none,none,256,200,250,370,325,462.5,555,312.983,199.985,112.998,63.011,35.002,150,125,84.59,54.05,30.54,17.03,9.46,2,16,5000
28F6P57-4051,F6,28,7,air,panel,none,400V 3ph,none,none,256,200,250,370,325,462.5,555,312.983,199.985,112.998,63.011,35.002,150,125,84.59,54.05,30.54,17.03,9.46,2,16,5000
28F6P57-4052,F6,28,7,water,panel,none,400V 3ph,none,none,256,200,250,370,302,462.5,555,370,216.006,123.987,83.99,63.011,150,125,100.00,58.38,33.51,22.70,17.03,2,16,5000
28F6P57-4053,F6,28,7,air,push-through,none,400V 3ph,none,none,256,200,250,370,325,462.5,555,312.983,199.985,112.998,63.011,35.002,150,125,84.59,54.05,30.54,17.03,9.46,2,16,5000
28F6P57-4054,F6,28,7,water,push-through,none,400V 3ph,none,none,256,200,250,370,302,462.5,555,370,216.006,123.987,83.99,63.011,150,125,100.00,58.38,33.51,22.70,17.03,2,16,5000
28F6P57-4055,F6,28,7,air,push-through (IP20),none,400V 3ph,none,none,256,200,250,370,325,462.5,555,312.983,199.985,112.998,63.011,35.002,150,125,84.59,54.05,30.54,17.03,9.46,2,16,5000
28F6P57-4B3E,F6,28,7,water,panel (high perf),none,400V 3ph,none,none,256,200,250,370,325,392.2,499.5,290.006,199.985,110.001,65.009,39.997,135,106,78.38,54.05,29.73,17.57,10.81,8,16,5000
28F6P57-4B3G,F6,28,7,water,push-through (high perf),none,400V 3ph,none,none,256,200,250,370,325,392.2,499.5,290.006,199.985,110.001,65.009,39.997,135,106,78.38,54.05,29.73,17.57,10.81,8,16,5000
28F6P57-4B4E,F6,28,7,water,panel (high perf),none,400V 3ph,none,none,256,200,250,370,325,392.2,499.5,290.006,199.985,110.001,65.009,39.997,135,106,78.38,54.05,29.73,17.57,10.81,8,16,5000
28F6P57-4B4G,F6,28,7,water,push-through (high perf),none,400V 3ph,none,none,256,200,250,370,325,392.2,499.5,290.006,199.985,110.001,65.009,39.997,135,106,78.38,54.05,29.73,17.57,10.81,8,16,5000
28F6P57-4B5E,F6,28,7,water,panel (high perf),none,400V 3ph,none,none,256,200,250,370,325,392.2,499.5,290.006,199.985,110.001,65.009,39.997,135,106,78.38,54.05,29.73,17.57,10.81,8,16,5000
28F6P57-4B5G,F6,28,7,water,push-through (high perf),none,400V 3ph,none,none,256,200,250,370,325,392.2,499.5,290.006,199.985,110.001,65.009,39.997,135,106,78.38,54.05,29.73,17.57,10.81,8,16,5000
28F6P57-4E31,F6,28,7,air,panel,none,400V 3ph,none,none,256,200,250,370,302,462.5,555,185,96.015,39.997,27.01,13.986,150,125,50.00,25.95,10.81,7.30,3.78,2,16,5000
28F6P57-4E33,F6,28,7,air,push-through,none,400V 3ph,none,none,256,200,250,370,302,462.5,555,185,96.015,39.997,27.01,13.986,150,125,50.00,25.95,10.81,7.30,3.78,2,16,5000
28F6P57-4E41,F6,28,7,air,panel,none,400V 3ph,none,none,256,200,250,370,302,462.5,555,185,96.015,39.997,27.01,13.986,150,125,50.00,25.95,10.81,7.30,3.78,2,16,5000
28F6P57-4E43,F6,28,7,air,push-through,none,400V 3ph,none,none,256,200,250,370,302,462.5,555,185,96.015,39.997,27.01,13.986,150,125,50.00,25.95,10.81,7.30,3.78,2,16,5000
28F6P57-4E51,F6,28,7,air,panel,none,400V 3ph,none,none,256,200,250,370,302,462.5,555,185,96.015,39.997,27.01,13.986,150,125,50.00,25.95,10.81,7.30,3.78,2,16,5000
28F6P57-4E53,F6,28,7,air,push-through,none,400V 3ph,none,none,256,200,250,370,302,462.5,555,185,96.015,39.997,27.01,13.986,150,125,50.00,25.95,10.81,7.30,3.78,2,16,5000
CMF6267-0005,F6,26,7,air,panel (high perf),none,400V 3ph,none,none,173,132,175,250,210,265,337.5,240,160,80,40,30,135,106,96.00,64.00,32.00,16.00,12.00,8,16,5000
CMF6287-0008,F6,28,7,water,panel (high perf),none,400V 3ph,none,std,256,200,250,370,325,392.2,499.5,290.006,199.985,110.001,65.009,39.997,135,106,78.38,54.05,29.73,17.57,10.81,8,16,5000
28F6A18-3111,F6,28,8,air,panel,none,400V 3ph,none,std,256,200,250,370,325,462.5,555,363.118,218.781,87.32,3.7,3.7,150,125,98.14,59.13,23.60,1.00,1.00,4,8,5000
28F6A18-3112,F6,28,8,water,panel,none,400V 3ph,none,std,256,200,250,370,325,462.5,555,363.118,218.781,87.32,3.7,3.7,150,125,98.14,59.13,23.60,1.00,1.00,4,8,5000
28F6A18-3113,F6,28,8,air,push-through,none,400V 3ph,none,std,256,200,250,370,325,462.5,555,363.118,218.781,87.32,3.7,3.7,150,125,98.14,59.13,23.60,1.00,1.00,4,8,5000
28F6A18-3114,F6,28,8,water,push-through,none,400V 3ph,none,std,256,200,250,370,325,462.5,555,363.118,218.781,87.32,3.7,3.7,150,125,98.14,59.13,23.60,1.00,1.00,4,8,5000
28F6A18-3B1E,F6,28,8,water,panel (high perf),none,400V 3ph,none,std,256,200,250,370,325,462.5,555,409.109,372.738,199.985,1.813,1.813,150,125,110.57,100.74,54.05,0.49,0.49,8,8,5000
28F6A18-3B1G,F6,28,8,water,push-through (high perf),none,400V 3ph,none,std,256,200,250,370,325,462.5,555,409.109,372.738,199.985,1.813,1.813,150,125,110.57,100.74,54.05,0.49,0.49,8,8,5000
28F6A18-3C11,F6,28,8,air,panel,none,400V 3ph,none,std,256,200,250,370,325,407,499.5,419.987,272.727,180.005,1.813,1.813,135,110,113.51,73.71,48.65,0.49,0.49,6,8,5000
28F6A18-3C15,F6,28,8,air,push-through (IP20),none,400V 3ph,none,std,256,200,250,370,325,407,499.5,419.987,272.727,180.005,1.813,1.813,135,110,113.51,73.71,48.65,0.49,0.49,6,8,5000
28F6A18-4111,F6,28,8,air,panel,none,400V 3ph,none,none,256,200,250,370,325,462.5,555,363.118,218.781,87.32,3.7,3.7,150,125,98.14,59.13,23.60,1.00,1.00,4,8,5000
28F6A18-4112,F6,28,8,water,panel,none,400V 3ph,none,none,256,200,250,370,325,462.5,555,363.118,218.781,87.32,3.7,3.7,150,125,98.14,59.13,23.60,1.00,1.00,4,8,5000
28F6A18-4113,F6,28,8,air,push-through,none,400V 3ph,none,none,256,200,250,370,325,462.5,555,363.118,218.781,87.32,3.7,3.7,150,125,98.14,59.13,23.60,1.00,1.00,4,8,5000
28F6A18-4114,F6,28,8,water,push-through,none,400V 3ph,none,none,256,200,250,370,325,462.5,555,363.118,218.781,87.32,3.7,3.7,150,125,98.14,59.13,23.60,1.00,1.00,4,8,5000
28F6A18-4B1E,F6,28,8,water,panel (high perf),none,400V 3ph,none,none,256,200,250,370,325,462.5,555,409.109,372.738,199.985,1.813,1.813,150,125,110.57,100.74,54.05,0.49,0.49,8,8,5000
28F6A18-4B1G,F6,28,8,water,push-through (high perf),none,400V 3ph,none,none,256,200,250,370,325,462.5,555,409.109,372.738,199.985,1.813,1.813,150,125,110.57,100.74,54.05,0.49,0.49,8,8,5000
28F6A18-4C11,F6,28,8,air,panel,none,400V 3ph,none,none,256,200,250,370,325,407,499.5,419.987,272.727,180.005,1.813,1.813,135,110,113.51,73.71,48.65,0.49,0.49,6,8,5000
28F6A18-4C15,F6,28,8,air,push-through (IP20),none,400V 3ph,none,none,256,200,250,370,325,407,499.5,419.987,272.727,180.005,1.813,1.813,135,110,113.51,73.71,48.65,0.49,0.49,6,8,5000
28F6A38-3111,F6,28,8,air,panel,none,400V 3ph,none,std,256,200,250,370,325,462.5,555,363.118,218.781,87.32,3.7,3.7,150,125,98.14,59.13,23.60,1.00,1.00,4,8,5000
28F6A38-3112,F6,28,8,water,panel,none,400V 3ph,none,std,256,200,250,370,325,462.5,555,363.118,218.781,87.32,3.7,3.7,150,125,98.14,59.13,23.60,1.00,1.00,4,8,5000
28F6A38-3113,F6,28,8,air,push-through,none,400V 3ph,none,std,256,200,250,370,325,462.5,555,363.118,218.781,87.32,3.7,3.7,150,125,98.14,59.13,23.60,1.00,1.00,4,8,5000
28F6A38-3114,F6,28,8,water,push-through,none,400V 3ph,none,std,256,200,250,370,325,462.5,555,363.118,218.781,87.32,3.7,3.7,150,125,98.14,59.13,23.60,1.00,1.00,4,8,5000
28F6A38-3B1E,F6,28,8,water,panel (high perf),none,400V 3ph,none,std,256,200,250,370,325,462.5,555,409.109,372.738,199.985,1.813,1.813,150,125,110.57,100.74,54.05,0.49,0.49,8,8,5000
28F6A38-3B1G,F6,28,8,water,push-through (high perf),none,400V 3ph,none,std,256,200,250,370,325,462.5,555,409.109,372.738,199.985,1.813,1.813,150,125,110.57,100.74,54.05,0.49,0.49,8,8,5000
28F6A38-3C11,F6,28,8,air,panel,none,400V 3ph,none,std,256,200,250,370,325,407,499.5,419.987,272.727,180.005,1.813,1.813,135,110,113.51,73.71,48.65,0.49,0.49,6,8,5000
28F6A38-3C15,F6,28,8,air,push-through (IP20),none,400V 3ph,none,std,256,200,250,370,325,407,499.5,419.987,272.727,180.005,1.813,1.813,135,110,113.51,73.71,48.65,0.49,0.49,6,8,5000
28F6A38-4111,F6,28,8,air,panel,none,400V 3ph,none,none,256,200,250,370,325,462.5,555,363.118,218.781,87.32,3.7,3.7,150,125,98.14,59.13,23.60,1.00,1.00,4,8,5000
28F6A38-4112,F6,28,8,water,panel,none,400V 3ph,none,none,256,200,250,370,325,462.5,555,363.118,218.781,87.32,3.7,3.7,150,125,98.14,59.13,23.60,1.00,1.00,4,8,5000
28F6A38-4113,F6,28,8,air,push-through,none,400V 3ph,none,none,256,200,250,370,325,462.5,555,363.118,218.781,87.32,3.7,3.7,150,125,98.14,59.13,23.60,1.00,1.00,4,8,5000
28F6A38-4114,F6,28,8,water,push-through,none,400V 3ph,none,none,256,200,250,370,325,462.5,555,363.118,218.781,87.32,3.7,3.7,150,125,98.14,59.13,23.60,1.00,1.00,4,8,5000
28F6A38-4B1E,F6,28,8,water,panel (high perf),none,400V 3ph,none,none,256,200,250,370,325,462.5,555,409.109,372.738,199.985,1.813,1.813,150,125,110.57,100.74,54.05,0.49,0.49,8,8,5000
28F6A38-4B1G,F6,28,8,water,push-through (high perf),none,400V 3ph,none,none,256,200,250,370,325,462.5,555,409.109,372.738,199.985,1.813,1.813,150,125,110.57,100.74,54.05,0.49,0.49,8,8,5000
28F6A38-4C11,F6,28,8,air,panel,none,400V 3ph,none,none,256,200,250,370,325,407,499.5,419.987,272.727,180.005,1.813,1.813,135,110,113.51,73.71,48.65,0.49,0.49,6,8,5000
28F6A38-4C15,F6,28,8,air,push-through (IP20),none,400V 3ph,none,none,256,200,250,370,325,407,499.5,419.987,272.727,180.005,1.813,1.813,135,110,113.51,73.71,48.65,0.49,0.49,6,8,5000
28F6K18-3111,F6,28,8,air,panel,none,400V 3ph,none,std,256,200,250,370,325,462.5,555,363.118,218.781,87.32,3.7,3.7,150,125,98.14,59.13,23.60,1.00,1.00,4,8,5000
28F6K18-3112,F6,28,8,water,panel,none,400V 3ph,none,std,256,200,250,370,325,462.5,555,363.118,218.781,87.32,3.7,3.7,150,125,98.14,59.13,23.60,1.00,1.00,4,8,5000
28F6K18-3113,F6,28,8,air,push-through,none,400V 3ph,none,std,256,200,250,370,325,462.5,555,363.118,218.781,87.32,3.7,3.7,150,125,98.14,59.13,23.60,1.00,1.00,4,8,5000
28F6K18-3114,F6,28,8,water,push-through,none,400V 3ph,none,std,256,200,250,370,325,462.5,555,363.118,218.781,87.32,3.7,3.7,150,125,98.14,59.13,23.60,1.00,1.00,4,8,5000
28F6K18-3121,F6,28,8,air,panel,none,400V 3ph,none,std,256,200,250,370,325,462.5,555,363.118,218.781,87.32,3.7,3.7,150,125,98.14,59.13,23.60,1.00,1.00,4,8,5000
28F6K18-3122,F6,28,8,water,panel,none,400V 3ph,none,std,256,200,250,370,325,462.5,555,363.118,218.781,87.32,3.7,3.7,150,125,98.14,59.13,23.60,1.00,1.00,4,8,5000
28F6K18-3123,F6,28,8,air,push-through,none,400V 3ph,none,std,256,200,250,370,325,462.5,555,363.118,218.781,87.32,3.7,3.7,150,125,98.14,59.13,23.60,1.00,1.00,4,8,5000
28F6K18-3124,F6,28,8,water,push-through,none,400V 3ph,none,std,256,200,250,370,325,462.5,555,363.118,218.781,87.32,3.7,3.7,150,125,98.14,59.13,23.60,1.00,1.00,4,8,5000
28F6K18-4111,F6,28,8,air,panel,none,400V 3ph,none,none,256,200,250,370,325,462.5,555,363.118,218.781,87.32,3.7,3.7,150,125,98.14,59.13,23.60,1.00,1.00,4,8,5000
28F6K18-4112,F6,28,8,water,panel,none,400V 3ph,none,none,256,200,250,370,325,462.5,555,363.118,218.781,87.32,3.7,3.7,150,125,98.14,59.13,23.60,1.00,1.00,4,8,5000
28F6K18-4113,F6,28,8,air,push-through,none,400V 3ph,none,none,256,200,250,370,325,462.5,555,363.118,218.781,87.32,3.7,3.7,150,125,98.14,59.13,23.60,1.00,1.00,4,8,5000
28F6K18-4114,F6,28,8,water,push-through,none,400V 3ph,none,none,256,200,250,370,325,462.5,555,363.118,218.781,87.32,3.7,3.7,150,125,98.14,59.13,23.60,1.00,1.00,4,8,5000
28F6K18-4121,F6,28,8,air,panel,none,400V 3ph,none,none,256,200,250,370,325,462.5,555,363.118,218.781,87.32,3.7,3.7,150,125,98.14,59.13,23.60,1.00,1.00,4,8,5000
28F6K18-4122,F6,28,8,water,panel,none,400V 3ph,none,none,256,200,250,370,325,462.5,555,363.118,218.781,87.32,3.7,3.7,150,125,98.14,59.13,23.60,1.00,1.00,4,8,5000
28F6K18-4123,F6,28,8,air,push-through,none,400V 3ph,none,none,256,200,250,370,325,462.5,555,363.118,218.781,87.32,3.7,3.7,150,125,98.14,59.13,23.60,1.00,1.00,4,8,5000
28F6K18-4124,F6,28,8,water,push-through,none,400V 3ph,none,none,256,200,250,370,325,462.5,555,363.118,218.781,87.32,3.7,3.7,150,125,98.14,59.13,23.60,1.00,1.00,4,8,5000
28F6P58-3131,F6,28,8,air,panel,none,400V 3ph,none,std,256,200,250,370,325,462.5,555,363.118,218.781,87.32,3.7,3.7,150,125,98.14,59.13,23.60,1.00,1.00,4,8,5000
28F6P58-3132,F6,28,8,water,panel,none,400V 3ph,none,std,256,200,250,370,325,462.5,555,363.118,218.781,87.32,3.7,3.7,150,125,98.14,59.13,23.60,1.00,1.00,4,8,5000
28F6P58-3133,F6,28,8,air,push-through,none,400V 3ph,none,std,256,200,250,370,325,462.5,555,363.118,218.781,87.32,3.7,3.7,150,125,98.14,59.13,23.60,1.00,1.00,4,8,5000
28F6P58-3134,F6,28,8,water,push-through,none,400V 3ph,none,std,256,200,250,370,325,462.5,555,363.118,218.781,87.32,3.7,3.7,150,125,98.14,59.13,23.60,1.00,1.00,4,8,5000
28F6P58-3135,F6,28,8,air,push-through (IP20),none,400V 3ph,none,std,256,200,250,370,325,462.5,555,363.118,218.781,87.32,3.7,3.7,150,125,98.14,59.13,23.60,1.00,1.00,4,8,5000
28F6P58-3136,F6,28,8,water,push-through,integrated,400V 3ph,none,std,256,200,250,370,325,462.5,555,363.118,218.781,87.32,3.7,3.7,150,125,98.14,59.13,23.60,1.00,1.00,4,8,5000
28F6P58-3139,F6,28,8,water,panel,integrated,400V 3ph,none,std,256,200,250,370,325,462.5,555,363.118,218.781,87.32,3.7,3.7,150,125,98.14,59.13,23.60,1.00,1.00,4,8,5000
28F6P58-3141,F6,28,8,air,panel,none,400V 3ph,none,std,256,200,250,370,325,462.5,555,363.118,218.781,87.32,3.7,3.7,150,125,98.14,59.13,23.60,1.00,1.00,4,8,5000
28F6P58-3142,F6,28,8,water,panel,none,400V 3ph,none,std,256,200,250,370,325,462.5,555,363.118,218.781,87.32,3.7,3.7,150,125,98.14,59.13,23.60,1.00,1.00,4,8,5000
28F6P58-3143,F6,28,8,air,push-through,none,400V 3ph,none,std,256,200,250,370,325,462.5,555,363.118,218.781,87.32,3.7,3.7,150,125,98.14,59.13,23.60,1.00,1.00,4,8,5000
28F6P58-3144,F6,28,8,water,push-through,none,400V 3ph,none,std,256,200,250,370,325,462.5,555,363.118,218.781,87.32,3.7,3.7,150,125,98.14,59.13,23.60,1.00,1.00,4,8,5000
28F6P58-3151,F6,28,8,air,panel,none,400V 3ph,none,std,256,200,250,370,325,462.5,555,363.118,218.781,87.32,3.7,3.7,150,125,98.14,59.13,23.60,1.00,1.00,4,8,5000
28F6P58-3152,F6,28,8,water,panel,none,400V 3ph,none,std,256,200,250,370,325,462.5,555,363.118,218.781,87.32,3.7,3.7,150,125,98.14,59.13,23.60,1.00,1.00,4,8,5000
28F6P58-3153,F6,28,8,air,push-through,none,400V 3ph,none,std,256,200,250,370,325,462.5,555,363.118,218.781,87.32,3.7,3.7,150,125,98.14,59.13,23.60,1.00,1.00,4,8,5000
28F6P58-3154,F6,28,8,water,push-through,none,400V 3ph,none,std,256,200,250,370,325,462.5,555,363.118,218.781,87.32,3.7,3.7,150,125,98.14,59.13,23.60,1.00,1.00,4,8,5000
28F6P58-3B3E,F6,28,8,water,panel (high perf),none,400V 3ph,none,std,256,200,250,370,325,462.5,555,409.109,372.738,199.985,1.813,1.813,150,125,110.57,100.74,54.05,0.49,0.49,8,8,5000
28F6P58-3B3G,F6,28,8,water,push-through (high perf),none,400V 3ph,none,std,256,200,250,370,325,462.5,555,409.109,372.738,199.985,1.813,1.813,150,125,110.57,100.74,54.05,0.49,0.49,8,8,5000
28F6P58-3B4E,F6,28,8,water,panel (high perf),none,400V 3ph,none,std,256,200,250,370,325,462.5,555,409.109,372.738,199.985,1.813,1.813,150,125,110.57,100.74,54.05,0.49,0.49,8,8,5000
28F6P58-3B4G,F6,28,8,water,push-through (high perf),none,400V 3ph,none,std,256,200,250,370,325,462.5,555,409.109,372.738,199.985,1.813,1.813,150,125,110.57,100.74,54.05,0.49,0.49,8,8,5000
28F6P58-3B5E,F6,28,8,water,panel (high perf),none,400V 3ph,none,std,256,200,250,370,325,462.5,555,409.109,372.738,199.985,1.813,1.813,150,125,110.57,100.74,54.05,0.49,0.49,8,8,5000
28F6P58-3B5G,F6,28,8,water,push-through (high perf),none,400V 3ph,none,std,256,200,250,370,325,462.5,555,409.109,372.738,199.985,1.813,1.813,150,125,110.57,100.74,54.05,0.49,0.49,8,8,5000
28F6P58-3C31,F6,28,8,air,panel,none,400V 3ph,none,std,256,200,250,370,325,407,499.5,419.987,272.727,180.005,1.813,1.813,135,110,113.51,73.71,48.65,0.49,0.49,6,8,5000
28F6P58-3C35,F6,28,8,air,push-through (IP20),none,400V 3ph,none,std,256,200,250,370,325,407,499.5,419.987,272.727,180.005,1.813,1.813,135,110,113.51,73.71,48.65,0.49,0.49,6,8,5000
28F6P58-3C41,F6,28,8,air,panel,none,400V 3ph,none,std,256,200,250,370,325,407,499.5,419.987,272.727,180.005,1.813,1.813,135,110,113.51,73.71,48.65,0.49,0.49,6,8,5000
28F6P58-3C45,F6,28,8,air,push-through (IP20),none,400V 3ph,none,std,256,200,250,370,325,407,499.5,419.987,272.727,180.005,1.813,1.813,135,110,113.51,73.71,48.65,0.49,0.49,6,8,5000
28F6P58-3C51,F6,28,8,air,panel,none,400V 3ph,none,std,256,200,250,370,325,407,499.5,419.987,272.727,180.005,1.813,1.813,135,110,113.51,73.71,48.65,0.49,0.49,6,8,5000
28F6P58-3C55,F6,28,8,air,push-through (IP20),none,400V 3ph,none,std,256,200,250,370,325,407,499.5,419.987,272.727,180.005,1.813,1.813,135,110,113.51,73.71,48.65,0.49,0.49,6,8,5000
28F6P58-4131,F6,28,8,air,panel,none,400V 3ph,none,none,256,200,250,370,325,462.5,555,363.118,218.781,87.32,3.7,3.7,150,125,98.14,59.13,23.60,1.00,1.00,4,8,5000
28F6P58-4132,F6,28,8,water,panel,none,400V 3ph,none,none,256,200,250,370,325,462.5,555,363.118,218.781,87.32,3.7,3.7,150,125,98.14,59.13,23.60,1.00,1.00,4,8,5000
28F6P58-4133,F6,28,8,air,push-through,none,400V 3ph,none,none,256,200,250,370,325,462.5,555,363.118,218.781,87.32,3.7,3.7,150,125,98.14,59.13,23.60,1.00,1.00,4,8,5000
28F6P58-4134,F6,28,8,water,push-through,none,400V 3ph,none,none,256,200,250,370,325,462.5,555,363.118,218.781,87.32,3.7,3.7,150,125,98.14,59.13,23.60,1.00,1.00,4,8,5000
28F6P58-4135,F6,28,8,air,push-through (IP20),none,400V 3ph,none,none,256,200,250,370,325,462.5,555,363.118,218.781,87.32,3.7,3.7,150,125,98.14,59.13,23.60,1.00,1.00,4,8,5000
28F6P58-4141,F6,28,8,air,panel,none,400V 3ph,none,none,256,200,250,370,325,462.5,555,363.118,218.781,87.32,3.7,3.7,150,125,98.14,59.13,23.60,1.00,1.00,4,8,5000
28F6P58-4142,F6,28,8,water,panel,none,400V 3ph,none,none,256,200,250,370,325,462.5,555,363.118,218.781,87.32,3.7,3.7,150,125,98.14,59.13,23.60,1.00,1.00,4,8,5000
28F6P58-4143,F6,28,8,air,push-through,none,400V 3ph,none,none,256,200,250,370,325,462.5,555,363.118,218.781,87.32,3.7,3.7,150,125,98.14,59.13,23.60,1.00,1.00,4,8,5000
28F6P58-4144,F6,28,8,water,push-through,none,400V 3ph,none,none,256,200,250,370,325,462.5,555,363.118,218.781,87.32,3.7,3.7,150,125,98.14,59.13,23.60,1.00,1.00,4,8,5000
28F6P58-4151,F6,28,8,air,panel,none,400V 3ph,none,none,256,200,250,370,325,462.5,555,363.118,218.781,87.32,3.7,3.7,150,125,98.14,59.13,23.60,1.00,1.00,4,8,5000
28F6P58-4152,F6,28,8,water,panel,none,400V 3ph,none,none,256,200,250,370,325,462.5,555,363.118,218.781,87.32,3.7,3.7,150,125,98.14,59.13,23.60,1.00,1.00,4,8,5000
28F6P58-4153,F6,28,8,air,push-through,none,400V 3ph,none,none,256,200,250,370,325,462.5,555,363.118,218.781,87.32,3.7,3.7,150,125,98.14,59.13,23.60,1.00,1.00,4,8,5000
28F6P58-4154,F6,28,8,water,push-through,none,400V 3ph,none,none,256,200,250,370,325,462.5,555,363.118,218.781,87.32,3.7,3.7,150,125,98.14,59.13,23.60,1.00,1.00,4,8,5000
28F6P58-4B3E,F6,28,8,water,panel (high perf),none,400V 3ph,none,none,256,200,250,370,325,462.5,555,409.109,372.738,199.985,1.813,1.813,150,125,110.57,100.74,54.05,0.49,0.49,8,8,5000
28F6P58-4B3G,F6,28,8,water,push-through (high perf),none,400V 3ph,none,none,256,200,250,370,325,462.5,555,409.109,372.738,199.985,1.813,1.813,150,125,110.57,100.74,54.05,0.49,0.49,8,8,5000
28F6P58-4B4E,F6,28,8,water,panel (high perf),none,400V 3ph,none,none,256,200,250,370,325,462.5,555,409.109,372.738,199.985,1.813,1.813,150,125,110.57,100.74,54.05,0.49,0.49,8,8,5000
28F6P58-4B4G,F6,28,8,water,push-through (high perf),none,400V 3ph,none,none,256,200,250,370,325,462.5,555,409.109,372.738,199.985,1.813,1.813,150,125,110.57,100.74,54.05,0.49,0.49,8,8,5000
28F6P58-4B5E,F6,28,8,water,panel (high perf),none,400V 3ph,none,none,256,200,250,370,325,462.5,555,409.109,372.738,199.985,1.813,1.813,150,125,110.57,100.74,54.05,0.49,0.49,8,8,5000
28F6P58-4B5G,F6,28,8,water,push-through (high perf),none,400V 3ph,none,none,256,200,250,370,325,462.5,555,409.109,372.738,199.985,1.813,1.813,150,125,110.57,100.74,54.05,0.49,0.49,8,8,5000
28F6P58-4C31,F6,28,8,air,panel,none,400V 3ph,none,none,256,200,250,370,325,407,499.5,419.987,272.727,180.005,1.813,1.813,135,110,113.51,73.71,48.65,0.49,0.49,6,8,5000
28F6P58-4C35,F6,28,8,air,push-through (IP20),none,400V 3ph,none,none,256,200,250,370,325,407,499.5,419.987,272.727,180.005,1.813,1.813,135,110,113.51,73.71,48.65,0.49,0.49,6,8,5000
28F6P58-4C41,F6,28,8,air,panel,none,400V 3ph,none,none,256,200,250,370,325,407,499.5,419.987,272.727,180.005,1.813,1.813,135,110,113.51,73.71,48.65,0.49,0.49,6,8,5000
28F6P58-4C45,F6,28,8,air,push-through (IP20),none,400V 3ph,none,none,256,200,250,370,325,407,499.5,419.987,272.727,180.005,1.813,1.813,135,110,113.51,73.71,48.65,0.49,0.49,6,8,5000
28F6P58-4C51,F6,28,8,air,panel,none,400V 3ph,none,none,256,200,250,370,325,407,499.5,419.987,272.727,180.005,1.813,1.813,135,110,113.51,73.71,48.65,0.49,0.49,6,8,5000
28F6P58-4C55,F6,28,8,air,push-through (IP20),none,400V 3ph,none,none,256,200,250,370,325,407,499.5,419.987,272.727,180.005,1.813,1.813,135,110,113.51,73.71,48.65,0.49,0.49,6,8,5000
29F6A18-3011,F6,29,8,air,panel,none,400V 3ph,none,std,319,250,300,460,400,575,690,451.444,271.998,108.56,4.6,4.6,150,125,98.14,59.13,23.60,1.00,1.00,2,8,5000
29F6A18-3012,F6,29,8,water,panel,none,400V 3ph,none,std,319,250,300,460,400,575,690,451.444,271.998,108.56,4.6,4.6,150,125,98.14,59.13,23.60,1.00,1.00,2,8,5000
29F6A18-3013,F6,29,8,air,push-through,none,400V 3ph,none,std,319,250,300,460,400,575,690,451.444,271.998,108.56,4.6,4.6,150,125,98.14,59.13,23.60,1.00,1.00,2,8,5000
29F6A18-3014,F6,29,8,water,push-through,none,400V 3ph,none,std,319,250,300,460,400,575,690,451.444,271.998,108.56,4.6,4.6,150,125,98.14,59.13,23.60,1.00,1.00,2,8,5000
29F6A18-3B1E,F6,29,8,water,panel (high perf),none,400V 3ph,none,std,319,250,300,460,400,487.6,690,483.644,390.908,200.008,1.84,1.84,150,106,105.14,84.98,43.48,0.40,0.40,8,8,5000
29F6A18-3B1G,F6,29,8,water,push-through (high perf),none,400V 3ph,none,std,319,250,300,460,400,487.6,690,483.644,390.908,200.008,1.84,1.84,150,106,105.14,84.98,43.48,0.40,0.40,8,8,5000
29F6A18-4011,F6,29,8,air,panel,none,400V 3ph,none,none,319,250,300,460,400,575,690,451.444,271.998,108.56,4.6,4.6,150,125,98.14,59.13,23.60,1.00,1.00,2,8,5000
29F6A18-4012,F6,29,8,water,panel,none,400V 3ph,none,none,319,250,300,460,400,575,690,451.444,271.998,108.56,4.6,4.6,150,125,98.14,59.13,23.60,1.00,1.00,2,8,5000
29F6A18-4013,F6,29,8,air,push-through,none,400V 3ph,none,none,319,250,300,460,400,575,690,451.444,271.998,108.56,4.6,4.6,150,125,98.14,59.13,23.60,1.00,1.00,2,8,5000
29F6A18-4014,F6,29,8,water,push-through,none,400V 3ph,none,none,319,250,300,460,400,575,690,451.444,271.998,108.56,4.6,4.6,150,125,98.14,59.13,23.60,1.00,1.00,2,8,5000
29F6A18-4B1E,F6,29,8,water,panel (high perf),none,400V 3ph,none,none,319,250,300,460,400,487.6,690,483.644,390.908,200.008,1.84,1.84,150,106,105.14,84.98,43.48,0.40,0.40,8,8,5000
29F6A18-4B1G,F6,29,8,water,push-through (high perf),none,400V 3ph,none,none,319,250,300,460,400,487.6,690,483.644,390.908,200.008,1.84,1.84,150,106,105.14,84.98,43.48,0.40,0.40,8,8,5000
29F6A38-3011,F6,29,8,air,panel,none,400V 3ph,none,std,319,250,300,460,400,575,690,451.444,271.998,108.56,4.6,4.6,150,125,98.14,59.13,23.60,1.00,1.00,2,8,5000
29F6A38-3012,F6,29,8,water,panel,none,400V 3ph,none,std,319,250,300,460,400,575,690,451.444,271.998,108.56,4.6,4.6,150,125,98.14,59.13,23.60,1.00,1.00,2,8,5000
29F6A38-3013,F6,29,8,air,push-through,none,400V 3ph,none,std,319,250,300,460,400,575,690,451.444,271.998,108.56,4.6,4.6,150,125,98.14,59.13,23.60,1.00,1.00,2,8,5000
29F6A38-3014,F6,29,8,water,push-through,none,400V 3ph,none,std,319,250,300,460,400,575,690,451.444,271.998,108.56,4.6,4.6,150,125,98.14,59.13,23.60,1.00,1.00,2,8,5000
29F6A38-3B1E,F6,29,8,water,panel (high perf),none,400V 3ph,none,std,319,250,300,460,400,487.6,690,483.644,390.908,200.008,1.84,1.84,150,106,105.14,84.98,43.48,0.40,0.40,8,8,5000
29F6A38-3B1G,F6,29,8,water,push-through (high perf),none,400V 3ph,none,std,319,250,300,460,400,487.6,690,483.644,390.908,200.008,1.84,1.84,150,106,105.14,84.98,43.48,0.40,0.40,8,8,5000
29F6A38-4011,F6,29,8,air,panel,none,400V 3ph,none,none,319,250,300,460,400,575,690,451.444,271.998,108.56,4.6,4.6,150,125,98.14,59.13,23.60,1.00,1.00,2,8,5000
29F6A38-4012,F6,29,8,water,panel,none,400V 3ph,none,none,319,250,300,460,400,575,690,451.444,271.998,108.56,4.6,4.6,150,125,98.14,59.13,23.60,1.00,1.00,2,8,5000
29F6A38-4013,F6,29,8,air,push-through,none,400V 3ph,none,none,319,250,300,460,400,575,690,451.444,271.998,108.56,4.6,4.6,150,125,98.14,59.13,23.60,1.00,1.00,2,8,5000
29F6A38-4014,F6,29,8,water,push-through,none,400V 3ph,none,none,319,250,300,460,400,575,690,451.444,271.998,108.56,4.6,4.6,150,125,98.14,59.13,23.60,1.00,1.00,2,8,5000
29F6A38-4B1E,F6,29,8,water,panel (high perf),none,400V 3ph,none,none,319,250,300,460,400,487.6,690,483.644,390.908,200.008,1.84,1.84,150,106,105.14,84.98,43.48,0.40,0.40,8,8,5000
29F6A38-4B1G,F6,29,8,water,push-through (high perf),none,400V 3ph,none,none,319,250,300,460,400,487.6,690,483.644,390.908,200.008,1.84,1.84,150,106,105.14,84.98,43.48,0.40,0.40,8,8,5000
29F6K18-3011,F6,29,8,air,panel,none,400V 3ph,none,std,319,250,300,460,400,575,690,451.444,271.998,108.56,4.6,4.6,150,125,98.14,59.13,23.60,1.00,1.00,2,8,5000
29F6K18-3012,F6,29,8,water,panel,none,400V 3ph,none,std,319,250,300,460,400,575,690,451.444,271.998,108.56,4.6,4.6,150,125,98.14,59.13,23.60,1.00,1.00,2,8,5000
29F6K18-3013,F6,29,8,air,push-through,none,400V 3ph,none,std,319,250,300,460,400,575,690,451.444,271.998,108.56,4.6,4.6,150,125,98.14,59.13,23.60,1.00,1.00,2,8,5000
29F6K18-3014,F6,29,8,water,push-through,none,400V 3ph,none,std,319,250,300,460,400,575,690,451.444,271.998,108.56,4.6,4.6,150,125,98.14,59.13,23.60,1.00,1.00,2,8,5000
29F6K18-3021,F6,29,8,air,panel,none,400V 3ph,none,std,319,250,300,460,400,575,690,451.444,271.998,108.56,4.6,4.6,150,125,98.14,59.13,23.60,1.00,1.00,2,8,5000
29F6K18-3022,F6,29,8,water,panel,none,400V 3ph,none,std,319,250,300,460,400,575,690,451.444,271.998,108.56,4.6,4.6,150,125,98.14,59.13,23.60,1.00,1.00,2,8,5000
29F6K18-3023,F6,29,8,air,push-through,none,400V 3ph,none,std,319,250,300,460,400,575,690,451.444,271.998,108.56,4.6,4.6,150,125,98.14,59.13,23.60,1.00,1.00,2,8,5000
29F6K18-3024,F6,29,8,water,push-through,none,400V 3ph,none,std,319,250,300,460,400,575,690,451.444,271.998,108.56,4.6,4.6,150,125,98.14,59.13,23.60,1.00,1.00,2,8,5000
29F6K18-4011,F6,29,8,air,panel,none,400V 3ph,none,none,319,250,300,460,400,575,690,451.444,271.998,108.56,4.6,4.6,150,125,98.14,59.13,23.60,1.00,1.00,2,8,5000
29F6K18-4012,F6,29,8,water,panel,none,400V 3ph,none,none,319,250,300,460,400,575,690,451.444,271.998,108.56,4.6,4.6,150,125,98.14,59.13,23.60,1.00,1.00,2,8,5000
29F6K18-4013,F6,29,8,air,push-through,none,400V 3ph,none,none,319,250,300,460,400,575,690,451.444,271.998,108.56,4.6,4.6,150,125,98.14,59.13,23.60,1.00,1.00,2,8,5000
29F6K18-4014,F6,29,8,water,push-through,none,400V 3ph,none,none,319,250,300,460,400,575,690,451.444,271.998,108.56,4.6,4.6,150,125,98.14,59.13,23.60,1.00,1.00,2,8,5000
29F6K18-4021,F6,29,8,air,panel,none,400V 3ph,none,none,319,250,300,460,400,575,690,451.444,271.998,108.56,4.6,4.6,150,125,98.14,59.13,23.60,1.00,1.00,2,8,5000
29F6K18-4022,F6,29,8,water,panel,none,400V 3ph,none,none,319,250,300,460,400,575,690,451.444,271.998,108.56,4.6,4.6,150,125,98.14,59.13,23.60,1.00,1.00,2,8,5000
29F6K18-4023,F6,29,8,air,push-through,none,400V 3ph,none,none,319,250,300,460,400,575,690,451.444,271.998,108.56,4.6,4.6,150,125,98.14,59.13,23.60,1.00,1.00,2,8,5000
29F6K18-4024,F6,29,8,water,push-through,none,400V 3ph,none,none,319,250,300,460,400,575,690,451.444,271.998,108.56,4.6,4.6,150,125,98.14,59.13,23.60,1.00,1.00,2,8,5000
29F6P58-3011,F6,29,8,air,panel,none,400V 3ph,none,std,319,250,300,460,400,575,690,451.444,271.998,108.56,4.6,4.6,150,125,98.14,59.13,23.60,1.00,1.00,2,8,5000
29F6P58-3031,F6,29,8,air,panel,none,400V 3ph,none,std,319,250,300,460,400,575,690,451.444,271.998,108.56,4.6,4.6,150,125,98.14,59.13,23.60,1.00,1.00,2,8,5000
29F6P58-3032,F6,29,8,water,panel,none,400V 3ph,none,std,319,250,300,460,400,575,690,451.444,271.998,108.56,4.6,4.6,150,125,98.14,59.13,23.60,1.00,1.00,2,8,5000
29F6P58-3033,F6,29,8,air,push-through,none,400V 3ph,none,std,319,250,300,460,400,575,690,451.444,271.998,108.56,4.6,4.6,150,125,98.14,59.13,23.60,1.00,1.00,2,8,5000
29F6P58-3034,F6,29,8,water,push-through,none,400V 3ph,none,std,319,250,300,460,400,575,690,451.444,271.998,108.56,4.6,4.6,150,125,98.14,59.13,23.60,1.00,1.00,2,8,5000
29F6P58-3035,F6,29,8,air,push-through (IP20),none,400V 3ph,none,std,319,250,300,460,400,575,690,451.444,271.998,108.56,4.6,4.6,150,125,98.14,59.13,23.60,1.00,1.00,2,8,5000
29F6P58-3036,F6,29,8,water,push-through,integrated,400V 3ph,none,std,319,250,300,460,400,575,690,451.444,271.998,108.56,4.6,4.6,150,125,98.14,59.13,23.60,1.00,1.00,2,8,5000
29F6P58-3039,F6,29,8,water,panel,integrated,400V 3ph,none,std,319,250,300,460,400,575,690,451.444,271.998,108.56,4.6,4.6,150,125,98.14,59.13,23.60,1.00,1.00,2,8,5000
29F6P58-3041,F6,29,8,air,panel,none,400V 3ph,none,std,319,250,300,460,400,575,690,451.444,271.998,108.56,4.6,4.6,150,125,98.14,59.13,23.60,1.00,1.00,2,8,5000
29F6P58-3042,F6,29,8,water,panel,none,400V 3ph,none,std,319,250,300,460,400,575,690,451.444,271.998,108.56,4.6,4.6,150,125,98.14,59.13,23.60,1.00,1.00,2,8,5000
29F6P58-3043,F6,29,8,air,push-through,none,400V 3ph,none,std,319,250,300,460,400,575,690,451.444,271.998,108.56,4.6,4.6,150,125,98.14,59.13,23.60,1.00,1.00,2,8,5000
29F6P58-3044,F6,29,8,water,push-through,none,400V 3ph,none,std,319,250,300,460,400,575,690,451.444,271.998,108.56,4.6,4.6,150,125,98.14,59.13,23.60,1.00,1.00,2,8,5000
29F6P58-3051,F6,29,8,air,panel,none,400V 3ph,none,std,319,250,300,460,400,575,690,451.444,271.998,108.56,4.6,4.6,150,125,98.14,59.13,23.60,1.00,1.00,2,8,5000
29F6P58-3052,F6,29,8,water,panel,none,400V 3ph,none,std,319,250,300,460,400,575,690,451.444,271.998,108.56,4.6,4.6,150,125,98.14,59.13,23.60,1.00,1.00,2,8,5000
29F6P58-3053,F6,29,8,air,push-through,none,400V 3ph,none,std,319,250,300,460,400,575,690,451.444,271.998,108.56,4.6,4.6,150,125,98.14,59.13,23.60,1.00,1.00,2,8,5000
29F6P58-3054,F6,29,8,water,push-through,none,400V 3ph,none,std,319,250,300,460,400,575,690,451.444,271.998,108.56,4.6,4.6,150,125,98.14,59.13,23.60,1.00,1.00,2,8,5000
29F6P58-3B3E,F6,29,8,water,panel (high perf),none,400V 3ph,none,std,319,250,300,460,400,487.6,690,483.644,390.908,200.008,1.84,1.84,150,106,105.14,84.98,43.48,0.40,0.40,8,8,5000
29F6P58-3B3G,F6,29,8,water,push-through (high perf),none,400V 3ph,none,std,319,250,300,460,400,487.6,690,483.644,390.908,200.008,1.84,1.84,150,106,105.14,84.98,43.48,0.40,0.40,8,8,5000
29F6P58-3B4E,F6,29,8,water,panel (high perf),none,400V 3ph,none,std,319,250,300,460,400,487.6,690,483.644,390.908,200.008,1.84,1.84,150,106,105.14,84.98,43.48,0.40,0.40,8,8,5000
29F6P58-3B4G,F6,29,8,water,push-through (high perf),none,400V 3ph,none,std,319,250,300,460,400,487.6,690,483.644,390.908,200.008,1.84,1.84,150,106,105.14,84.98,43.48,0.40,0.40,8,8,5000
29F6P58-3B5E,F6,29,8,water,panel (high perf),none,400V 3ph,none,std,319,250,300,460,400,487.6,690,483.644,390.908,200.008,1.84,1.84,150,106,105.14,84.98,43.48,0.40,0.40,8,8,5000
29F6P58-3B5G,F6,29,8,water,push-through (high perf),none,400V 3ph,none,std,319,250,300,460,400,487.6,690,483.644,390.908,200.008,1.84,1.84,150,106,105.14,84.98,43.48,0.40,0.40,8,8,5000
29F6P58-4031,F6,29,8,air,panel,none,400V 3ph,none,none,319,250,300,460,400,575,690,451.444,271.998,108.56,4.6,4.6,150,125,98.14,59.13,23.60,1.00,1.00,2,8,5000
29F6P58-4032,F6,29,8,water,panel,none,400V 3ph,none,none,319,250,300,460,400,575,690,451.444,271.998,108.56,4.6,4.6,150,125,98.14,59.13,23.60,1.00,1.00,2,8,5000
29F6P58-4033,F6,29,8,air,push-through,none,400V 3ph,none,none,319,250,300,460,400,575,690,451.444,271.998,108.56,4.6,4.6,150,125,98.14,59.13,23.60,1.00,1.00,2,8,5000
29F6P58-4034,F6,29,8,water,push-through,none,400V 3ph,none,none,319,250,300,460,400,575,690,451.444,271.998,108.56,4.6,4.6,150,125,98.14,59.13,23.60,1.00,1.00,2,8,5000
29F6P58-4035,F6,29,8,air,push-through (IP20),none,400V 3ph,none,none,319,250,300,460,400,575,690,451.444,271.998,108.56,4.6,4.6,150,125,98.14,59.13,23.60,1.00,1.00,2,8,5000
29F6P58-4041,F6,29,8,air,panel,none,400V 3ph,none,none,319,250,300,460,400,575,690,451.444,271.998,108.56,4.6,4.6,150,125,98.14,59.13,23.60,1.00,1.00,2,8,5000
29F6P58-4042,F6,29,8,water,panel,none,400V 3ph,none,none,319,250,300,460,400,575,690,451.444,271.998,108.56,4.6,4.6,150,125,98.14,59.13,23.60,1.00,1.00,2,8,5000
29F6P58-4043,F6,29,8,air,push-through,none,400V 3ph,none,none,319,250,300,460,400,575,690,451.444,271.998,108.56,4.6,4.6,150,125,98.14,59.13,23.60,1.00,1.00,2,8,5000
29F6P58-4044,F6,29,8,water,push-through,none,400V 3ph,none,none,319,250,300,460,400,575,690,451.444,271.998,108.56,4.6,4.6,150,125,98.14,59.13,23.60,1.00,1.00,2,8,5000
29F6P58-4051,F6,29,8,air,panel,none,400V 3ph,none,none,319,250,300,460,400,575,690,451.444,271.998,108.56,4.6,4.6,150,125,98.14,59.13,23.60,1.00,1.00,2,8,5000
29F6P58-4052,F6,29,8,water,panel,none,400V 3ph,none,none,319,250,300,460,400,575,690,451.444,271.998,108.56,4.6,4.6,150,125,98.14,59.13,23.60,1.00,1.00,2,8,5000
29F6P58-4053,F6,29,8,air,push-through,none,400V 3ph,none,none,319,250,300,460,400,575,690,451.444,271.998,108.56,4.6,4.6,150,125,98.14,59.13,23.60,1.00,1.00,2,8,5000
29F6P58-4054,F6,29,8,water,push-through,none,400V 3ph,none,none,319,250,300,460,400,575,690,451.444,271.998,108.56,4.6,4.6,150,125,98.14,59.13,23.60,1.00,1.00,2,8,5000
29F6P58-4B3E,F6,29,8,water,panel (high perf),none,400V 3ph,none,none,319,250,300,460,400,487.6,690,483.644,390.908,200.008,1.84,1.84,150,106,105.14,84.98,43.48,0.40,0.40,8,8,5000
29F6P58-4B3G,F6,29,8,water,push-through (high perf),none,400V 3ph,none,none,319,250,300,460,400,487.6,690,483.644,390.908,200.008,1.84,1.84,150,106,105.14,84.98,43.48,0.40,0.40,8,8,5000
29F6P58-4B4E,F6,29,8,water,panel (high perf),none,400V 3ph,none,none,319,250,300,460,400,487.6,690,483.644,390.908,200.008,1.84,1.84,150,106,105.14,84.98,43.48,0.40,0.40,8,8,5000
29F6P58-4B4G,F6,29,8,water,push-through (high perf),none,400V 3ph,none,none,319,250,300,460,400,487.6,690,483.644,390.908,200.008,1.84,1.84,150,106,105.14,84.98,43.48,0.40,0.40,8,8,5000
29F6P58-4B5E,F6,29,8,water,panel (high perf),none,400V 3ph,none,none,319,250,300,460,400,487.6,690,483.644,390.908,200.008,1.84,1.84,150,106,105.14,84.98,43.48,0.40,0.40,8,8,5000
29F6P58-4B5G,F6,29,8,water,push-through (high perf),none,400V 3ph,none,none,319,250,300,460,400,487.6,690,483.644,390.908,200.008,1.84,1.84,150,106,105.14,84.98,43.48,0.40,0.40,8,8,5000
30F6A18-3011,F6,30,8,air,panel,none,400V 3ph,none,std,395,315,400,570,495,712.5,855,388.17,220.59,117.42,5.7,5.7,150,125,68.10,38.70,20.60,1.00,1.00,2,8,5000
30F6A18-3013,F6,30,8,air,push-through,none,400V 3ph,none,std,395,315,400,570,495,712.5,855,388.17,220.59,117.42,5.7,5.7,150,125,68.10,38.70,20.60,1.00,1.00,2,8,5000
30F6A18-3112,F6,30,8,water,panel,none,400V 3ph,none,std,395,315,400,570,495,712.5,855,598.728,427.272,210.9,148.2,80.028,150,125,105.04,74.96,37.00,26.00,14.04,4,8,5000
30F6A18-3114,F6,30,8,water,push-through,none,400V 3ph,none,std,395,315,400,570,495,712.5,855,598.728,427.272,210.9,148.2,80.028,150,125,105.04,74.96,37.00,26.00,14.04,4,8,5000
30F6A18-3116,F6,30,8,water,push-through,integrated,400V 3ph,none,std,395,315,400,570,495,712.5,855,598.728,427.272,210.9,148.2,80.028,150,125,105.04,74.96,37.00,26.00,14.04,4,8,5000
30F6A18-3119,F6,30,8,water,panel,integrated,400V 3ph,none,std,395,315,400,570,495,712.5,855,598.728,427.272,210.9,148.2,80.028,150,125,105.04,74.96,37.00,26.00,14.04,4,8,5000
30F6A18-3411,F6,30,8,air,panel,none,400V 3ph,none,std,395,315,400,570,495,855,1026,405.441,227.259,98.154,49.077,5.7,180,150,71.13,39.87,17.22,8.61,1.00,2,8,5000
30F6A18-3412,F6,30,8,water,panel,none,400V 3ph,none,std,395,315,400,570,495,855,1026,570,338.01,177.27,5.7,5.7,180,150,100.00,59.30,31.10,1.00,1.00,2,8,5000
30F6A18-3413,F6,30,8,air,push-through,none,400V 3ph,none,std,395,315,400,570,495,855,1026,405.441,227.259,98.154,49.077,5.7,180,150,71.13,39.87,17.22,8.61,1.00,2,8,5000
30F6A18-3414,F6,30,8,water,push-through,none,400V 3ph,none,std,395,315,400,570,495,855,1026,570,338.01,177.27,5.7,5.7,180,150,100.00,59.30,31.10,1.00,1.00,2,8,5000
30F6A18-3C1E,F6,30,8,water,panel (high perf),none,400V 3ph,none,std,395,315,400,570,495,604.2,855,534.546,400.026,200.013,1.824,1.824,150,106,93.78,70.18,35.09,0.32,0.32,6,8,5000
30F6A18-3C1G,F6,30,8,water,push-through (high perf),none,400V 3ph,none,std,395,315,400,570,495,604.2,855,534.546,400.026,200.013,1.824,1.824,150,106,93.78,70.18,35.09,0.32,0.32,6,8,5000
30F6A18-4011,F6,30,8,air,panel,none,400V 3ph,none,none,395,315,400,570,495,712.5,855,388.17,220.59,117.42,5.7,5.7,150,125,68.10,38.70,20.60,1.00,1.00,2,8,5000
30F6A18-4013,F6,30,8,air,push-through,none,400V 3ph,none,none,395,315,400,570,495,712.5,855,388.17,220.59,117.42,5.7,5.7,150,125,68.10,38.70,20.60,1.00,1.00,2,8,5000
30F6A18-4112,F6,30,8,water,panel,none,400V 3ph,none,none,395,315,400,570,495,712.5,855,598.728,427.272,210.9,148.2,80.028,150,125,105.04,74.96,37.00,26.00,14.04,4,8,5000
30F6A18-4114,F6,30,8,water,push-through,none,400V 3ph,none,none,395,315,400,570,495,712.5,855,598.728,427.272,210.9,148.2,80.028,150,125,105.04,74.96,37.00,26.00,14.04,4,8,5000
30F6A18-4411,F6,30,8,air,panel,none,400V 3ph,none,none,395,315,400,570,495,855,1026,405.441,227.259,98.154,49.077,5.7,180,150,71.13,39.87,17.22,8.61,1.00,2,8,5000
30F6A18-4412,F6,30,8,water,panel,none,400V 3ph,none,none,395,315,400,570,495,855,1026,570,338.01,177.27,5.7,5.7,180,150,100.00,59.30,31.10,1.00,1.00,2,8,5000
30F6A18-4413,F6,30,8,air,push-through,none,400V 3ph,none,none,395,315,400,570,495,855,1026,405.441,227.259,98.154,49.077,5.7,180,150,71.13,39.87,17.22,8.61,1.00,2,8,5000
30F6A18-4414,F6,30,8,water,push-through,none,400V 3ph,none,none,395,315,400,570,495,855,1026,570,338.01,177.27,5.7,5.7,180,150,100.00,59.30,31.10,1.00,1.00,2,8,5000
30F6A18-4C1E,F6,30,8,water,panel (high perf),none,400V 3ph,none,none,395,315,400,570,495,604.2,855,534.546,400.026,200.013,1.824,1.824,150,106,93.78,70.18,35.09,0.32,0.32,6,8,5000
30F6A18-4C1G,F6,30,8,water,push-through (high perf),none,400V 3ph,none,none,395,315,400,570,495,604.2,855,534.546,400.026,200.013,1.824,1.824,150,106,93.78,70.18,35.09,0.32,0.32,6,8,5000
30F6A38-3011,F6,30,8,air,panel,none,400V 3ph,none,std,395,315,400,570,495,712.5,855,388.17,220.59,117.42,5.7,5.7,150,125,68.10,38.70,20.60,1.00,1.00,2,8,5000
30F6A38-3013,F6,30,8,air,push-through,none,400V 3ph,none,std,395,315,400,570,495,712.5,855,388.17,220.59,117.42,5.7,5.7,150,125,68.10,38.70,20.60,1.00,1.00,2,8,5000
30F6A38-3112,F6,30,8,water,panel,none,400V 3ph,none,std,395,315,400,570,495,712.5,855,598.728,427.272,210.9,148.2,80.028,150,125,105.04,74.96,37.00,26.00,14.04,4,8,5000
30F6A38-3114,F6,30,8,water,push-through,none,400V 3ph,none,std,395,315,400,570,495,712.5,855,598.728,427.272,210.9,148.2,80.028,150,125,105.04,74.96,37.00,26.00,14.04,4,8,5000
30F6A38-3116,F6,30,8,water,push-through,integrated,400V 3ph,none,std,395,315,400,570,495,712.5,855,598.728,427.272,210.9,148.2,80.028,150,125,105.04,74.96,37.00,26.00,14.04,4,8,5000
30F6A38-3119,F6,30,8,water,panel,integrated,400V 3ph,none,std,395,315,400,570,495,712.5,855,598.728,427.272,210.9,148.2,80.028,150,125,105.04,74.96,37.00,26.00,14.04,4,8,5000
30F6A38-3411,F6,30,8,air,panel,none,400V 3ph,none,std,395,315,400,570,495,855,1026,405.441,227.259,98.154,49.077,5.7,180,150,71.13,39.87,17.22,8.61,1.00,2,8,5000
30F6A38-3412,F6,30,8,water,panel,none,400V 3ph,none,std,395,315,400,570,495,855,1026,570,338.01,177.27,5.7,5.7,180,150,100.00,59.30,31.10,1.00,1.00,2,8,5000
30F6A38-3413,F6,30,8,air,push-through,none,400V 3ph,none,std,395,315,400,570,495,855,1026,405.441,227.259,98.154,49.077,5.7,180,150,71.13,39.87,17.22,8.61,1.00,2,8,5000
30F6A38-3414,F6,30,8,water,push-through,none,400V 3ph,none,std,395,315,400,570,495,855,1026,570,338.01,177.27,5.7,5.7,180,150,100.00,59.30,31.10,1.00,1.00,2,8,5000
30F6A38-3C1E,F6,30,8,water,panel (high perf),none,400V 3ph,none,std,395,315,400,570,495,604.2,855,534.546,400.026,200.013,1.824,1.824,150,106,93.78,70.18,35.09,0.32,0.32,6,8,5000
30F6A38-3C1G,F6,30,8,water,push-through (high perf),none,400V 3ph,none,std,395,315,400,570,495,604.2,855,534.546,400.026,200.013,1.824,1.824,150,106,93.78,70.18,35.09,0.32,0.32,6,8,5000
30F6A38-4011,F6,30,8,air,panel,none,400V 3ph,none,none,395,315,400,570,495,712.5,855,388.17,220.59,117.42,5.7,5.7,150,125,68.10,38.70,20.60,1.00,1.00,2,8,5000
30F6A38-4013,F6,30,8,air,push-through,none,400V 3ph,none,none,395,315,400,570,495,712.5,855,388.17,220.59,117.42,5.7,5.7,150,125,68.10,38.70,20.60,1.00,1.00,2,8,5000
30F6A38-4112,F6,30,8,water,panel,none,400V 3ph,none,none,395,315,400,570,495,712.5,855,598.728,427.272,210.9,148.2,80.028,150,125,105.04,74.96,37.00,26.00,14.04,4,8,5000
30F6A38-4114,F6,30,8,water,push-through,none,400V 3ph,none,none,395,315,400,570,495,712.5,855,598.728,427.272,210.9,148.2,80.028,150,125,105.04,74.96,37.00,26.00,14.04,4,8,5000
30F6A38-4411,F6,30,8,air,panel,none,400V 3ph,none,none,395,315,400,570,495,855,1026,405.441,227.259,98.154,49.077,5.7,180,150,71.13,39.87,17.22,8.61,1.00,2,8,5000
30F6A38-4413,F6,30,8,air,push-through,none,400V 3ph,none,none,395,315,400,570,495,855,1026,405.441,227.259,98.154,49.077,5.7,180,150,71.13,39.87,17.22,8.61,1.00,2,8,5000
30F6A38-4414,F6,30,8,water,push-through,none,400V 3ph,none,none,395,315,400,570,495,855,1026,570,338.01,177.27,5.7,5.7,180,150,100.00,59.30,31.10,1.00,1.00,2,8,5000
30F6A38-4C1E,F6,30,8,water,panel (high perf),none,400V 3ph,none,none,395,315,400,570,495,604.2,855,534.546,400.026,200.013,1.824,1.824,150,106,93.78,70.18,35.09,0.32,0.32,6,8,5000
30F6A38-4C1G,F6,30,8,water,push-through (high perf),none,400V 3ph,none,none,395,315,400,570,495,604.2,855,534.546,400.026,200.013,1.824,1.824,150,106,93.78,70.18,35.09,0.32,0.32,6,8,5000
30F6K18-3011,F6,30,8,air,panel,none,400V 3ph,none,std,395,315,400,570,495,712.5,855,388.17,220.59,117.42,5.7,5.7,150,125,68.10,38.70,20.60,1.00,1.00,2,8,5000
30F6K18-3013,F6,30,8,air,push-through,none,400V 3ph,none,std,395,315,400,570,495,712.5,855,388.17,220.59,117.42,5.7,5.7,150,125,68.10,38.70,20.60,1.00,1.00,2,8,5000
30F6K18-3021,F6,30,8,air,panel,none,400V 3ph,none,std,395,315,400,570,495,712.5,855,388.17,220.59,117.42,5.7,5.7,150,125,68.10,38.70,20.60,1.00,1.00,2,8,5000
30F6K18-3023,F6,30,8,air,push-through,none,400V 3ph,none,std,395,315,400,570,495,712.5,855,388.17,220.59,117.42,5.7,5.7,150,125,68.10,38.70,20.60,1.00,1.00,2,8,5000
30F6K18-3112,F6,30,8,water,panel,none,400V 3ph,none,std,395,315,400,570,495,712.5,855,598.728,427.272,210.9,148.2,80.028,150,125,105.04,74.96,37.00,26.00,14.04,4,8,5000
30F6K18-3114,F6,30,8,water,push-through,none,400V 3ph,none,std,395,315,400,570,495,712.5,855,598.728,427.272,210.9,148.2,80.028,150,125,105.04,74.96,37.00,26.00,14.04,4,8,5000
30F6K18-3116,F6,30,8,water,push-through,integrated,400V 3ph,none,std,395,315,400,570,495,712.5,855,598.728,427.272,210.9,148.2,80.028,150,125,105.04,74.96,37.00,26.00,14.04,4,8,5000
30F6K18-3119,F6,30,8,water,panel,integrated,400V 3ph,none,std,395,315,400,570,495,712.5,855,598.728,427.272,210.9,148.2,80.028,150,125,105.04,74.96,37.00,26.00,14.04,4,8,5000
30F6K18-3122,F6,30,8,water,panel,none,400V 3ph,none,std,395,315,400,570,495,712.5,855,598.728,427.272,210.9,148.2,80.028,150,125,105.04,74.96,37.00,26.00,14.04,4,8,5000
30F6K18-3124,F6,30,8,water,push-through,none,400V 3ph,none,std,395,315,400,570,495,712.5,855,598.728,427.272,210.9,148.2,80.028,150,125,105.04,74.96,37.00,26.00,14.04,4,8,5000
30F6K18-3126,F6,30,8,water,push-through,integrated,400V 3ph,none,std,395,315,400,570,495,712.5,855,598.728,427.272,210.9,148.2,80.028,150,125,105.04,74.96,37.00,26.00,14.04,4,8,5000
30F6K18-3129,F6,30,8,water,panel,integrated,400V 3ph,none,std,395,315,400,570,495,712.5,855,598.728,427.272,210.9,148.2,80.028,150,125,105.04,74.96,37.00,26.00,14.04,4,8,5000
30F6K18-3411,F6,30,8,air,panel,none,400V 3ph,none,std,395,315,400,570,495,855,1026,405.441,227.259,98.154,49.077,5.7,180,150,71.13,39.87,17.22,8.61,1.00,2,8,5000
30F6K18-3412,F6,30,8,water,panel,none,400V 3ph,none,std,395,315,400,570,495,855,1026,570,338.01,177.27,5.7,5.7,180,150,100.00,59.30,31.10,1.00,1.00,2,8,5000
30F6K18-3413,F6,30,8,air,push-through,none,400V 3ph,none,std,395,315,400,570,495,855,1026,405.441,227.259,98.154,49.077,5.7,180,150,71.13,39.87,17.22,8.61,1.00,2,8,5000
30F6K18-3414,F6,30,8,water,push-through,none,400V 3ph,none,std,395,315,400,570,495,855,1026,570,338.01,177.27,5.7,5.7,180,150,100.00,59.30,31.10,1.00,1.00,2,8,5000
30F6K18-3421,F6,30,8,air,panel,none,400V 3ph,none,std,395,315,400,570,495,855,1026,405.441,227.259,98.154,49.077,5.7,180,150,71.13,39.87,17.22,8.61,1.00,2,8,5000
30F6K18-3422,F6,30,8,water,panel,none,400V 3ph,none,std,395,315,400,570,495,855,1026,570,338.01,177.27,5.7,5.7,180,150,100.00,59.30,31.10,1.00,1.00,2,8,5000
30F6K18-3423,F6,30,8,air,push-through,none,400V 3ph,none,std,395,315,400,570,495,855,1026,405.441,227.259,98.154,49.077,5.7,180,150,71.13,39.87,17.22,8.61,1.00,2,8,5000
30F6K18-3424,F6,30,8,water,push-through,none,400V 3ph,none,std,395,315,400,570,495,855,1026,570,338.01,177.27,5.7,5.7,180,150,100.00,59.30,31.10,1.00,1.00,2,8,5000
30F6K18-4011,F6,30,8,air,panel,none,400V 3ph,none,none,395,315,400,570,495,712.5,855,388.17,220.59,117.42,5.7,5.7,150,125,68.10,38.70,20.60,1.00,1.00,2,8,5000
30F6K18-4013,F6,30,8,air,push-through,none,400V 3ph,none,none,395,315,400,570,495,712.5,855,388.17,220.59,117.42,5.7,5.7,150,125,68.10,38.70,20.60,1.00,1.00,2,8,5000
30F6K18-4021,F6,30,8,air,panel,none,400V 3ph,none,none,395,315,400,570,495,712.5,855,388.17,220.59,117.42,5.7,5.7,150,125,68.10,38.70,20.60,1.00,1.00,2,8,5000
30F6K18-4023,F6,30,8,air,push-through,none,400V 3ph,none,none,395,315,400,570,495,712.5,855,388.17,220.59,117.42,5.7,5.7,150,125,68.10,38.70,20.60,1.00,1.00,2,8,5000
30F6K18-4112,F6,30,8,water,panel,none,400V 3ph,none,none,395,315,400,570,495,712.5,855,598.728,427.272,210.9,148.2,80.028,150,125,105.04,74.96,37.00,26.00,14.04,4,8,5000
30F6K18-4114,F6,30,8,water,push-through,none,400V 3ph,none,none,395,315,400,570,495,712.5,855,598.728,427.272,210.9,148.2,80.028,150,125,105.04,74.96,37.00,26.00,14.04,4,8,5000
30F6K18-4122,F6,30,8,water,panel,none,400V 3ph,none,none,395,315,400,570,495,712.5,855,598.728,427.272,210.9,148.2,80.028,150,125,105.04,74.96,37.00,26.00,14.04,4,8,5000
30F6K18-4124,F6,30,8,water,push-through,none,400V 3ph,none,none,395,315,400,570,495,712.5,855,598.728,427.272,210.9,148.2,80.028,150,125,105.04,74.96,37.00,26.00,14.04,4,8,5000
30F6K18-4411,F6,30,8,air,panel,none,400V 3ph,none,none,395,315,400,570,495,855,1026,405.441,227.259,98.154,49.077,5.7,180,150,71.13,39.87,17.22,8.61,1.00,2,8,5000
30F6K18-4412,F6,30,8,water,panel,none,400V 3ph,none,none,395,315,400,570,495,855,1026,570,338.01,177.27,5.7,5.7,180,150,100.00,59.30,31.10,1.00,1.00,2,8,5000
30F6K18-4413,F6,30,8,air,push-through,none,400V 3ph,none,none,395,315,400,570,495,855,1026,405.441,227.259,98.154,49.077,5.7,180,150,71.13,39.87,17.22,8.61,1.00,2,8,5000
30F6K18-4414,F6,30,8,water,push-through,none,400V 3ph,none,none,395,315,400,570,495,855,1026,570,338.01,177.27,5.7,5.7,180,150,100.00,59.30,31.10,1.00,1.00,2,8,5000
30F6K18-4421,F6,30,8,air,panel,none,400V 3ph,none,none,395,315,400,570,495,855,1026,405.441,227.259,98.154,49.077,5.7,180,150,71.13,39.87,17.22,8.61,1.00,2,8,5000
30F6K18-4422,F6,30,8,water,panel,none,400V 3ph,none,none,395,315,400,570,495,855,1026,570,338.01,177.27,5.7,5.7,180,150,100.00,59.30,31.10,1.00,1.00,2,8,5000
30F6K18-4423,F6,30,8,air,push-through,none,400V 3ph,none,none,395,315,400,570,495,855,1026,405.441,227.259,98.154,49.077,5.7,180,150,71.13,39.87,17.22,8.61,1.00,2,8,5000
30F6K18-4424,F6,30,8,water,push-through,none,400V 3ph,none,none,395,315,400,570,495,855,1026,570,338.01,177.27,5.7,5.7,180,150,100.00,59.30,31.10,1.00,1.00,2,8,5000
30F6P58-3031,F6,30,8,air,panel,none,400V 3ph,none,std,395,315,400,570,495,712.5,855,388.17,220.59,117.42,5.7,5.7,150,125,68.10,38.70,20.60,1.00,1.00,2,8,5000
30F6P58-3033,F6,30,8,air,push-through,none,400V 3ph,none,std,395,315,400,570,495,712.5,855,388.17,220.59,117.42,5.7,5.7,150,125,68.10,38.70,20.60,1.00,1.00,2,8,5000
30F6P58-3041,F6,30,8,air,panel,none,400V 3ph,none,std,395,315,400,570,495,712.5,855,388.17,220.59,117.42,5.7,5.7,150,125,68.10,38.70,20.60,1.00,1.00,2,8,5000
30F6P58-3043,F6,30,8,air,push-through,none,400V 3ph,none,std,395,315,400,570,495,712.5,855,388.17,220.59,117.42,5.7,5.7,150,125,68.10,38.70,20.60,1.00,1.00,2,8,5000
30F6P58-3051,F6,30,8,air,panel,none,400V 3ph,none,std,395,315,400,570,495,712.5,855,388.17,220.59,117.42,5.7,5.7,150,125,68.10,38.70,20.60,1.00,1.00,2,8,5000
30F6P58-3053,F6,30,8,air,push-through,none,400V 3ph,none,std,395,315,400,570,495,712.5,855,388.17,220.59,117.42,5.7,5.7,150,125,68.10,38.70,20.60,1.00,1.00,2,8,5000
30F6P58-3142,F6,30,8,water,panel,none,400V 3ph,none,std,395,315,400,570,495,712.5,855,598.728,427.272,210.9,148.2,80.028,150,125,105.04,74.96,37.00,26.00,14.04,4,8,5000
30F6P58-3144,F6,30,8,water,push-through,none,400V 3ph,none,std,395,315,400,570,495,712.5,855,598.728,427.272,210.9,148.2,80.028,150,125,105.04,74.96,37.00,26.00,14.04,4,8,5000
30F6P58-3146,F6,30,8,water,push-through,integrated,400V 3ph,none,std,395,315,400,570,495,712.5,855,598.728,427.272,210.9,148.2,80.028,150,125,105.04,74.96,37.00,26.00,14.04,4,8,5000
30F6P58-3149,F6,30,8,water,panel,integrated,400V 3ph,none,std,395,315,400,570,495,712.5,855,598.728,427.272,210.9,148.2,80.028,150,125,105.04,74.96,37.00,26.00,14.04,4,8,5000
30F6P58-3152,F6,30,8,water,panel,none,400V 3ph,none,std,395,315,400,570,495,712.5,855,598.728,427.272,210.9,148.2,80.028,150,125,105.04,74.96,37.00,26.00,14.04,4,8,5000
30F6P58-3154,F6,30,8,water,push-through,none,400V 3ph,none,std,395,315,400,570,495,712.5,855,598.728,427.272,210.9,148.2,80.028,150,125,105.04,74.96,37.00,26.00,14.04,4,8,5000
30F6P58-3156,F6,30,8,water,push-through,integrated,400V 3ph,none,std,395,315,400,570,495,712.5,855,598.728,427.272,210.9,148.2,80.028,150,125,105.04,74.96,37.00,26.00,14.04,4,8,5000
30F6P58-3159,F6,30,8,water,panel,integrated,400V 3ph,none,std,395,315,400,570,495,712.5,855,598.728,427.272,210.9,148.2,80.028,150,125,105.04,74.96,37.00,26.00,14.04,4,8,5000
30F6P58-3431,F6,30,8,air,panel,none,400V 3ph,none,std,395,315,400,570,495,855,1026,405.441,227.259,98.154,49.077,5.7,180,150,71.13,39.87,17.22,8.61,1.00,2,8,5000
30F6P58-3432,F6,30,8,water,panel,none,400V 3ph,none,std,395,315,400,570,495,855,1026,570,338.01,177.27,5.7,5.7,180,150,100.00,59.30,31.10,1.00,1.00,2,8,5000
30F6P58-3433,F6,30,8,air,push-through,none,400V 3ph,none,std,395,315,400,570,495,855,1026,405.441,227.259,98.154,49.077,5.7,180,150,71.13,39.87,17.22,8.61,1.00,2,8,5000
30F6P58-3434,F6,30,8,water,push-through,none,400V 3ph,none,std,395,315,400,570,495,855,1026,570,338.01,177.27,5.7,5.7,180,150,100.00,59.30,31.10,1.00,1.00,2,8,5000
30F6P58-3435,F6,30,8,air,push-through (IP20),none,400V 3ph,none,std,395,315,400,570,495,855,1026,405.441,227.259,98.154,49.077,5.7,180,150,71.13,39.87,17.22,8.61,1.00,2,8,5000
30F6P58-3436,F6,30,8,water,push-through,integrated,400V 3ph,none,std,395,315,400,570,495,855,1026,570,338.01,177.27,5.7,5.7,180,150,100.00,59.30,31.10,1.00,1.00,2,8,5000
30F6P58-3439,F6,30,8,water,panel,integrated,400V 3ph,none,std,395,315,400,570,495,855,1026,570,338.01,177.27,5.7,5.7,180,150,100.00,59.30,31.10,1.00,1.00,2,8,5000
30F6P58-3441,F6,30,8,air,panel,none,400V 3ph,none,std,395,315,400,570,495,855,1026,405.441,227.259,98.154,49.077,5.7,180,150,71.13,39.87,17.22,8.61,1.00,2,8,5000
30F6P58-3442,F6,30,8,water,panel,none,400V 3ph,none,std,395,315,400,570,495,855,1026,570,338.01,177.27,5.7,5.7,180,150,100.00,59.30,31.10,1.00,1.00,2,8,5000
30F6P58-3443,F6,30,8,air,push-through,none,400V 3ph,none,std,395,315,400,570,495,855,1026,405.441,227.259,98.154,49.077,5.7,180,150,71.13,39.87,17.22,8.61,1.00,2,8,5000
30F6P58-3444,F6,30,8,water,push-through,none,400V 3ph,none,std,395,315,400,570,495,855,1026,570,338.01,177.27,5.7,5.7,180,150,100.00,59.30,31.10,1.00,1.00,2,8,5000
30F6P58-3451,F6,30,8,air,panel,none,400V 3ph,none,std,395,315,400,570,495,855,1026,405.441,227.259,98.154,49.077,5.7,180,150,71.13,39.87,17.22,8.61,1.00,2,8,5000
30F6P58-3452,F6,30,8,water,panel,none,400V 3ph,none,std,395,315,400,570,495,855,1026,570,338.01,177.27,5.7,5.7,180,150,100.00,59.30,31.10,1.00,1.00,2,8,5000
30F6P58-3453,F6,30,8,air,push-through,none,400V 3ph,none,std,395,315,400,570,495,855,1026,405.441,227.259,98.154,49.077,5.7,180,150,71.13,39.87,17.22,8.61,1.00,2,8,5000
30F6P58-3454,F6,30,8,water,push-through,none,400V 3ph,none,std,395,315,400,570,495,855,1026,570,338.01,177.27,5.7,5.7,180,150,100.00,59.30,31.10,1.00,1.00,2,8,5000
30F6P58-3C3E,F6,30,8,water,panel (high perf),none,400V 3ph,none,std,395,315,400,570,495,604.2,855,534.546,400.026,200.013,1.824,1.824,150,106,93.78,70.18,35.09,0.32,0.32,6,8,5000
30F6P58-3C3G,F6,30,8,water,push-through (high perf),none,400V 3ph,none,std,395,315,400,570,495,604.2,855,534.546,400.026,200.013,1.824,1.824,150,106,93.78,70.18,35.09,0.32,0.32,6,8,5000
30F6P58-3C4E,F6,30,8,water,panel (high perf),none,400V 3ph,none,std,395,315,400,570,495,604.2,855,534.546,400.026,200.013,1.824,1.824,150,106,93.78,70.18,35.09,0.32,0.32,6,8,5000
30F6P58-3C4G,F6,30,8,water,push-through (high perf),none,400V 3ph,none,std,395,315,400,570,495,604.2,855,534.546,400.026,200.013,1.824,1.824,150,106,93.78,70.18,35.09,0.32,0.32,6,8,5000
30F6P58-3C5E,F6,30,8,water,panel (high perf),none,400V 3ph,none,std,395,315,400,570,495,604.2,855,534.546,400.026,200.013,1.824,1.824,150,106,93.78,70.18,35.09,0.32,0.32,6,8,5000
30F6P58-3C5G,F6,30,8,water,push-through (high perf),none,400V 3ph,none,std,395,315,400,570,495,604.2,855,534.546,400.026,200.013,1.824,1.824,150,106,93.78,70.18,35.09,0.32,0.32,6,8,5000
30F6P58-4031,F6,30,8,air,panel,none,400V 3ph,none,none,395,315,400,570,495,712.5,855,388.17,220.59,117.42,5.7,5.7,150,125,68.10,38.70,20.60,1.00,1.00,2,8,5000
30F6P58-4033,F6,30,8,air,push-through,none,400V 3ph,none,none,395,315,400,570,495,712.5,855,388.17,220.59,117.42,5.7,5.7,150,125,68.10,38.70,20.60,1.00,1.00,2,8,5000
30F6P58-4041,F6,30,8,air,panel,none,400V 3ph,none,none,395,315,400,570,495,712.5,855,388.17,220.59,117.42,5.7,5.7,150,125,68.10,38.70,20.60,1.00,1.00,2,8,5000
30F6P58-4043,F6,30,8,air,push-through,none,400V 3ph,none,none,395,315,400,570,495,712.5,855,388.17,220.59,117.42,5.7,5.7,150,125,68.10,38.70,20.60,1.00,1.00,2,8,5000
30F6P58-4051,F6,30,8,air,panel,none,400V 3ph,none,none,395,315,400,570,495,712.5,855,388.17,220.59,117.42,5.7,5.7,150,125,68.10,38.70,20.60,1.00,1.00,2,8,5000
30F6P58-4053,F6,30,8,air,push-through,none,400V 3ph,none,none,395,315,400,570,495,712.5,855,388.17,220.59,117.42,5.7,5.7,150,125,68.10,38.70,20.60,1.00,1.00,2,8,5000
30F6P58-4142,F6,30,8,water,panel,none,400V 3ph,none,none,395,315,400,570,495,712.5,855,598.728,427.272,210.9,148.2,80.028,150,125,105.04,74.96,37.00,26.00,14.04,4,8,5000
30F6P58-4144,F6,30,8,water,push-through,none,400V 3ph,none,none,395,315,400,570,495,712.5,855,598.728,427.272,210.9,148.2,80.028,150,125,105.04,74.96,37.00,26.00,14.04,4,8,5000
30F6P58-4152,F6,30,8,water,panel,none,400V 3ph,none,none,395,315,400,570,495,712.5,855,598.728,427.272,210.9,148.2,80.028,150,125,105.04,74.96,37.00,26.00,14.04,4,8,5000
30F6P58-4154,F6,30,8,water,push-through,none,400V 3ph,none,none,395,315,400,570,495,712.5,855,598.728,427.272,210.9,148.2,80.028,150,125,105.04,74.96,37.00,26.00,14.04,4,8,5000
30F6P58-4431,F6,30,8,air,panel,none,400V 3ph,none,none,395,315,400,570,495,855,1026,405.441,227.259,98.154,49.077,5.7,180,150,71.13,39.87,17.22,8.61,1.00,2,8,5000
30F6P58-4432,F6,30,8,water,panel,none,400V 3ph,none,none,395,315,400,570,495,855,1026,570,338.01,177.27,5.7,5.7,180,150,100.00,59.30,31.10,1.00,1.00,2,8,5000
30F6P58-4433,F6,30,8,air,push-through,none,400V 3ph,none,none,395,315,400,570,495,855,1026,405.441,227.259,98.154,49.077,5.7,180,150,71.13,39.87,17.22,8.61,1.00,2,8,5000
30F6P58-4434,F6,30,8,water,push-through,none,400V 3ph,none,none,395,315,400,570,495,855,1026,570,338.01,177.27,5.7,5.7,180,150,100.00,59.30,31.10,1.00,1.00,2,8,5000
30F6P58-4435,F6,30,8,air,push-through (IP20),none,400V 3ph,none,none,395,315,400,570,495,855,1026,405.441,227.259,98.154,49.077,5.7,180,150,71.13,39.87,17.22,8.61,1.00,2,8,5000
30F6P58-4441,F6,30,8,air,panel,none,400V 3ph,none,none,395,315,400,570,495,855,1026,405.441,227.259,98.154,49.077,5.7,180,150,71.13,39.87,17.22,8.61,1.00,2,8,5000
30F6P58-4442,F6,30,8,water,panel,none,400V 3ph,none,none,395,315,400,570,495,855,1026,570,338.01,177.27,5.7,5.7,180,150,100.00,59.30,31.10,1.00,1.00,2,8,5000
30F6P58-4443,F6,30,8,air,push-through,none,400V 3ph,none,none,395,315,400,570,495,855,1026,405.441,227.259,98.154,49.077,5.7,180,150,71.13,39.87,17.22,8.61,1.00,2,8,5000
30F6P58-4444,F6,30,8,water,push-through,none,400V 3ph,none,none,395,315,400,570,495,855,1026,570,338.01,177.27,5.7,5.7,180,150,100.00,59.30,31.10,1.00,1.00,2,8,5000
30F6P58-4451,F6,30,8,air,panel,none,400V 3ph,none,none,395,315,400,570,495,855,1026,405.441,227.259,98.154,49.077,5.7,180,150,71.13,39.87,17.22,8.61,1.00,2,8,5000
30F6P58-4452,F6,30,8,water,panel,none,400V 3ph,none,none,395,315,400,570,495,855,1026,570,338.01,177.27,5.7,5.7,180,150,100.00,59.30,31.10,1.00,1.00,2,8,5000
30F6P58-4453,F6,30,8,air,push-through,none,400V 3ph,none,none,395,315,400,570,495,855,1026,405.441,227.259,98.154,49.077,5.7,180,150,71.13,39.87,17.22,8.61,1.00,2,8,5000
30F6P58-4454,F6,30,8,water,push-through,none,400V 3ph,none,none,395,315,400,570,495,855,1026,570,338.01,177.27,5.7,5.7,180,150,100.00,59.30,31.10,1.00,1.00,2,8,5000
30F6P58-4C3E,F6,30,8,water,panel (high perf),none,400V 3ph,none,none,395,315,400,570,495,604.2,855,534.546,400.026,200.013,1.824,1.824,150,106,93.78,70.18,35.09,0.32,0.32,6,8,5000
30F6P58-4C3G,F6,30,8,water,push-through (high perf),none,400V 3ph,none,none,395,315,400,570,495,604.2,855,534.546,400.026,200.013,1.824,1.824,150,106,93.78,70.18,35.09,0.32,0.32,6,8,5000
30F6P58-4C4E,F6,30,8,water,panel (high perf),none,400V 3ph,none,none,395,315,400,570,495,604.2,855,534.546,400.026,200.013,1.824,1.824,150,106,93.78,70.18,35.09,0.32,0.32,6,8,5000
30F6P58-4C4G,F6,30,8,water,push-through (high perf),none,400V 3ph,none,none,395,315,400,570,495,604.2,855,534.546,400.026,200.013,1.824,1.824,150,106,93.78,70.18,35.09,0.32,0.32,6,8,5000
30F6P58-4C5E,F6,30,8,water,panel (high perf),none,400V 3ph,none,none,395,315,400,570,495,604.2,855,534.546,400.026,200.013,1.824,1.824,150,106,93.78,70.18,35.09,0.32,0.32,6,8,5000
30F6P58-4C5G,F6,30,8,water,push-through (high perf),none,400V 3ph,none,none,395,315,400,570,495,604.2,855,534.546,400.026,200.013,1.824,1.824,150,106,93.78,70.18,35.09,0.32,0.32,6,8,5000
30F6S08-3001,F6,30,8,air,panel,none,400V 3ph,none,std,395,315,400,570,495,712.5,855,388.17,220.59,117.42,5.7,5.7,150,125,68.10,38.70,20.60,1.00,1.00,2,8,5000
30F6S08-3002,F6,30,8,water,panel,none,400V 3ph,none,std,395,315,400,570,495,855,1026,570,338.01,177.27,5.7,5.7,180,150,100.00,59.30,31.10,1.00,1.00,2,8,5000
30F6S08-3003,F6,30,8,air,push-through,none,400V 3ph,none,std,395,315,400,570,495,712.5,855,388.17,220.59,117.42,5.7,5.7,150,125,68.10,38.70,20.60,1.00,1.00,2,8,5000
30F6S08-3004,F6,30,8,water,push-through,none,400V 3ph,none,std,395,315,400,570,495,855,1026,570,338.01,177.27,5.7,5.7,180,150,100.00,59.30,31.10,1.00,1.00,2,8,5000
30F6S08-3102,F6,30,8,water,panel,none,400V 3ph,none,std,395,315,400,570,495,712.5,855,598.728,427.272,210.9,148.2,80.028,150,125,105.04,74.96,37.00,26.00,14.04,4,8,5000
30F6S08-3104,F6,30,8,water,push-through,none,400V 3ph,none,std,395,315,400,570,495,712.5,855,598.728,427.272,210.9,148.2,80.028,150,125,105.04,74.96,37.00,26.00,14.04,4,8,5000
30F6S08-3C0E,F6,30,8,water,panel (high perf),none,400V 3ph,none,std,395,315,400,570,495,604.2,855,534.546,400.026,200.013,1.824,1.824,150,106,93.78,70.18,35.09,0.32,0.32,6,8,5000
30F6S08-3C0G,F6,30,8,water,push-through (high perf),none,400V 3ph,none,std,395,315,400,570,495,604.2,855,534.546,400.026,200.013,1.824,1.824,150,106,93.78,70.18,35.09,0.32,0.32,6,8,5000
30F6S08-4001,F6,30,8,air,panel,none,400V 3ph,none,none,395,315,400,570,495,712.5,855,388.17,220.59,117.42,5.7,5.7,150,125,68.10,38.70,20.60,1.00,1.00,2,8,5000
30F6S08-4002,F6,30,8,water,panel,none,400V 3ph,none,none,395,315,400,570,495,855,1026,570,338.01,177.27,5.7,5.7,180,150,100.00,59.30,31.10,1.00,1.00,2,8,5000
30F6S08-4003,F6,30,8,air,push-through,none,400V 3ph,none,none,395,315,400,570,495,712.5,855,388.17,220.59,117.42,5.7,5.7,150,125,68.10,38.70,20.60,1.00,1.00,2,8,5000
30F6S08-4004,F6,30,8,water,push-through,none,400V 3ph,none,none,395,315,400,570,495,855,1026,570,338.01,177.27,5.7,5.7,180,150,100.00,59.30,31.10,1.00,1.00,2,8,5000
30F6S08-4102,F6,30,8,water,panel,none,400V 3ph,none,none,395,315,400,570,495,712.5,855,598.728,427.272,210.9,148.2,80.028,150,125,105.04,74.96,37.00,26.00,14.04,4,8,5000
30F6S08-4104,F6,30,8,water,push-through,none,400V 3ph,none,none,395,315,400,570,495,712.5,855,598.728,427.272,210.9,148.2,80.028,150,125,105.04,74.96,37.00,26.00,14.04,4,8,5000
30F6S08-4C0E,F6,30,8,water,panel (high perf),none,400V 3ph,none,none,395,315,400,570,495,604.2,855,534.546,400.026,200.013,1.824,1.824,150,106,93.78,70.18,35.09,0.32,0.32,6,8,5000
30F6S08-4C0G,F6,30,8,water,push-through (high perf),none,400V 3ph,none,none,395,315,400,570,495,604.2,855,534.546,400.026,200.013,1.824,1.824,150,106,93.78,70.18,35.09,0.32,0.32,6,8,5000
30F6A19-3011,F6,30,9,air,panel,none,400V 3ph,none,std,395,315,400,570,495,712.5,855,572.736,381.843,23.712,2.736,2.736,150,125,100.48,66.99,4.16,0.48,0.48,2,4,5000
30F6A19-3012,F6,30,9,water,panel,none,400V 3ph,none,std,395,315,400,570,495,712.5,855,627.285,572.736,29.982,2.736,2.736,150,125,110.05,100.48,5.26,0.48,0.48,2,4,5000
30F6A19-3013,F6,30,9,air,push-through,none,400V 3ph,none,std,395,315,400,570,495,712.5,855,572.736,381.843,23.712,2.736,2.736,150,125,100.48,66.99,4.16,0.48,0.48,2,4,5000
30F6A19-3014,F6,30,9,water,push-through,none,400V 3ph,none,std,395,315,400,570,495,712.5,855,627.285,572.736,29.982,2.736,2.736,150,125,110.05,100.48,5.26,0.48,0.48,2,4,5000
30F6A19-3015,F6,30,9,air,push-through (IP20),none,400V 3ph,none,std,395,315,400,570,495,712.5,855,572.736,381.843,23.712,2.736,2.736,150,125,100.48,66.99,4.16,0.48,0.48,2,4,5000
30F6A19-3016,F6,30,9,water,push-through,integrated,400V 3ph,none,std,395,315,400,570,495,712.5,855,627.285,572.736,29.982,2.736,2.736,150,125,110.05,100.48,5.26,0.48,0.48,2,4,5000
30F6A19-3019,F6,30,9,water,panel,integrated,400V 3ph,none,std,395,315,400,570,495,712.5,855,627.285,572.736,29.982,2.736,2.736,150,125,110.05,100.48,5.26,0.48,0.48,2,4,5000
30F6A19-3B1A,F6,30,9,water,panel (high perf),integrated,400V 3ph,none,std,395,315,400,570,495,712.5,855,627.285,572.736,299.991,2.736,2.736,150,125,110.05,100.48,52.63,0.48,0.48,8,8,5000
30F6A19-3B1B,F6,30,9,water,push-through (high perf),integrated,400V 3ph,none,std,395,315,400,570,495,712.5,855,627.285,572.736,299.991,2.736,2.736,150,125,110.05,100.48,52.63,0.48,0.48,8,8,5000
30F6A19-3B1E,F6,30,9,water,panel (high perf),none,400V 3ph,none,std,395,315,400,570,495,712.5,855,627.285,572.736,299.991,2.736,2.736,150,125,110.05,100.48,52.63,0.48,0.48,8,8,5000
30F6A19-3B1G,F6,30,9,water,push-through (high perf),none,400V 3ph,none,std,395,315,400,570,495,712.5,855,627.285,572.736,299.991,2.736,2.736,150,125,110.05,100.48,52.63,0.48,0.48,8,8,5000
30F6A19-3C11,F6,30,9,air,panel,none,400V 3ph,none,std,395,315,400,570,495,655.5,769.5,630.021,409.089,270.009,2.736,2.736,135,115,110.53,71.77,47.37,0.48,0.48,6,8,5000
30F6A19-3C15,F6,30,9,air,push-through (IP20),none,400V 3ph,none,std,395,315,400,570,495,655.5,769.5,630.021,409.089,270.009,2.736,2.736,135,115,110.53,71.77,47.37,0.48,0.48,6,8,5000
30F6A19-4011,F6,30,9,air,panel,none,400V 3ph,none,none,395,315,400,570,495,712.5,855,572.736,381.843,23.712,2.736,2.736,150,125,100.48,66.99,4.16,0.48,0.48,2,4,5000
30F6A19-4012,F6,30,9,water,panel,none,400V 3ph,none,none,395,315,400,570,495,712.5,855,627.285,572.736,29.982,2.736,2.736,150,125,110.05,100.48,5.26,0.48,0.48,2,4,5000
30F6A19-4013,F6,30,9,air,push-through,none,400V 3ph,none,none,395,315,400,570,495,712.5,855,572.736,381.843,23.712,2.736,2.736,150,125,100.48,66.99,4.16,0.48,0.48,2,4,5000
30F6A19-4014,F6,30,9,water,push-through,none,400V 3ph,none,none,395,315,400,570,495,712.5,855,627.285,572.736,29.982,2.736,2.736,150,125,110.05,100.48,5.26,0.48,0.48,2,4,5000
30F6A19-4015,F6,30,9,air,push-through (IP20),none,400V 3ph,none,none,395,315,400,570,495,712.5,855,572.736,381.843,23.712,2.736,2.736,150,125,100.48,66.99,4.16,0.48,0.48,2,4,5000
30F6A19-4B1E,F6,30,9,water,panel (high perf),none,400V 3ph,none,none,395,315,400,570,495,712.5,855,627.285,572.736,299.991,2.736,2.736,150,125,110.05,100.48,52.63,0.48,0.48,8,8,5000
30F6A19-4B1G,F6,30,9,water,push-through (high perf),none,400V 3ph,none,none,395,315,400,570,495,712.5,855,627.285,572.736,299.991,2.736,2.736,150,125,110.05,100.48,52.63,0.48,0.48,8,8,5000
30F6A19-4C11,F6,30,9,air,panel,none,400V 3ph,none,none,395,315,400,570,495,655.5,769.5,630.021,409.089,270.009,2.736,2.736,135,115,110.53,71.77,47.37,0.48,0.48,6,8,5000
30F6A19-4C15,F6,30,9,air,push-through (IP20),none,400V 3ph,none,none,395,315,400,570,495,655.5,769.5,630.021,409.089,270.009,2.736,2.736,135,115,110.53,71.77,47.37,0.48,0.48,6,8,5000
30F6A39-3011,F6,30,9,air,panel,none,400V 3ph,none,std,395,315,400,570,495,712.5,855,572.736,381.843,23.712,2.736,2.736,150,125,100.48,66.99,4.16,0.48,0.48,2,4,5000
30F6A39-3012,F6,30,9,water,panel,none,400V 3ph,none,std,395,315,400,570,495,712.5,855,627.285,572.736,29.982,2.736,2.736,150,125,110.05,100.48,5.26,0.48,0.48,2,4,5000
30F6A39-3013,F6,30,9,air,push-through,none,400V 3ph,none,std,395,315,400,570,495,712.5,855,572.736,381.843,23.712,2.736,2.736,150,125,100.48,66.99,4.16,0.48,0.48,2,4,5000
30F6A39-3014,F6,30,9,water,push-through,none,400V 3ph,none,std,395,315,400,570,495,712.5,855,627.285,572.736,29.982,2.736,2.736,150,125,110.05,100.48,5.26,0.48,0.48,2,4,5000
30F6A39-3015,F6,30,9,air,push-through (IP20),none,400V 3ph,none,std,395,315,400,570,495,712.5,855,572.736,381.843,23.712,2.736,2.736,150,125,100.48,66.99,4.16,0.48,0.48,2,4,5000
30F6A39-3016,F6,30,9,water,push-through,integrated,400V 3ph,none,std,395,315,400,570,495,712.5,855,627.285,572.736,29.982,2.736,2.736,150,125,110.05,100.48,5.26,0.48,0.48,2,4,5000
30F6A39-3019,F6,30,9,water,panel,integrated,400V 3ph,none,std,395,315,400,570,495,712.5,855,627.285,572.736,29.982,2.736,2.736,150,125,110.05,100.48,5.26,0.48,0.48,2,4,5000
30F6A39-3B1A,F6,30,9,water,panel (high perf),integrated,400V 3ph,none,std,395,315,400,570,495,712.5,855,627.285,572.736,299.991,2.736,2.736,150,125,110.05,100.48,52.63,0.48,0.48,8,8,5000
30F6A39-3B1B,F6,30,9,water,push-through (high perf),integrated,400V 3ph,none,std,395,315,400,570,495,712.5,855,627.285,572.736,299.991,2.736,2.736,150,125,110.05,100.48,52.63,0.48,0.48,8,8,5000
30F6A39-3B1E,F6,30,9,water,panel (high perf),none,400V 3ph,none,std,395,315,400,570,495,712.5,855,627.285,572.736,299.991,2.736,2.736,150,125,110.05,100.48,52.63,0.48,0.48,8,8,5000
30F6A39-3B1G,F6,30,9,water,push-through (high perf),none,400V 3ph,none,std,395,315,400,570,495,712.5,855,627.285,572.736,299.991,2.736,2.736,150,125,110.05,100.48,52.63,0.48,0.48,8,8,5000
30F6A39-3C11,F6,30,9,air,panel,none,400V 3ph,none,std,395,315,400,570,495,655.5,769.5,630.021,409.089,270.009,2.736,2.736,135,115,110.53,71.77,47.37,0.48,0.48,6,8,5000
30F6A39-3C15,F6,30,9,air,push-through (IP20),none,400V 3ph,none,std,395,315,400,570,495,655.5,769.5,630.021,409.089,270.009,2.736,2.736,135,115,110.53,71.77,47.37,0.48,0.48,6,8,5000
30F6A39-4011,F6,30,9,air,panel,none,400V 3ph,none,none,395,315,400,570,495,712.5,855,572.736,381.843,23.712,2.736,2.736,150,125,100.48,66.99,4.16,0.48,0.48,2,4,5000
30F6A39-4012,F6,30,9,water,panel,none,400V 3ph,none,none,395,315,400,570,495,712.5,855,627.285,572.736,29.982,2.736,2.736,150,125,110.05,100.48,5.26,0.48,0.48,2,4,5000
30F6A39-4013,F6,30,9,air,push-through,none,400V 3ph,none,none,395,315,400,570,495,712.5,855,572.736,381.843,23.712,2.736,2.736,150,125,100.48,66.99,4.16,0.48,0.48,2,4,5000
30F6A39-4014,F6,30,9,water,push-through,none,400V 3ph,none,none,395,315,400,570,495,712.5,855,627.285,572.736,29.982,2.736,2.736,150,125,110.05,100.48,5.26,0.48,0.48,2,4,5000
30F6A39-4015,F6,30,9,air,push-through (IP20),none,400V 3ph,none,none,395,315,400,570,495,712.5,855,572.736,381.843,23.712,2.736,2.736,150,125,100.48,66.99,4.16,0.48,0.48,2,4,5000
30F6A39-4B1E,F6,30,9,water,panel (high perf),none,400V 3ph,none,none,395,315,400,570,495,712.5,855,627.285,572.736,299.991,2.736,2.736,150,125,110.05,100.48,52.63,0.48,0.48,8,8,5000
30F6A39-4B1G,F6,30,9,water,push-through (high perf),none,400V 3ph,none,none,395,315,400,570,495,712.5,855,627.285,572.736,299.991,2.736,2.736,150,125,110.05,100.48,52.63,0.48,0.48,8,8,5000
30F6A39-4C11,F6,30,9,air,panel,none,400V 3ph,none,none,395,315,400,570,495,655.5,769.5,630.021,409.089,270.009,2.736,2.736,135,115,110.53,71.77,47.37,0.48,0.48,6,8,5000
30F6A39-4C15,F6,30,9,air,push-through (IP20),none,400V 3ph,none,none,395,315,400,570,495,655.5,769.5,630.021,409.089,270.009,2.736,2.736,135,115,110.53,71.77,47.37,0.48,0.48,6,8,5000
30F6K19-3011,F6,30,9,air,panel,none,400V 3ph,none,std,395,315,400,570,495,712.5,855,572.736,381.843,23.712,2.736,2.736,150,125,100.48,66.99,4.16,0.48,0.48,2,4,5000
30F6K19-3012,F6,30,9,water,panel,none,400V 3ph,none,std,395,315,400,570,495,712.5,855,627.285,572.736,29.982,2.736,2.736,150,125,110.05,100.48,5.26,0.48,0.48,2,4,5000
30F6K19-3013,F6,30,9,air,push-through,none,400V 3ph,none,std,395,315,400,570,495,712.5,855,572.736,381.843,23.712,2.736,2.736,150,125,100.48,66.99,4.16,0.48,0.48,2,4,5000
30F6K19-3014,F6,30,9,water,push-through,none,400V 3ph,none,std,395,315,400,570,495,712.5,855,627.285,572.736,29.982,2.736,2.736,150,125,110.05,100.48,5.26,0.48,0.48,2,4,5000
30F6K19-3015,F6,30,9,air,push-through (IP20),none,400V 3ph,none,std,395,315,400,570,495,712.5,855,572.736,381.843,23.712,2.736,2.736,150,125,100.48,66.99,4.16,0.48,0.48,2,4,5000
30F6K19-3016,F6,30,9,water,push-through,integrated,400V 3ph,none,std,395,315,400,570,495,712.5,855,627.285,572.736,29.982,2.736,2.736,150,125,110.05,100.48,5.26,0.48,0.48,2,4,5000
30F6K19-3019,F6,30,9,water,panel,integrated,400V 3ph,none,std,395,315,400,570,495,712.5,855,627.285,572.736,29.982,2.736,2.736,150,125,110.05,100.48,5.26,0.48,0.48,2,4,5000
30F6K19-3021,F6,30,9,air,panel,none,400V 3ph,none,std,395,315,400,570,495,712.5,855,572.736,381.843,23.712,2.736,2.736,150,125,100.48,66.99,4.16,0.48,0.48,2,4,5000
30F6K19-3022,F6,30,9,water,panel,none,400V 3ph,none,std,395,315,400,570,495,712.5,855,627.285,572.736,29.982,2.736,2.736,150,125,110.05,100.48,5.26,0.48,0.48,2,4,5000
30F6K19-3023,F6,30,9,air,push-through,none,400V 3ph,none,std,395,315,400,570,495,712.5,855,572.736,381.843,23.712,2.736,2.736,150,125,100.48,66.99,4.16,0.48,0.48,2,4,5000
30F6K19-3024,F6,30,9,water,push-through,none,400V 3ph,none,std,395,315,400,570,495,712.5,855,627.285,572.736,29.982,2.736,2.736,150,125,110.05,100.48,5.26,0.48,0.48,2,4,5000
30F6K19-3025,F6,30,9,air,push-through (IP20),none,400V 3ph,none,std,395,315,400,570,495,712.5,855,572.736,381.843,23.712,2.736,2.736,150,125,100.48,66.99,4.16,0.48,0.48,2,4,5000
30F6K19-3026,F6,30,9,water,push-through,integrated,400V 3ph,none,std,395,315,400,570,495,712.5,855,627.285,572.736,29.982,2.736,2.736,150,125,110.05,100.48,5.26,0.48,0.48,2,4,5000
30F6K19-3029,F6,30,9,water,panel,integrated,400V 3ph,none,std,395,315,400,570,495,712.5,855,627.285,572.736,29.982,2.736,2.736,150,125,110.05,100.48,5.26,0.48,0.48,2,4,5000
30F6K19-4011,F6,30,9,air,panel,none,400V 3ph,none,none,395,315,400,570,495,712.5,855,572.736,381.843,23.712,2.736,2.736,150,125,100.48,66.99,4.16,0.48,0.48,2,4,5000
30F6K19-4012,F6,30,9,water,panel,none,400V 3ph,none,none,395,315,400,570,495,712.5,855,627.285,572.736,29.982,2.736,2.736,150,125,110.05,100.48,5.26,0.48,0.48,2,4,5000
30F6K19-4013,F6,30,9,air,push-through,none,400V 3ph,none,none,395,315,400,570,495,712.5,855,572.736,381.843,23.712,2.736,2.736,150,125,100.48,66.99,4.16,0.48,0.48,2,4,5000
30F6K19-4014,F6,30,9,water,push-through,none,400V 3ph,none,none,395,315,400,570,495,712.5,855,627.285,572.736,29.982,2.736,2.736,150,125,110.05,100.48,5.26,0.48,0.48,2,4,5000
30F6K19-4015,F6,30,9,air,push-through (IP20),none,400V 3ph,none,none,395,315,400,570,495,712.5,855,572.736,381.843,23.712,2.736,2.736,150,125,100.48,66.99,4.16,0.48,0.48,2,4,5000
30F6K19-4021,F6,30,9,air,panel,none,400V 3ph,none,none,395,315,400,570,495,712.5,855,572.736,381.843,23.712,2.736,2.736,150,125,100.48,66.99,4.16,0.48,0.48,2,4,5000
30F6K19-4022,F6,30,9,water,panel,none,400V 3ph,none,none,395,315,400,570,495,712.5,855,627.285,572.736,29.982,2.736,2.736,150,125,110.05,100.48,5.26,0.48,0.48,2,4,5000
30F6K19-4023,F6,30,9,air,push-through,none,400V 3ph,none,none,395,315,400,570,495,712.5,855,572.736,381.843,23.712,2.736,2.736,150,125,100.48,66.99,4.16,0.48,0.48,2,4,5000
30F6K19-4024,F6,30,9,water,push-through,none,400V 3ph,none,none,395,315,400,570,495,712.5,855,627.285,572.736,29.982,2.736,2.736,150,125,110.05,100.48,5.26,0.48,0.48,2,4,5000
30F6K19-4025,F6,30,9,air,push-through (IP20),none,400V 3ph,none,none,395,315,400,570,495,712.5,855,572.736,381.843,23.712,2.736,2.736,150,125,100.48,66.99,4.16,0.48,0.48,2,4,5000
30F6P59-3031,F6,30,9,air,panel,none,400V 3ph,none,std,395,315,400,570,495,712.5,855,572.736,381.843,23.712,2.736,2.736,150,125,100.48,66.99,4.16,0.48,0.48,2,4,5000
30F6P59-3032,F6,30,9,water,panel,none,400V 3ph,none,std,395,315,400,570,495,712.5,855,627.285,572.736,29.982,2.736,2.736,150,125,110.05,100.48,5.26,0.48,0.48,2,4,5000
30F6P59-3033,F6,30,9,air,push-through,none,400V 3ph,none,std,395,315,400,570,495,712.5,855,572.736,381.843,23.712,2.736,2.736,150,125,100.48,66.99,4.16,0.48,0.48,2,4,5000
30F6P59-3034,F6,30,9,water,push-through,none,400V 3ph,none,std,395,315,400,570,495,712.5,855,627.285,572.736,29.982,2.736,2.736,150,125,110.05,100.48,5.26,0.48,0.48,2,4,5000
30F6P59-3035,F6,30,9,air,push-through (IP20),none,400V 3ph,none,std,395,315,400,570,495,712.5,855,572.736,381.843,23.712,2.736,2.736,150,125,100.48,66.99,4.16,0.48,0.48,2,4,5000
30F6P59-3036,F6,30,9,water,push-through,integrated,400V 3ph,none,std,395,315,400,570,495,712.5,855,627.285,572.736,29.982,2.736,2.736,150,125,110.05,100.48,5.26,0.48,0.48,2,4,5000
30F6P59-3039,F6,30,9,water,panel,integrated,400V 3ph,none,std,395,315,400,570,495,712.5,855,627.285,572.736,29.982,2.736,2.736,150,125,110.05,100.48,5.26,0.48,0.48,2,4,5000
30F6P59-3041,F6,30,9,air,panel,none,400V 3ph,none,std,395,315,400,570,495,712.5,855,572.736,381.843,23.712,2.736,2.736,150,125,100.48,66.99,4.16,0.48,0.48,2,4,5000
30F6P59-3042,F6,30,9,water,panel,none,400V 3ph,none,std,395,315,400,570,495,712.5,855,627.285,572.736,29.982,2.736,2.736,150,125,110.05,100.48,5.26,0.48,0.48,2,4,5000
30F6P59-3043,F6,30,9,air,push-through,none,400V 3ph,none,std,395,315,400,570,495,712.5,855,572.736,381.843,23.712,2.736,2.736,150,125,100.48,66.99,4.16,0.48,0.48,2,4,5000
30F6P59-3044,F6,30,9,water,push-through,none,400V 3ph,none,std,395,315,400,570,495,712.5,855,627.285,572.736,29.982,2.736,2.736,150,125,110.05,100.48,5.26,0.48,0.48,2,4,5000
30F6P59-3045,F6,30,9,air,push-through (IP20),none,400V 3ph,none,std,395,315,400,570,495,712.5,855,572.736,381.843,23.712,2.736,2.736,150,125,100.48,66.99,4.16,0.48,0.48,2,4,5000
30F6P59-3046,F6,30,9,water,push-through,integrated,400V 3ph,none,std,395,315,400,570,495,712.5,855,627.285,572.736,29.982,2.736,2.736,150,125,110.05,100.48,5.26,0.48,0.48,2,4,5000
30F6P59-3049,F6,30,9,water,panel,integrated,400V 3ph,none,std,395,315,400,570,495,712.5,855,627.285,572.736,29.982,2.736,2.736,150,125,110.05,100.48,5.26,0.48,0.48,2,4,5000
30F6P59-3051,F6,30,9,air,panel,none,400V 3ph,none,std,395,315,400,570,495,712.5,855,572.736,381.843,23.712,2.736,2.736,150,125,100.48,66.99,4.16,0.48,0.48,2,4,5000
30F6P59-3052,F6,30,9,water,panel,none,400V 3ph,none,std,395,315,400,570,495,712.5,855,627.285,572.736,29.982,2.736,2.736,150,125,110.05,100.48,5.26,0.48,0.48,2,4,5000
30F6P59-3053,F6,30,9,air,push-through,none,400V 3ph,none,std,395,315,400,570,495,712.5,855,572.736,381.843,23.712,2.736,2.736,150,125,100.48,66.99,4.16,0.48,0.48,2,4,5000
30F6P59-3054,F6,30,9,water,push-through,none,400V 3ph,none,std,395,315,400,570,495,712.5,855,627.285,572.736,29.982,2.736,2.736,150,125,110.05,100.48,5.26,0.48,0.48,2,4,5000
30F6P59-3055,F6,30,9,air,push-through (IP20),none,400V 3ph,none,std,395,315,400,570,495,712.5,855,572.736,381.843,23.712,2.736,2.736,150,125,100.48,66.99,4.16,0.48,0.48,2,4,5000
30F6P59-3056,F6,30,9,water,push-through,integrated,400V 3ph,none,std,395,315,400,570,495,712.5,855,627.285,572.736,29.982,2.736,2.736,150,125,110.05,100.48,5.26,0.48,0.48,2,4,5000
30F6P59-3059,F6,30,9,water,panel,integrated,400V 3ph,none,std,395,315,400,570,495,712.5,855,627.285,572.736,29.982,2.736,2.736,150,125,110.05,100.48,5.26,0.48,0.48,2,4,5000
30F6P59-3B3A,F6,30,9,water,panel (high perf),integrated,400V 3ph,none,std,395,315,400,570,495,712.5,855,627.285,572.736,299.991,2.736,2.736,150,125,110.05,100.48,52.63,0.48,0.48,8,8,5000
30F6P59-3B3B,F6,30,9,water,push-through (high perf),integrated,400V 3ph,none,std,395,315,400,570,495,712.5,855,627.285,572.736,299.991,2.736,2.736,150,125,110.05,100.48,52.63,0.48,0.48,8,8,5000
30F6P59-3B3E,F6,30,9,water,panel (high perf),none,400V 3ph,none,std,395,315,400,570,495,712.5,855,627.285,572.736,299.991,2.736,2.736,150,125,110.05,100.48,52.63,0.48,0.48,8,8,5000
30F6P59-3B3G,F6,30,9,water,push-through (high perf),none,400V 3ph,none,std,395,315,400,570,495,712.5,855,627.285,572.736,299.991,2.736,2.736,150,125,110.05,100.48,52.63,0.48,0.48,8,8,5000
30F6P59-3B4A,F6,30,9,water,panel (high perf),integrated,400V 3ph,none,std,395,315,400,570,495,712.5,855,627.285,572.736,299.991,2.736,2.736,150,125,110.05,100.48,52.63,0.48,0.48,8,8,5000
30F6P59-3B4B,F6,30,9,water,push-through (high perf),integrated,400V 3ph,none,std,395,315,400,570,495,712.5,855,627.285,572.736,299.991,2.736,2.736,150,125,110.05,100.48,52.63,0.48,0.48,8,8,5000
30F6P59-3B4E,F6,30,9,water,panel (high perf),none,400V 3ph,none,std,395,315,400,570,495,712.5,855,627.285,572.736,299.991,2.736,2.736,150,125,110.05,100.48,52.63,0.48,0.48,8,8,5000
30F6P59-3B4G,F6,30,9,water,push-through (high perf),none,400V 3ph,none,std,395,315,400,570,495,712.5,855,627.285,572.736,299.991,2.736,2.736,150,125,110.05,100.48,52.63,0.48,0.48,8,8,5000
30F6P59-3B5A,F6,30,9,water,panel (high perf),integrated,400V 3ph,none,std,395,315,400,570,495,712.5,855,627.285,572.736,299.991,2.736,2.736,150,125,110.05,100.48,52.63,0.48,0.48,8,8,5000
30F6P59-3B5B,F6,30,9,water,push-through (high perf),integrated,400V 3ph,none,std,395,315,400,570,495,712.5,855,627.285,572.736,299.991,2.736,2.736,150,125,110.05,100.48,52.63,0.48,0.48,8,8,5000
30F6P59-3B5E,F6,30,9,water,panel (high perf),none,400V 3ph,none,std,395,315,400,570,495,712.5,855,627.285,572.736,299.991,2.736,2.736,150,125,110.05,100.48,52.63,0.48,0.48,8,8,5000
30F6P59-3B5G,F6,30,9,water,push-through (high perf),none,400V 3ph,none,std,395,315,400,570,495,712.5,855,627.285,572.736,299.991,2.736,2.736,150,125,110.05,100.48,52.63,0.48,0.48,8,8,5000
30F6P59-3C31,F6,30,9,air,panel,none,400V 3ph,none,std,395,315,400,570,495,655.5,769.5,630.021,409.089,270.009,2.736,2.736,135,115,110.53,71.77,47.37,0.48,0.48,6,8,5000
30F6P59-3C35,F6,30,9,air,push-through (IP20),none,400V 3ph,none,std,395,315,400,570,495,655.5,769.5,630.021,409.089,270.009,2.736,2.736,135,115,110.53,71.77,47.37,0.48,0.48,6,8,5000
30F6P59-3C41,F6,30,9,air,panel,none,400V 3ph,none,std,395,315,400,570,495,655.5,769.5,630.021,409.089,270.009,2.736,2.736,135,115,110.53,71.77,47.37,0.48,0.48,6,8,5000
30F6P59-3C45,F6,30,9,air,push-through (IP20),none,400V 3ph,none,std,395,315,400,570,495,655.5,769.5,630.021,409.089,270.009,2.736,2.736,135,115,110.53,71.77,47.37,0.48,0.48,6,8,5000
30F6P59-3C51,F6,30,9,air,panel,none,400V 3ph,none,std,395,315,400,570,495,655.5,769.5,630.021,409.089,270.009,2.736,2.736,135,115,110.53,71.77,47.37,0.48,0.48,6,8,5000
30F6P59-3C55,F6,30,9,air,push-through (IP20),none,400V 3ph,none,std,395,315,400,570,495,655.5,769.5,630.021,409.089,270.009,2.736,2.736,135,115,110.53,71.77,47.37,0.48,0.48,6,8,5000
30F6P59-4031,F6,30,9,air,panel,none,400V 3ph,none,none,395,315,400,570,495,712.5,855,572.736,381.843,23.712,2.736,2.736,150,125,100.48,66.99,4.16,0.48,0.48,2,4,5000
30F6P59-4032,F6,30,9,water,panel,none,400V 3ph,none,none,395,315,400,570,495,712.5,855,627.285,572.736,29.982,2.736,2.736,150,125,110.05,100.48,5.26,0.48,0.48,2,4,5000
30F6P59-4033,F6,30,9,air,push-through,none,400V 3ph,none,none,395,315,400,570,495,712.5,855,572.736,381.843,23.712,2.736,2.736,150,125,100.48,66.99,4.16,0.48,0.48,2,4,5000
30F6P59-4034,F6,30,9,water,push-through,none,400V 3ph,none,none,395,315,400,570,495,712.5,855,627.285,572.736,29.982,2.736,2.736,150,125,110.05,100.48,5.26,0.48,0.48,2,4,5000
30F6P59-4035,F6,30,9,air,push-through (IP20),none,400V 3ph,none,none,395,315,400,570,495,712.5,855,572.736,381.843,23.712,2.736,2.736,150,125,100.48,66.99,4.16,0.48,0.48,2,4,5000
30F6P59-4041,F6,30,9,air,panel,none,400V 3ph,none,none,395,315,400,570,495,712.5,855,572.736,381.843,23.712,2.736,2.736,150,125,100.48,66.99,4.16,0.48,0.48,2,4,5000
30F6P59-4042,F6,30,9,water,panel,none,400V 3ph,none,none,395,315,400,570,495,712.5,855,627.285,572.736,29.982,2.736,2.736,150,125,110.05,100.48,5.26,0.48,0.48,2,4,5000
30F6P59-4043,F6,30,9,air,push-through,none,400V 3ph,none,none,395,315,400,570,495,712.5,855,572.736,381.843,23.712,2.736,2.736,150,125,100.48,66.99,4.16,0.48,0.48,2,4,5000
30F6P59-4044,F6,30,9,water,push-through,none,400V 3ph,none,none,395,315,400,570,495,712.5,855,627.285,572.736,29.982,2.736,2.736,150,125,110.05,100.48,5.26,0.48,0.48,2,4,5000
30F6P59-4045,F6,30,9,air,push-through (IP20),none,400V 3ph,none,none,395,315,400,570,495,712.5,855,572.736,381.843,23.712,2.736,2.736,150,125,100.48,66.99,4.16,0.48,0.48,2,4,5000
30F6P59-4051,F6,30,9,air,panel,none,400V 3ph,none,none,395,315,400,570,495,712.5,855,572.736,381.843,23.712,2.736,2.736,150,125,100.48,66.99,4.16,0.48,0.48,2,4,5000
30F6P59-4052,F6,30,9,water,panel,none,400V 3ph,none,none,395,315,400,570,495,712.5,855,627.285,572.736,29.982,2.736,2.736,150,125,110.05,100.48,5.26,0.48,0.48,2,4,5000
30F6P59-4053,F6,30,9,air,push-through,none,400V 3ph,none,none,395,315,400,570,495,712.5,855,572.736,381.843,23.712,2.736,2.736,150,125,100.48,66.99,4.16,0.48,0.48,2,4,5000
30F6P59-4054,F6,30,9,water,push-through,none,400V 3ph,none,none,395,315,400,570,495,712.5,855,627.285,572.736,29.982,2.736,2.736,150,125,110.05,100.48,5.26,0.48,0.48,2,4,5000
30F6P59-4055,F6,30,9,air,push-through (IP20),none,400V 3ph,none,none,395,315,400,570,495,712.5,855,572.736,381.843,23.712,2.736,2.736,150,125,100.48,66.99,4.16,0.48,0.48,2,4,5000
30F6P59-4B3E,F6,30,9,water,panel (high perf),none,400V 3ph,none,none,395,315,400,570,495,712.5,855,627.285,572.736,299.991,2.736,2.736,150,125,110.05,100.48,52.63,0.48,0.48,8,8,5000
30F6P59-4B3G,F6,30,9,water,push-through (high perf),none,400V 3ph,none,none,395,315,400,570,495,712.5,855,627.285,572.736,299.991,2.736,2.736,150,125,110.05,100.48,52.63,0.48,0.48,8,8,5000
30F6P59-4B4E,F6,30,9,water,panel (high perf),none,400V 3ph,none,none,395,315,400,570,495,712.5,855,627.285,572.736,299.991,2.736,2.736,150,125,110.05,100.48,52.63,0.48,0.48,8,8,5000
30F6P59-4B4G,F6,30,9,water,push-through (high perf),none,400V 3ph,none,none,395,315,400,570,495,712.5,855,627.285,572.736,299.991,2.736,2.736,150,125,110.05,100.48,52.63,0.48,0.48,8,8,5000
30F6P59-4B5E,F6,30,9,water,panel (high perf),none,400V 3ph,none,none,395,315,400,570,495,712.5,855,627.285,572.736,299.991,2.736,2.736,150,125,110.05,100.48,52.63,0.48,0.48,8,8,5000
30F6P59-4B5G,F6,30,9,water,push-through (high perf),none,400V 3ph,none,none,395,315,400,570,495,712.5,855,627.285,572.736,299.991,2.736,2.736,150,125,110.05,100.48,52.63,0.48,0.48,8,8,5000
30F6P59-4C31,F6,30,9,air,panel,none,400V 3ph,none,none,395,315,400,570,495,655.5,769.5,630.021,409.089,270.009,2.736,2.736,135,115,110.53,71.77,47.37,0.48,0.48,6,8,5000
30F6P59-4C35,F6,30,9,air,push-through (IP20),none,400V 3ph,none,none,395,315,400,570,495,655.5,769.5,630.021,409.089,270.009,2.736,2.736,135,115,110.53,71.77,47.37,0.48,0.48,6,8,5000
30F6P59-4C41,F6,30,9,air,panel,none,400V 3ph,none,none,395,315,400,570,495,655.5,769.5,630.021,409.089,270.009,2.736,2.736,135,115,110.53,71.77,47.37,0.48,0.48,6,8,5000
30F6P59-4C45,F6,30,9,air,push-through (IP20),none,400V 3ph,none,none,395,315,400,570,495,655.5,769.5,630.021,409.089,270.009,2.736,2.736,135,115,110.53,71.77,47.37,0.48,0.48,6,8,5000
30F6P59-4C51,F6,30,9,air,panel,none,400V 3ph,none,none,395,315,400,570,495,655.5,769.5,630.021,409.089,270.009,2.736,2.736,135,115,110.53,71.77,47.37,0.48,0.48,6,8,5000
30F6P59-4C55,F6,30,9,air,push-through (IP20),none,400V 3ph,none,none,395,315,400,570,495,655.5,769.5,630.021,409.089,270.009,2.736,2.736,135,115,110.53,71.77,47.37,0.48,0.48,6,8,5000
31F6A19-3011,F6,31,9,air,panel,none,400V 3ph,none,std,436,355,450,630,545,787.5,945,630,381.843,23.751,2.709,2.709,150,125,100.00,60.61,3.77,0.43,0.43,2,4,5000
31F6A19-3012,F6,31,9,water,panel,none,400V 3ph,none,std,436,355,450,630,545,787.5,945,692.748,600.012,29.988,2.709,2.709,150,125,109.96,95.24,4.76,0.43,0.43,2,4,5000
31F6A19-3013,F6,31,9,air,push-through,none,400V 3ph,none,std,436,355,450,630,545,787.5,945,630,381.843,23.751,2.709,2.709,150,125,100.00,60.61,3.77,0.43,0.43,2,4,5000
31F6A19-3014,F6,31,9,water,push-through,none,400V 3ph,none,std,436,355,450,630,545,787.5,945,692.748,600.012,29.988,2.709,2.709,150,125,109.96,95.24,4.76,0.43,0.43,2,4,5000
31F6A19-3015,F6,31,9,air,push-through (IP20),none,400V 3ph,none,std,436,355,450,630,545,787.5,945,630,381.843,23.751,2.709,2.709,150,125,100.00,60.61,3.77,0.43,0.43,2,4,5000
31F6A19-3016,F6,31,9,water,push-through,integrated,400V 3ph,none,std,436,355,450,630,545,787.5,945,692.748,600.012,29.988,2.709,2.709,150,125,109.96,95.24,4.76,0.43,0.43,2,4,5000
31F6A19-3B1A,F6,31,9,water,panel (high perf),integrated,400V 3ph,none,std,436,355,450,630,545,787.5,945,695.457,600.012,300.006,2.709,2.709,150,125,110.39,95.24,47.62,0.43,0.43,8,8,5000
31F6A19-3B1B,F6,31,9,water,push-through (high perf),integrated,400V 3ph,none,std,436,355,450,630,545,787.5,945,695.457,600.012,300.006,2.709,2.709,150,125,110.39,95.24,47.62,0.43,0.43,8,8,5000
31F6A19-3B1E,F6,31,9,water,panel (high perf),none,400V 3ph,none,std,436,355,450,630,545,787.5,945,695.457,600.012,300.006,2.709,2.709,150,125,110.39,95.24,47.62,0.43,0.43,8,8,5000
31F6A19-3B1G,F6,31,9,water,push-through (high perf),none,400V 3ph,none,std,436,355,450,630,545,787.5,945,695.457,600.012,300.006,2.709,2.709,150,125,110.39,95.24,47.62,0.43,0.43,8,8,5000
31F6A19-3C11,F6,31,9,air,panel,none,400V 3ph,none,std,436,355,450,630,545,667.8,787.5,630,409.122,270.018,2.709,2.709,125,106,100.00,64.94,42.86,0.43,0.43,6,8,5000
31F6A19-3C15,F6,31,9,air,push-through (IP20),none,400V 3ph,none,std,436,355,450,630,545,667.8,787.5,630,409.122,270.018,2.709,2.709,125,106,100.00,64.94,42.86,0.43,0.43,6,8,5000
31F6A19-4011,F6,31,9,air,panel,none,400V 3ph,none,none,436,355,450,630,545,787.5,945,630,381.843,23.751,2.709,2.709,150,125,100.00,60.61,3.77,0.43,0.43,2,4,5000
31F6A19-4012,F6,31,9,water,panel,none,400V 3ph,none,none,436,355,450,630,545,787.5,945,692.748,600.012,29.988,2.709,2.709,150,125,109.96,95.24,4.76,0.43,0.43,2,4,5000
31F6A19-4013,F6,31,9,air,push-through,none,400V 3ph,none,none,436,355,450,630,545,787.5,945,630,381.843,23.751,2.709,2.709,150,125,100.00,60.61,3.77,0.43,0.43,2,4,5000
31F6A19-4014,F6,31,9,water,push-through,none,400V 3ph,none,none,436,355,450,630,545,787.5,945,692.748,600.012,29.988,2.709,2.709,150,125,109.96,95.24,4.76,0.43,0.43,2,4,5000
31F6A19-4015,F6,31,9,air,push-through (IP20),none,400V 3ph,none,none,436,355,450,630,545,787.5,945,630,381.843,23.751,2.709,2.709,150,125,100.00,60.61,3.77,0.43,0.43,2,4,5000
31F6A19-4B1E,F6,31,9,water,panel (high perf),none,400V 3ph,none,none,436,355,450,630,545,787.5,945,695.457,600.012,300.006,2.709,2.709,150,125,110.39,95.24,47.62,0.43,0.43,8,8,5000
31F6A19-4B1G,F6,31,9,water,push-through (high perf),none,400V 3ph,none,none,436,355,450,630,545,787.5,945,695.457,600.012,300.006,2.709,2.709,150,125,110.39,95.24,47.62,0.43,0.43,8,8,5000
31F6A19-4C11,F6,31,9,air,panel,none,400V 3ph,none,none,436,355,450,630,545,667.8,787.5,630,409.122,270.018,2.709,2.709,125,106,100.00,64.94,42.86,0.43,0.43,6,8,5000
31F6A19-4C15,F6,31,9,air,push-through (IP20),none,400V 3ph,none,none,436,355,450,630,545,667.8,787.5,630,409.122,270.018,2.709,2.709,125,106,100.00,64.94,42.86,0.43,0.43,6,8,5000
31F6A39-3011,F6,31,9,air,panel,none,400V 3ph,none,std,436,355,450,630,545,787.5,945,630,381.843,23.751,2.709,2.709,150,125,100.00,60.61,3.77,0.43,0.43,2,4,5000
31F6A39-3012,F6,31,9,water,panel,none,400V 3ph,none,std,436,355,450,630,545,787.5,945,692.748,600.012,29.988,2.709,2.709,150,125,109.96,95.24,4.76,0.43,0.43,2,4,5000
31F6A39-3013,F6,31,9,air,push-through,none,400V 3ph,none,std,436,355,450,630,545,787.5,945,630,381.843,23.751,2.709,2.709,150,125,100.00,60.61,3.77,0.43,0.43,2,4,5000
31F6A39-3014,F6,31,9,water,push-through,none,400V 3ph,none,std,436,355,450,630,545,787.5,945,692.748,600.012,29.988,2.709,2.709,150,125,109.96,95.24,4.76,0.43,0.43,2,4,5000
31F6A39-3015,F6,31,9,air,push-through (IP20),none,400V 3ph,none,std,436,355,450,630,545,787.5,945,630,381.843,23.751,2.709,2.709,150,125,100.00,60.61,3.77,0.43,0.43,2,4,5000
31F6A39-3016,F6,31,9,water,push-through,integrated,400V 3ph,none,std,436,355,450,630,545,787.5,945,692.748,600.012,29.988,2.709,2.709,150,125,109.96,95.24,4.76,0.43,0.43,2,4,5000
31F6A39-3019,F6,31,9,water,panel,integrated,400V 3ph,none,std,436,355,450,630,545,787.5,945,692.748,600.012,29.988,2.709,2.709,150,125,109.96,95.24,4.76,0.43,0.43,2,4,5000
31F6A39-3B1A,F6,31,9,water,panel (high perf),integrated,400V 3ph,none,std,436,355,450,630,545,787.5,945,695.457,600.012,300.006,2.709,2.709,150,125,110.39,95.24,47.62,0.43,0.43,8,8,5000
31F6A39-3B1B,F6,31,9,water,push-through (high perf),integrated,400V 3ph,none,std,436,355,450,630,545,787.5,945,695.457,600.012,300.006,2.709,2.709,150,125,110.39,95.24,47.62,0.43,0.43,8,8,5000
31F6A39-3B1E,F6,31,9,water,panel (high perf),none,400V 3ph,none,std,436,355,450,630,545,787.5,945,695.457,600.012,300.006,2.709,2.709,150,125,110.39,95.24,47.62,0.43,0.43,8,8,5000
31F6A39-3B1G,F6,31,9,water,push-through (high perf),none,400V 3ph,none,std,436,355,450,630,545,787.5,945,695.457,600.012,300.006,2.709,2.709,150,125,110.39,95.24,47.62,0.43,0.43,8,8,5000
31F6A39-3C11,F6,31,9,air,panel,none,400V 3ph,none,std,436,355,450,630,545,667.8,787.5,630,409.122,270.018,2.709,2.709,125,106,100.00,64.94,42.86,0.43,0.43,6,8,5000
31F6A39-3C15,F6,31,9,air,push-through (IP20),none,400V 3ph,none,std,436,355,450,630,545,667.8,787.5,630,409.122,270.018,2.709,2.709,125,106,100.00,64.94,42.86,0.43,0.43,6,8,5000
31F6A39-4011,F6,31,9,air,panel,none,400V 3ph,none,none,436,355,450,630,545,787.5,945,630,381.843,23.751,2.709,2.709,150,125,100.00,60.61,3.77,0.43,0.43,2,4,5000
31F6A39-4012,F6,31,9,water,panel,none,400V 3ph,none,none,436,355,450,630,545,787.5,945,692.748,600.012,29.988,2.709,2.709,150,125,109.96,95.24,4.76,0.43,0.43,2,4,5000
31F6A39-4013,F6,31,9,air,push-through,none,400V 3ph,none,none,436,355,450,630,545,787.5,945,630,381.843,23.751,2.709,2.709,150,125,100.00,60.61,3.77,0.43,0.43,2,4,5000
31F6A39-4014,F6,31,9,water,push-through,none,400V 3ph,none,none,436,355,450,630,545,787.5,945,692.748,600.012,29.988,2.709,2.709,150,125,109.96,95.24,4.76,0.43,0.43,2,4,5000
31F6A39-4015,F6,31,9,air,push-through (IP20),none,400V 3ph,none,none,436,355,450,630,545,787.5,945,630,381.843,23.751,2.709,2.709,150,125,100.00,60.61,3.77,0.43,0.43,2,4,5000
31F6A39-4B1E,F6,31,9,water,panel (high perf),none,400V 3ph,none,none,436,355,450,630,545,787.5,945,695.457,600.012,300.006,2.709,2.709,150,125,110.39,95.24,47.62,0.43,0.43,8,8,5000
31F6A39-4B1G,F6,31,9,water,push-through (high perf),none,400V 3ph,none,none,436,355,450,630,545,787.5,945,695.457,600.012,300.006,2.709,2.709,150,125,110.39,95.24,47.62,0.43,0.43,8,8,5000
31F6A39-4C11,F6,31,9,air,panel,none,400V 3ph,none,none,436,355,450,630,545,667.8,787.5,630,409.122,270.018,2.709,2.709,125,106,100.00,64.94,42.86,0.43,0.43,6,8,5000
31F6A39-4C15,F6,31,9,air,push-through (IP20),none,400V 3ph,none,none,436,355,450,630,545,667.8,787.5,630,409.122,270.018,2.709,2.709,125,106,100.00,64.94,42.86,0.43,0.43,6,8,5000
31F6K19-3011,F6,31,9,air,panel,none,400V 3ph,none,std,436,355,450,630,545,787.5,945,630,381.843,23.751,2.709,2.709,150,125,100.00,60.61,3.77,0.43,0.43,2,4,5000
31F6K19-3012,F6,31,9,water,panel,none,400V 3ph,none,std,436,355,450,630,545,787.5,945,692.748,600.012,29.988,2.709,2.709,150,125,109.96,95.24,4.76,0.43,0.43,2,4,5000
31F6K19-3013,F6,31,9,air,push-through,none,400V 3ph,none,std,436,355,450,630,545,787.5,945,630,381.843,23.751,2.709,2.709,150,125,100.00,60.61,3.77,0.43,0.43,2,4,5000
31F6K19-3014,F6,31,9,water,push-through,none,400V 3ph,none,std,436,355,450,630,545,787.5,945,692.748,600.012,29.988,2.709,2.709,150,125,109.96,95.24,4.76,0.43,0.43,2,4,5000
31F6K19-3015,F6,31,9,air,push-through (IP20),none,400V 3ph,none,std,436,355,450,630,545,787.5,945,630,381.843,23.751,2.709,2.709,150,125,100.00,60.61,3.77,0.43,0.43,2,4,5000
31F6K19-3016,F6,31,9,water,push-through,integrated,400V 3ph,none,std,436,355,450,630,545,787.5,945,692.748,600.012,29.988,2.709,2.709,150,125,109.96,95.24,4.76,0.43,0.43,2,4,5000
31F6K19-3019,F6,31,9,water,panel,integrated,400V 3ph,none,std,436,355,450,630,545,787.5,945,692.748,600.012,29.988,2.709,2.709,150,125,109.96,95.24,4.76,0.43,0.43,2,4,5000
31F6K19-3021,F6,31,9,air,panel,none,400V 3ph,none,std,436,355,450,630,545,787.5,945,630,381.843,23.751,2.709,2.709,150,125,100.00,60.61,3.77,0.43,0.43,2,4,5000
31F6K19-3022,F6,31,9,water,panel,none,400V 3ph,none,std,436,355,450,630,545,787.5,945,692.748,600.012,29.988,2.709,2.709,150,125,109.96,95.24,4.76,0.43,0.43,2,4,5000
31F6K19-3023,F6,31,9,air,push-through,none,400V 3ph,none,std,436,355,450,630,545,787.5,945,630,381.843,23.751,2.709,2.709,150,125,100.00,60.61,3.77,0.43,0.43,2,4,5000
31F6K19-3024,F6,31,9,water,push-through,none,400V 3ph,none,std,436,355,450,630,545,787.5,945,692.748,600.012,29.988,2.709,2.709,150,125,109.96,95.24,4.76,0.43,0.43,2,4,5000
31F6K19-3025,F6,31,9,air,push-through (IP20),none,400V 3ph,none,std,436,355,450,630,545,787.5,945,630,381.843,23.751,2.709,2.709,150,125,100.00,60.61,3.77,0.43,0.43,2,4,5000
31F6K19-3026,F6,31,9,water,push-through,integrated,400V 3ph,none,std,436,355,450,630,545,787.5,945,692.748,600.012,29.988,2.709,2.709,150,125,109.96,95.24,4.76,0.43,0.43,2,4,5000
31F6K19-3029,F6,31,9,water,panel,integrated,400V 3ph,none,std,436,355,450,630,545,787.5,945,692.748,600.012,29.988,2.709,2.709,150,125,109.96,95.24,4.76,0.43,0.43,2,4,5000
31F6K19-4011,F6,31,9,air,panel,none,400V 3ph,none,none,436,355,450,630,545,787.5,945,630,381.843,23.751,2.709,2.709,150,125,100.00,60.61,3.77,0.43,0.43,2,4,5000
31F6K19-4012,F6,31,9,water,panel,none,400V 3ph,none,none,436,355,450,630,545,787.5,945,692.748,600.012,29.988,2.709,2.709,150,125,109.96,95.24,4.76,0.43,0.43,2,4,5000
31F6K19-4013,F6,31,9,air,push-through,none,400V 3ph,none,none,436,355,450,630,545,787.5,945,630,381.843,23.751,2.709,2.709,150,125,100.00,60.61,3.77,0.43,0.43,2,4,5000
31F6K19-4014,F6,31,9,water,push-through,none,400V 3ph,none,none,436,355,450,630,545,787.5,945,692.748,600.012,29.988,2.709,2.709,150,125,109.96,95.24,4.76,0.43,0.43,2,4,5000
31F6K19-4015,F6,31,9,air,push-through (IP20),none,400V 3ph,none,none,436,355,450,630,545,787.5,945,630,381.843,23.751,2.709,2.709,150,125,100.00,60.61,3.77,0.43,0.43,2,4,5000
31F6K19-4021,F6,31,9,air,panel,none,400V 3ph,none,none,436,355,450,630,545,787.5,945,630,381.843,23.751,2.709,2.709,150,125,100.00,60.61,3.77,0.43,0.43,2,4,5000
31F6K19-4022,F6,31,9,water,panel,none,400V 3ph,none,none,436,355,450,630,545,787.5,945,692.748,600.012,29.988,2.709,2.709,150,125,109.96,95.24,4.76,0.43,0.43,2,4,5000
31F6K19-4023,F6,31,9,air,push-through,none,400V 3ph,none,none,436,355,450,630,545,787.5,945,630,381.843,23.751,2.709,2.709,150,125,100.00,60.61,3.77,0.43,0.43,2,4,5000
31F6K19-4024,F6,31,9,water,push-through,none,400V 3ph,none,none,436,355,450,630,545,787.5,945,692.748,600.012,29.988,2.709,2.709,150,125,109.96,95.24,4.76,0.43,0.43,2,4,5000
31F6K19-4025,F6,31,9,air,push-through (IP20),none,400V 3ph,none,none,436,355,450,630,545,787.5,945,630,381.843,23.751,2.709,2.709,150,125,100.00,60.61,3.77,0.43,0.43,2,4,5000
31F6P59-3031,F6,31,9,air,panel,none,400V 3ph,none,std,436,355,450,630,545,787.5,945,630,381.843,23.751,2.709,2.709,150,125,100.00,60.61,3.77,0.43,0.43,2,4,5000
31F6P59-3032,F6,31,9,water,panel,none,400V 3ph,none,std,436,355,450,630,545,787.5,945,692.748,600.012,29.988,2.709,2.709,150,125,109.96,95.24,4.76,0.43,0.43,2,4,5000
31F6P59-3033,F6,31,9,air,push-through,none,400V 3ph,none,std,436,355,450,630,545,787.5,945,630,381.843,23.751,2.709,2.709,150,125,100.00,60.61,3.77,0.43,0.43,2,4,5000
31F6P59-3034,F6,31,9,water,push-through,none,400V 3ph,none,std,436,355,450,630,545,787.5,945,692.748,600.012,29.988,2.709,2.709,150,125,109.96,95.24,4.76,0.43,0.43,2,4,5000
31F6P59-3035,F6,31,9,air,push-through (IP20),none,400V 3ph,none,std,436,355,450,630,545,787.5,945,630,381.843,23.751,2.709,2.709,150,125,100.00,60.61,3.77,0.43,0.43,2,4,5000
31F6P59-3036,F6,31,9,water,push-through,integrated,400V 3ph,none,std,436,355,450,630,545,787.5,945,692.748,600.012,29.988,2.709,2.709,150,125,109.96,95.24,4.76,0.43,0.43,2,4,5000
31F6P59-3039,F6,31,9,water,panel,integrated,400V 3ph,none,std,436,355,450,630,545,787.5,945,692.748,600.012,29.988,2.709,2.709,150,125,109.96,95.24,4.76,0.43,0.43,2,4,5000
31F6P59-3041,F6,31,9,air,panel,none,400V 3ph,none,std,436,355,450,630,545,787.5,945,630,381.843,23.751,2.709,2.709,150,125,100.00,60.61,3.77,0.43,0.43,2,4,5000
31F6P59-3042,F6,31,9,water,panel,none,400V 3ph,none,std,436,355,450,630,545,787.5,945,692.748,600.012,29.988,2.709,2.709,150,125,109.96,95.24,4.76,0.43,0.43,2,4,5000
31F6P59-3043,F6,31,9,air,push-through,none,400V 3ph,none,std,436,355,450,630,545,787.5,945,630,381.843,23.751,2.709,2.709,150,125,100.00,60.61,3.77,0.43,0.43,2,4,5000
31F6P59-3044,F6,31,9,water,push-through,none,400V 3ph,none,std,436,355,450,630,545,787.5,945,692.748,600.012,29.988,2.709,2.709,150,125,109.96,95.24,4.76,0.43,0.43,2,4,5000
31F6P59-3045,F6,31,9,air,push-through (IP20),none,400V 3ph,none,std,436,355,450,630,545,787.5,945,630,381.843,23.751,2.709,2.709,150,125,100.00,60.61,3.77,0.43,0.43,2,4,5000
31F6P59-3046,F6,31,9,water,push-through,integrated,400V 3ph,none,std,436,355,450,630,545,787.5,945,692.748,600.012,29.988,2.709,2.709,150,125,109.96,95.24,4.76,0.43,0.43,2,4,5000
31F6P59-3049,F6,31,9,water,panel,integrated,400V 3ph,none,std,436,355,450,630,545,787.5,945,692.748,600.012,29.988,2.709,2.709,150,125,109.96,95.24,4.76,0.43,0.43,2,4,5000
31F6P59-3051,F6,31,9,air,panel,none,400V 3ph,none,std,436,355,450,630,545,787.5,945,630,381.843,23.751,2.709,2.709,150,125,100.00,60.61,3.77,0.43,0.43,2,4,5000
31F6P59-3052,F6,31,9,water,panel,none,400V 3ph,none,std,436,355,450,630,545,787.5,945,692.748,600.012,29.988,2.709,2.709,150,125,109.96,95.24,4.76,0.43,0.43,2,4,5000
31F6P59-3053,F6,31,9,air,push-through,none,400V 3ph,none,std,436,355,450,630,545,787.5,945,630,381.843,23.751,2.709,2.709,150,125,100.00,60.61,3.77,0.43,0.43,2,4,5000
31F6P59-3054,F6,31,9,water,push-through,none,400V 3ph,none,std,436,355,450,630,545,787.5,945,692.748,600.012,29.988,2.709,2.709,150,125,109.96,95.24,4.76,0.43,0.43,2,4,5000
31F6P59-3055,F6,31,9,air,push-through (IP20),none,400V 3ph,none,std,436,355,450,630,545,787.5,945,630,381.843,23.751,2.709,2.709,150,125,100.00,60.61,3.77,0.43,0.43,2,4,5000
31F6P59-3056,F6,31,9,water,push-through,integrated,400V 3ph,none,std,436,355,450,630,545,787.5,945,692.748,600.012,29.988,2.709,2.709,150,125,109.96,95.24,4.76,0.43,0.43,2,4,5000
31F6P59-3059,F6,31,9,water,panel,integrated,400V 3ph,none,std,436,355,450,630,545,787.5,945,692.748,600.012,29.988,2.709,2.709,150,125,109.96,95.24,4.76,0.43,0.43,2,4,5000
31F6P59-3B3A,F6,31,9,water,panel (high perf),integrated,400V 3ph,none,std,436,355,450,630,545,787.5,945,695.457,600.012,300.006,2.709,2.709,150,125,110.39,95.24,47.62,0.43,0.43,8,8,5000
31F6P59-3B3B,F6,31,9,water,push-through (high perf),integrated,400V 3ph,none,std,436,355,450,630,545,787.5,945,695.457,600.012,300.006,2.709,2.709,150,125,110.39,95.24,47.62,0.43,0.43,8,8,5000
31F6P59-3B3E,F6,31,9,water,panel (high perf),none,400V 3ph,none,std,436,355,450,630,545,787.5,945,695.457,600.012,300.006,2.709,2.709,150,125,110.39,95.24,47.62,0.43,0.43,8,8,5000
31F6P59-3B3G,F6,31,9,water,push-through (high perf),none,400V 3ph,none,std,436,355,450,630,545,787.5,945,695.457,600.012,300.006,2.709,2.709,150,125,110.39,95.24,47.62,0.43,0.43,8,8,5000
31F6P59-3B4A,F6,31,9,water,panel (high perf),integrated,400V 3ph,none,std,436,355,450,630,545,787.5,945,695.457,600.012,300.006,2.709,2.709,150,125,110.39,95.24,47.62,0.43,0.43,8,8,5000
31F6P59-3B4B,F6,31,9,water,push-through (high perf),integrated,400V 3ph,none,std,436,355,450,630,545,787.5,945,695.457,600.012,300.006,2.709,2.709,150,125,110.39,95.24,47.62,0.43,0.43,8,8,5000
31F6P59-3B4E,F6,31,9,water,panel (high perf),none,400V 3ph,none,std,436,355,450,630,545,787.5,945,695.457,600.012,300.006,2.709,2.709,150,125,110.39,95.24,47.62,0.43,0.43,8,8,5000
31F6P59-3B4G,F6,31,9,water,push-through (high perf),none,400V 3ph,none,std,436,355,450,630,545,787.5,945,695.457,600.012,300.006,2.709,2.709,150,125,110.39,95.24,47.62,0.43,0.43,8,8,5000
31F6P59-3B5A,F6,31,9,water,panel (high perf),integrated,400V 3ph,none,std,436,355,450,630,545,787.5,945,695.457,600.012,300.006,2.709,2.709,150,125,110.39,95.24,47.62,0.43,0.43,8,8,5000
31F6P59-3B5B,F6,31,9,water,push-through (high perf),integrated,400V 3ph,none,std,436,355,450,630,545,787.5,945,695.457,600.012,300.006,2.709,2.709,150,125,110.39,95.24,47.62,0.43,0.43,8,8,5000
31F6P59-3B5E,F6,31,9,water,panel (high perf),none,400V 3ph,none,std,395,355,450,570,495,712.5,855,627.285,572.736,299.991,2.736,2.736,150,125,110.05,100.48,52.63,0.48,0.48,8,8,5000
31F6P59-3B5G,F6,31,9,water,push-through (high perf),none,400V 3ph,none,std,436,355,450,630,545,787.5,945,695.457,600.012,300.006,2.709,2.709,150,125,110.39,95.24,47.62,0.43,0.43,8,8,5000
31F6P59-3C31,F6,31,9,air,panel,none,400V 3ph,none,std,436,355,450,630,545,667.8,787.5,630,409.122,270.018,2.709,2.709,125,106,100.00,64.94,42.86,0.43,0.43,6,8,5000
31F6P59-3C35,F6,31,9,air,push-through (IP20),none,400V 3ph,none,std,436,355,450,630,545,667.8,787.5,630,409.122,270.018,2.709,2.709,125,106,100.00,64.94,42.86,0.43,0.43,6,8,5000
31F6P59-3C41,F6,31,9,air,panel,none,400V 3ph,none,std,436,355,450,630,545,667.8,787.5,630,409.122,270.018,2.709,2.709,125,106,100.00,64.94,42.86,0.43,0.43,6,8,5000
31F6P59-3C45,F6,31,9,air,push-through (IP20),none,400V 3ph,none,std,436,355,450,630,545,667.8,787.5,630,409.122,270.018,2.709,2.709,125,106,100.00,64.94,42.86,0.43,0.43,6,8,5000
31F6P59-3C51,F6,31,9,air,panel,none,400V 3ph,none,std,436,355,450,630,545,667.8,787.5,630,409.122,270.018,2.709,2.709,125,106,100.00,64.94,42.86,0.43,0.43,6,8,5000
31F6P59-3C55,F6,31,9,air,push-through (IP20),none,400V 3ph,none,std,436,355,450,630,545,667.8,787.5,630,409.122,270.018,2.709,2.709,125,106,100.00,64.94,42.86,0.43,0.43,6,8,5000
31F6P59-4031,F6,31,9,air,panel,none,400V 3ph,none,none,436,355,450,630,545,787.5,945,630,381.843,23.751,2.709,2.709,150,125,100.00,60.61,3.77,0.43,0.43,2,4,5000
31F6P59-4032,F6,31,9,water,panel,none,400V 3ph,none,none,436,355,450,630,545,787.5,945,692.748,600.012,29.988,2.709,2.709,150,125,109.96,95.24,4.76,0.43,0.43,2,4,5000
31F6P59-4033,F6,31,9,air,push-through,none,400V 3ph,none,none,436,355,450,630,545,787.5,945,630,381.843,23.751,2.709,2.709,150,125,100.00,60.61,3.77,0.43,0.43,2,4,5000
31F6P59-4034,F6,31,9,water,push-through,none,400V 3ph,none,none,436,355,450,630,545,787.5,945,692.748,600.012,29.988,2.709,2.709,150,125,109.96,95.24,4.76,0.43,0.43,2,4,5000
31F6P59-4035,F6,31,9,air,push-through (IP20),none,400V 3ph,none,none,436,355,450,630,545,787.5,945,630,381.843,23.751,2.709,2.709,150,125,100.00,60.61,3.77,0.43,0.43,2,4,5000
31F6P59-4041,F6,31,9,air,panel,none,400V 3ph,none,none,436,355,450,630,545,787.5,945,630,381.843,23.751,2.709,2.709,150,125,100.00,60.61,3.77,0.43,0.43,2,4,5000
31F6P59-4042,F6,31,9,water,panel,none,400V 3ph,none,none,436,355,450,630,545,787.5,945,692.748,600.012,29.988,2.709,2.709,150,125,109.96,95.24,4.76,0.43,0.43,2,4,5000
31F6P59-4043,F6,31,9,air,push-through,none,400V 3ph,none,none,436,355,450,630,545,787.5,945,630,381.843,23.751,2.709,2.709,150,125,100.00,60.61,3.77,0.43,0.43,2,4,5000
31F6P59-4044,F6,31,9,water,push-through,none,400V 3ph,none,none,436,355,450,630,545,787.5,945,692.748,600.012,29.988,2.709,2.709,150,125,109.96,95.24,4.76,0.43,0.43,2,4,5000
31F6P59-4045,F6,31,9,air,push-through (IP20),none,400V 3ph,none,none,436,355,450,630,545,787.5,945,630,381.843,23.751,2.709,2.709,150,125,100.00,60.61,3.77,0.43,0.43,2,4,5000
31F6P59-4051,F6,31,9,air,panel,none,400V 3ph,none,none,436,355,450,630,545,787.5,945,630,381.843,23.751,2.709,2.709,150,125,100.00,60.61,3.77,0.43,0.43,2,4,5000
31F6P59-4052,F6,31,9,water,panel,none,400V 3ph,none,none,436,355,450,630,545,787.5,945,692.748,600.012,29.988,2.709,2.709,150,125,109.96,95.24,4.76,0.43,0.43,2,4,5000
31F6P59-4053,F6,31,9,air,push-through,none,400V 3ph,none,none,436,355,450,630,545,787.5,945,630,381.843,23.751,2.709,2.709,150,125,100.00,60.61,3.77,0.43,0.43,2,4,5000
31F6P59-4054,F6,31,9,water,push-through,none,400V 3ph,none,none,436,355,450,630,545,787.5,945,692.748,600.012,29.988,2.709,2.709,150,125,109.96,95.24,4.76,0.43,0.43,2,4,5000
31F6P59-4055,F6,31,9,air,push-through (IP20),none,400V 3ph,none,none,436,355,450,630,545,787.5,945,630,381.843,23.751,2.709,2.709,150,125,100.00,60.61,3.77,0.43,0.43,2,4,5000
31F6P59-4B3E,F6,31,9,water,panel (high perf),none,400V 3ph,none,none,436,355,450,630,545,787.5,945,695.457,600.012,300.006,2.709,2.709,150,125,110.39,95.24,47.62,0.43,0.43,8,8,5000
31F6P59-4B3G,F6,31,9,water,push-through (high perf),none,400V 3ph,none,none,436,355,450,630,545,787.5,945,695.457,600.012,300.006,2.709,2.709,150,125,110.39,95.24,47.62,0.43,0.43,8,8,5000
31F6P59-4B4E,F6,31,9,water,panel (high perf),none,400V 3ph,none,none,436,355,450,630,545,787.5,945,695.457,600.012,300.006,2.709,2.709,150,125,110.39,95.24,47.62,0.43,0.43,8,8,5000
31F6P59-4B4G,F6,31,9,water,push-through (high perf),none,400V 3ph,none,none,436,355,450,630,545,787.5,945,695.457,600.012,300.006,2.709,2.709,150,125,110.39,95.24,47.62,0.43,0.43,8,8,5000
31F6P59-4B5E,F6,31,9,water,panel (high perf),none,400V 3ph,none,none,436,355,450,630,545,787.5,945,695.457,600.012,300.006,2.709,2.709,150,125,110.39,95.24,47.62,0.43,0.43,8,8,5000
31F6P59-4B5G,F6,31,9,water,push-through (high perf),none,400V 3ph,none,none,436,355,450,630,545,787.5,945,695.457,600.012,300.006,2.709,2.709,150,125,110.39,95.24,47.62,0.43,0.43,8,8,5000
31F6P59-4C31,F6,31,9,air,panel,none,400V 3ph,none,none,436,355,450,630,545,667.8,787.5,630,409.122,270.018,2.709,2.709,125,106,100.00,64.94,42.86,0.43,0.43,6,8,5000
31F6P59-4C35,F6,31,9,air,push-through (IP20),none,400V 3ph,none,none,436,355,450,630,545,667.8,787.5,630,409.122,270.018,2.709,2.709,125,106,100.00,64.94,42.86,0.43,0.43,6,8,5000
31F6P59-4C41,F6,31,9,air,panel,none,400V 3ph,none,none,436,355,450,630,545,667.8,787.5,630,409.122,270.018,2.709,2.709,125,106,100.00,64.94,42.86,0.43,0.43,6,8,5000
31F6P59-4C45,F6,31,9,air,push-through (IP20),none,400V 3ph,none,none,436,355,450,630,545,667.8,787.5,630,409.122,270.018,2.709,2.709,125,106,100.00,64.94,42.86,0.43,0.43,6,8,5000
31F6P59-4C51,F6,31,9,air,panel,none,400V 3ph,none,none,436,355,450,630,545,667.8,787.5,630,409.122,270.018,2.709,2.709,125,106,100.00,64.94,42.86,0.43,0.43,6,8,5000
31F6P59-4C55,F6,31,9,air,push-through (IP20),none,400V 3ph,none,none,436,355,450,630,545,667.8,787.5,630,409.122,270.018,2.709,2.709,125,106,100.00,64.94,42.86,0.43,0.43,6,8,5000
32F6A19-3011,F6,32,9,air,panel,none,400V 3ph,none,std,492,400,500,710,615,887.5,1065,629.983,381.838,23.714,2.698,2.698,150,125,88.73,53.78,3.34,0.38,0.38,2,4,5000
32F6A19-3012,F6,32,9,water,panel,none,400V 3ph,none,std,492,400,500,710,615,887.5,1065,747.275,600.021,23.714,2.698,2.698,150,125,105.25,84.51,3.34,0.38,0.38,2,4,5000
32F6A19-3013,F6,32,9,air,push-through,none,400V 3ph,none,std,492,400,500,710,615,887.5,1065,629.983,381.838,23.714,2.698,2.698,150,125,88.73,53.78,3.34,0.38,0.38,2,4,5000
32F6A19-3014,F6,32,9,water,push-through,none,400V 3ph,none,std,492,400,500,710,615,887.5,1065,747.275,600.021,23.714,2.698,2.698,150,125,105.25,84.51,3.34,0.38,0.38,2,4,5000
32F6A19-3015,F6,32,9,air,push-through (IP20),none,400V 3ph,none,std,492,400,500,710,615,887.5,1065,629.983,381.838,23.714,2.698,2.698,150,125,88.73,53.78,3.34,0.38,0.38,2,4,5000
32F6A19-3016,F6,32,9,water,push-through,integrated,400V 3ph,none,std,492,400,500,710,615,887.5,1065,747.275,600.021,23.714,2.698,2.698,150,125,105.25,84.51,3.34,0.38,0.38,2,4,5000
32F6A19-3019,F6,32,9,water,panel,integrated,400V 3ph,none,std,492,400,500,710,615,887.5,1065,747.275,600.021,23.714,2.698,2.698,150,125,105.25,84.51,3.34,0.38,0.38,2,4,5000
32F6A19-3B1A,F6,32,9,water,panel (high perf),integrated,400V 3ph,none,std,492,400,500,710,615,887.5,1065,747.275,600.021,299.975,2.698,2.698,150,125,105.25,84.51,42.25,0.38,0.38,8,8,5000
32F6A19-3B1B,F6,32,9,water,push-through (high perf),integrated,400V 3ph,none,std,492,400,500,710,615,887.5,1065,747.275,600.021,299.975,2.698,2.698,150,125,105.25,84.51,42.25,0.38,0.38,8,8,5000
32F6A19-3B1E,F6,32,9,water,panel (high perf),none,400V 3ph,none,std,492,400,500,710,615,887.5,1065,747.275,600.021,299.975,2.698,2.698,150,125,105.25,84.51,42.25,0.38,0.38,8,8,5000
32F6A19-3B1G,F6,32,9,water,push-through (high perf),none,400V 3ph,none,std,492,400,500,710,615,887.5,1065,747.275,600.021,299.975,2.698,2.698,150,125,105.25,84.51,42.25,0.38,0.38,8,8,5000
32F6A19-4011,F6,32,9,air,panel,none,400V 3ph,none,none,492,400,500,710,615,887.5,1065,629.983,381.838,23.714,2.698,2.698,150,125,88.73,53.78,3.34,0.38,0.38,2,4,5000
32F6A19-4012,F6,32,9,water,panel,none,400V 3ph,none,none,492,400,500,710,615,887.5,1065,747.275,600.021,23.714,2.698,2.698,150,125,105.25,84.51,3.34,0.38,0.38,2,4,5000
32F6A19-4013,F6,32,9,air,push-through,none,400V 3ph,none,none,492,400,500,710,615,887.5,1065,629.983,381.838,23.714,2.698,2.698,150,125,88.73,53.78,3.34,0.38,0.38,2,4,5000
32F6A19-4014,F6,32,9,water,push-through,none,400V 3ph,none,none,492,400,500,710,615,887.5,1065,747.275,600.021,23.714,2.698,2.698,150,125,105.25,84.51,3.34,0.38,0.38,2,4,5000
32F6A19-4015,F6,32,9,air,push-through (IP20),none,400V 3ph,none,none,492,400,500,710,615,887.5,1065,629.983,381.838,23.714,2.698,2.698,150,125,88.73,53.78,3.34,0.38,0.38,2,4,5000
32F6A19-4B1E,F6,32,9,water,panel (high perf),none,400V 3ph,none,none,492,400,500,710,615,887.5,1065,747.275,600.021,299.975,2.698,2.698,150,125,105.25,84.51,42.25,0.38,0.38,8,8,5000
32F6A19-4B1G,F6,32,9,water,push-through (high perf),none,400V 3ph,none,none,492,400,500,710,615,887.5,1065,747.275,600.021,299.975,2.698,2.698,150,125,105.25,84.51,42.25,0.38,0.38,8,8,5000
32F6A39-3011,F6,32,9,air,panel,none,400V 3ph,none,std,492,400,500,710,615,887.5,1065,629.983,381.838,23.714,2.698,2.698,150,125,88.73,53.78,3.34,0.38,0.38,2,4,5000
32F6A39-3012,F6,32,9,water,panel,none,400V 3ph,none,std,492,400,500,710,615,887.5,1065,747.275,600.021,23.714,2.698,2.698,150,125,105.25,84.51,3.34,0.38,0.38,2,4,5000
32F6A39-3013,F6,32,9,air,push-through,none,400V 3ph,none,std,492,400,500,710,615,887.5,1065,629.983,381.838,23.714,2.698,2.698,150,125,88.73,53.78,3.34,0.38,0.38,2,4,5000
32F6A39-3014,F6,32,9,water,push-through,none,400V 3ph,none,std,492,400,500,710,615,887.5,1065,747.275,600.021,23.714,2.698,2.698,150,125,105.25,84.51,3.34,0.38,0.38,2,4,5000
32F6A39-3015,F6,32,9,air,push-through (IP20),none,400V 3ph,none,std,492,400,500,710,615,887.5,1065,629.983,381.838,23.714,2.698,2.698,150,125,88.73,53.78,3.34,0.38,0.38,2,4,5000
32F6A39-3016,F6,32,9,water,push-through,integrated,400V 3ph,none,std,492,400,500,710,615,887.5,1065,747.275,600.021,23.714,2.698,2.698,150,125,105.25,84.51,3.34,0.38,0.38,2,4,5000
32F6A39-3019,F6,32,9,water,panel,integrated,400V 3ph,none,std,492,400,500,710,615,887.5,1065,747.275,600.021,23.714,2.698,2.698,150,125,105.25,84.51,3.34,0.38,0.38,2,4,5000
32F6A39-3B1A,F6,32,9,water,panel (high perf),integrated,400V 3ph,none,std,492,400,500,710,615,887.5,1065,747.275,600.021,299.975,2.698,2.698,150,125,105.25,84.51,42.25,0.38,0.38,8,8,5000
32F6A39-3B1B,F6,32,9,water,push-through (high perf),integrated,400V 3ph,none,std,492,400,500,710,615,887.5,1065,747.275,600.021,299.975,2.698,2.698,150,125,105.25,84.51,42.25,0.38,0.38,8,8,5000
32F6A39-3B1E,F6,32,9,water,panel (high perf),none,400V 3ph,none,std,492,400,500,710,615,887.5,1065,747.275,600.021,299.975,2.698,2.698,150,125,105.25,84.51,42.25,0.38,0.38,8,8,5000
32F6A39-3B1G,F6,32,9,water,push-through (high perf),none,400V 3ph,none,std,492,400,500,710,615,887.5,1065,747.275,600.021,299.975,2.698,2.698,150,125,105.25,84.51,42.25,0.38,0.38,8,8,5000
32F6A39-4011,F6,32,9,air,panel,none,400V 3ph,none,none,492,400,500,710,615,887.5,1065,629.983,381.838,23.714,2.698,2.698,150,125,88.73,53.78,3.34,0.38,0.38,2,4,5000
32F6A39-4012,F6,32,9,water,panel,none,400V 3ph,none,none,492,400,500,710,615,887.5,1065,747.275,600.021,23.714,2.698,2.698,150,125,105.25,84.51,3.34,0.38,0.38,2,4,5000
32F6A39-4013,F6,32,9,air,push-through,none,400V 3ph,none,none,492,400,500,710,615,887.5,1065,629.983,381.838,23.714,2.698,2.698,150,125,88.73,53.78,3.34,0.38,0.38,2,4,5000
32F6A39-4014,F6,32,9,water,push-through,none,400V 3ph,none,none,492,400,500,710,615,887.5,1065,747.275,600.021,23.714,2.698,2.698,150,125,105.25,84.51,3.34,0.38,0.38,2,4,5000
32F6A39-4015,F6,32,9,air,push-through (IP20),none,400V 3ph,none,none,492,400,500,710,615,887.5,1065,629.983,381.838,23.714,2.698,2.698,150,125,88.73,53.78,3.34,0.38,0.38,2,4,5000
32F6A39-4B1E,F6,32,9,water,panel (high perf),none,400V 3ph,none,none,492,400,500,710,615,887.5,1065,747.275,600.021,299.975,2.698,2.698,150,125,105.25,84.51,42.25,0.38,0.38,8,8,5000
32F6A39-4B1G,F6,32,9,water,push-through (high perf),none,400V 3ph,none,none,492,400,500,710,615,887.5,1065,747.275,600.021,299.975,2.698,2.698,150,125,105.25,84.51,42.25,0.38,0.38,8,8,5000
32F6K19-3011,F6,32,9,air,panel,none,400V 3ph,none,std,492,400,500,710,615,887.5,1065,629.983,381.838,23.714,2.698,2.698,150,125,88.73,53.78,3.34,0.38,0.38,2,4,5000
32F6K19-3012,F6,32,9,water,panel,none,400V 3ph,none,std,492,400,500,710,615,887.5,1065,747.275,600.021,23.714,2.698,2.698,150,125,105.25,84.51,3.34,0.38,0.38,2,4,5000
32F6K19-3013,F6,32,9,air,push-through,none,400V 3ph,none,std,492,400,500,710,615,887.5,1065,629.983,381.838,23.714,2.698,2.698,150,125,88.73,53.78,3.34,0.38,0.38,2,4,5000
32F6K19-3014,F6,32,9,water,push-through,none,400V 3ph,none,std,492,400,500,710,615,887.5,1065,747.275,600.021,23.714,2.698,2.698,150,125,105.25,84.51,3.34,0.38,0.38,2,4,5000
32F6K19-3015,F6,32,9,air,push-through (IP20),none,400V 3ph,none,std,492,400,500,710,615,887.5,1065,629.983,381.838,23.714,2.698,2.698,150,125,88.73,53.78,3.34,0.38,0.38,2,4,5000
32F6K19-3016,F6,32,9,water,push-through,integrated,400V 3ph,none,std,492,400,500,710,615,887.5,1065,747.275,600.021,23.714,2.698,2.698,150,125,105.25,84.51,3.34,0.38,0.38,2,4,5000
32F6K19-3019,F6,32,9,water,panel,integrated,400V 3ph,none,std,492,400,500,710,615,887.5,1065,747.275,600.021,23.714,2.698,2.698,150,125,105.25,84.51,3.34,0.38,0.38,2,4,5000
32F6K19-3021,F6,32,9,air,panel,none,400V 3ph,none,std,492,400,500,710,615,887.5,1065,629.983,381.838,23.714,2.698,2.698,150,125,88.73,53.78,3.34,0.38,0.38,2,4,5000
32F6K19-3022,F6,32,9,water,panel,none,400V 3ph,none,std,492,400,500,710,615,887.5,1065,747.275,600.021,23.714,2.698,2.698,150,125,105.25,84.51,3.34,0.38,0.38,2,4,5000
32F6K19-3023,F6,32,9,air,push-through,none,400V 3ph,none,std,492,400,500,710,615,887.5,1065,629.983,381.838,23.714,2.698,2.698,150,125,88.73,53.78,3.34,0.38,0.38,2,4,5000
32F6K19-3024,F6,32,9,water,push-through,none,400V 3ph,none,std,492,400,500,710,615,887.5,1065,747.275,600.021,23.714,2.698,2.698,150,125,105.25,84.51,3.34,0.38,0.38,2,4,5000
32F6K19-3025,F6,32,9,air,push-through (IP20),none,400V 3ph,none,std,492,400,500,710,615,887.5,1065,629.983,381.838,23.714,2.698,2.698,150,125,88.73,53.78,3.34,0.38,0.38,2,4,5000
32F6K19-3026,F6,32,9,water,push-through,integrated,400V 3ph,none,std,492,400,500,710,615,887.5,1065,747.275,600.021,23.714,2.698,2.698,150,125,105.25,84.51,3.34,0.38,0.38,2,4,5000
32F6K19-3029,F6,32,9,water,panel,integrated,400V 3ph,none,std,492,400,500,710,615,887.5,1065,747.275,600.021,23.714,2.698,2.698,150,125,105.25,84.51,3.34,0.38,0.38,2,4,5000
32F6K19-4011,F6,32,9,air,panel,none,400V 3ph,none,none,492,400,500,710,615,887.5,1065,629.983,381.838,23.714,2.698,2.698,150,125,88.73,53.78,3.34,0.38,0.38,2,4,5000
32F6K19-4012,F6,32,9,water,panel,none,400V 3ph,none,none,492,400,500,710,615,887.5,1065,747.275,600.021,23.714,2.698,2.698,150,125,105.25,84.51,3.34,0.38,0.38,2,4,5000
32F6K19-4013,F6,32,9,air,push-through,none,400V 3ph,none,none,492,400,500,710,615,887.5,1065,629.983,381.838,23.714,2.698,2.698,150,125,88.73,53.78,3.34,0.38,0.38,2,4,5000
32F6K19-4014,F6,32,9,water,push-through,none,400V 3ph,none,none,492,400,500,710,615,887.5,1065,747.275,600.021,23.714,2.698,2.698,150,125,105.25,84.51,3.34,0.38,0.38,2,4,5000
32F6K19-4015,F6,32,9,air,push-through (IP20),none,400V 3ph,none,none,492,400,500,710,615,887.5,1065,629.983,381.838,23.714,2.698,2.698,150,125,88.73,53.78,3.34,0.38,0.38,2,4,5000
32F6K19-4021,F6,32,9,air,panel,none,400V 3ph,none,none,492,400,500,710,615,887.5,1065,629.983,381.838,23.714,2.698,2.698,150,125,88.73,53.78,3.34,0.38,0.38,2,4,5000
32F6K19-4022,F6,32,9,water,panel,none,400V 3ph,none,none,492,400,500,710,615,887.5,1065,747.275,600.021,23.714,2.698,2.698,150,125,105.25,84.51,3.34,0.38,0.38,2,4,5000
32F6K19-4023,F6,32,9,air,push-through,none,400V 3ph,none,none,492,400,500,710,615,887.5,1065,629.983,381.838,23.714,2.698,2.698,150,125,88.73,53.78,3.34,0.38,0.38,2,4,5000
32F6K19-4024,F6,32,9,water,push-through,none,400V 3ph,none,none,492,400,500,710,615,887.5,1065,747.275,600.021,23.714,2.698,2.698,150,125,105.25,84.51,3.34,0.38,0.38,2,4,5000
32F6K19-4025,F6,32,9,air,push-through (IP20),none,400V 3ph,none,none,492,400,500,710,615,887.5,1065,629.983,381.838,23.714,2.698,2.698,150,125,88.73,53.78,3.34,0.38,0.38,2,4,5000
32F6P59-3031,F6,32,9,air,panel,none,400V 3ph,none,std,492,400,500,710,615,887.5,1065,629.983,381.838,23.714,2.698,2.698,150,125,88.73,53.78,3.34,0.38,0.38,2,4,5000
32F6P59-3032,F6,32,9,water,panel,none,400V 3ph,none,std,492,400,500,710,615,887.5,1065,747.275,600.021,23.714,2.698,2.698,150,125,105.25,84.51,3.34,0.38,0.38,2,4,5000
32F6P59-3033,F6,32,9,air,push-through,none,400V 3ph,none,std,492,400,500,710,615,887.5,1065,629.983,381.838,23.714,2.698,2.698,150,125,88.73,53.78,3.34,0.38,0.38,2,4,5000
32F6P59-3034,F6,32,9,water,push-through,none,400V 3ph,none,std,492,400,500,710,615,887.5,1065,747.275,600.021,23.714,2.698,2.698,150,125,105.25,84.51,3.34,0.38,0.38,2,4,5000
32F6P59-3035,F6,32,9,air,push-through (IP20),none,400V 3ph,none,std,492,400,500,710,615,887.5,1065,629.983,381.838,23.714,2.698,2.698,150,125,88.73,53.78,3.34,0.38,0.38,2,4,5000
32F6P59-3036,F6,32,9,water,push-through,integrated,400V 3ph,none,std,492,400,500,710,615,887.5,1065,747.275,600.021,23.714,2.698,2.698,150,125,105.25,84.51,3.34,0.38,0.38,2,4,5000
32F6P59-3039,F6,32,9,water,panel,integrated,400V 3ph,none,std,492,400,500,710,615,887.5,1065,747.275,600.021,23.714,2.698,2.698,150,125,105.25,84.51,3.34,0.38,0.38,2,4,5000
32F6P59-3041,F6,32,9,air,panel,none,400V 3ph,none,std,492,400,500,710,615,887.5,1065,629.983,381.838,23.714,2.698,2.698,150,125,88.73,53.78,3.34,0.38,0.38,2,4,5000
32F6P59-3042,F6,32,9,water,panel,none,400V 3ph,none,std,492,400,500,710,615,887.5,1065,747.275,600.021,23.714,2.698,2.698,150,125,105.25,84.51,3.34,0.38,0.38,2,4,5000
32F6P59-3043,F6,32,9,air,push-through,none,400V 3ph,none,std,492,400,500,710,615,887.5,1065,629.983,381.838,23.714,2.698,2.698,150,125,88.73,53.78,3.34,0.38,0.38,2,4,5000
32F6P59-3044,F6,32,9,water,push-through,none,400V 3ph,none,std,492,400,500,710,615,887.5,1065,747.275,600.021,23.714,2.698,2.698,150,125,105.25,84.51,3.34,0.38,0.38,2,4,5000
32F6P59-3045,F6,32,9,air,push-through (IP20),none,400V 3ph,none,std,492,400,500,710,615,887.5,1065,629.983,381.838,23.714,2.698,2.698,150,125,88.73,53.78,3.34,0.38,0.38,2,4,5000
32F6P59-3046,F6,32,9,water,push-through,integrated,400V 3ph,none,std,492,400,500,710,615,887.5,1065,747.275,600.021,23.714,2.698,2.698,150,125,105.25,84.51,3.34,0.38,0.38,2,4,5000
32F6P59-3049,F6,32,9,water,panel,integrated,400V 3ph,none,std,492,400,500,710,615,887.5,1065,747.275,600.021,23.714,2.698,2.698,150,125,105.25,84.51,3.34,0.38,0.38,2,4,5000
32F6P59-3051,F6,32,9,air,panel,none,400V 3ph,none,std,492,400,500,710,615,887.5,1065,629.983,381.838,23.714,2.698,2.698,150,125,88.73,53.78,3.34,0.38,0.38,2,4,5000
32F6P59-3052,F6,32,9,water,panel,none,400V 3ph,none,std,492,400,500,710,615,887.5,1065,747.275,600.021,23.714,2.698,2.698,150,125,105.25,84.51,3.34,0.38,0.38,2,4,5000
32F6P59-3053,F6,32,9,air,push-through,none,400V 3ph,none,std,492,400,500,710,615,887.5,1065,629.983,381.838,23.714,2.698,2.698,150,125,88.73,53.78,3.34,0.38,0.38,2,4,5000
32F6P59-3054,F6,32,9,water,push-through,none,400V 3ph,none,std,492,400,500,710,615,887.5,1065,747.275,600.021,23.714,2.698,2.698,150,125,105.25,84.51,3.34,0.38,0.38,2,4,5000
32F6P59-3055,F6,32,9,air,push-through (IP20),none,400V 3ph,none,std,492,400,500,710,615,887.5,1065,629.983,381.838,23.714,2.698,2.698,150,125,88.73,53.78,3.34,0.38,0.38,2,4,5000
32F6P59-3056,F6,32,9,water,push-through,integrated,400V 3ph,none,std,492,400,500,710,615,887.5,1065,747.275,600.021,23.714,2.698,2.698,150,125,105.25,84.51,3.34,0.38,0.38,2,4,5000
32F6P59-3059,F6,32,9,water,panel,integrated,400V 3ph,none,std,492,400,500,710,615,887.5,1065,747.275,600.021,23.714,2.698,2.698,150,125,105.25,84.51,3.34,0.38,0.38,2,4,5000
32F6P59-3B3A,F6,32,9,water,panel (high perf),integrated,400V 3ph,none,std,492,400,500,710,615,887.5,1065,747.275,600.021,299.975,2.698,2.698,150,125,105.25,84.51,42.25,0.38,0.38,8,8,5000
32F6P59-3B3B,F6,32,9,water,push-through (high perf),integrated,400V 3ph,none,std,492,400,500,710,615,887.5,1065,747.275,600.021,299.975,2.698,2.698,150,125,105.25,84.51,42.25,0.38,0.38,8,8,5000
32F6P59-3B3E,F6,32,9,water,panel (high perf),none,400V 3ph,none,std,492,400,500,710,615,887.5,1065,747.275,600.021,299.975,2.698,2.698,150,125,105.25,84.51,42.25,0.38,0.38,8,8,5000
32F6P59-3B3G,F6,32,9,water,push-through (high perf),none,400V 3ph,none,std,492,400,500,710,615,887.5,1065,747.275,600.021,299.975,2.698,2.698,150,125,105.25,84.51,42.25,0.38,0.38,8,8,5000
32F6P59-3B4A,F6,32,9,water,panel (high perf),integrated,400V 3ph,none,std,492,400,500,710,615,887.5,1065,747.275,600.021,299.975,2.698,2.698,150,125,105.25,84.51,42.25,0.38,0.38,8,8,5000
32F6P59-3B4B,F6,32,9,water,push-through (high perf),integrated,400V 3ph,none,std,492,400,500,710,615,887.5,1065,747.275,600.021,299.975,2.698,2.698,150,125,105.25,84.51,42.25,0.38,0.38,8,8,5000
32F6P59-3B4E,F6,32,9,water,panel (high perf),none,400V 3ph,none,std,492,400,500,710,615,887.5,1065,747.275,600.021,299.975,2.698,2.698,150,125,105.25,84.51,42.25,0.38,0.38,8,8,5000
32F6P59-3B4G,F6,32,9,water,push-through (high perf),none,400V 3ph,none,std,492,400,500,710,615,887.5,1065,747.275,600.021,299.975,2.698,2.698,150,125,105.25,84.51,42.25,0.38,0.38,8,8,5000
32F6P59-3B5A,F6,32,9,water,panel (high perf),integrated,400V 3ph,none,std,492,400,500,710,615,887.5,1065,747.275,600.021,299.975,2.698,2.698,150,125,105.25,84.51,42.25,0.38,0.38,8,8,5000
32F6P59-3B5B,F6,32,9,water,push-through (high perf),integrated,400V 3ph,none,std,492,400,500,710,615,887.5,1065,747.275,600.021,299.975,2.698,2.698,150,125,105.25,84.51,42.25,0.38,0.38,8,8,5000
32F6P59-3B5E,F6,32,9,water,panel (high perf),none,400V 3ph,none,std,492,400,500,710,615,887.5,1065,747.275,600.021,299.975,2.698,2.698,150,125,105.25,84.51,42.25,0.38,0.38,8,8,5000
32F6P59-3B5G,F6,32,9,water,push-through (high perf),none,400V 3ph,none,std,492,400,500,710,615,887.5,1065,747.275,600.021,299.975,2.698,2.698,150,125,105.25,84.51,42.25,0.38,0.38,8,8,5000
32F6P59-4031,F6,32,9,air,panel,none,400V 3ph,none,none,492,400,500,710,615,887.5,1065,629.983,381.838,23.714,2.698,2.698,150,125,88.73,53.78,3.34,0.38,0.38,2,4,5000
32F6P59-4032,F6,32,9,water,panel,none,400V 3ph,none,none,492,400,500,710,615,887.5,1065,747.275,600.021,23.714,2.698,2.698,150,125,105.25,84.51,3.34,0.38,0.38,2,4,5000
32F6P59-4033,F6,32,9,air,push-through,none,400V 3ph,none,none,492,400,500,710,615,887.5,1065,629.983,381.838,23.714,2.698,2.698,150,125,88.73,53.78,3.34,0.38,0.38,2,4,5000
32F6P59-4034,F6,32,9,water,push-through,none,400V 3ph,none,none,492,400,500,710,615,887.5,1065,747.275,600.021,23.714,2.698,2.698,150,125,105.25,84.51,3.34,0.38,0.38,2,4,5000
32F6P59-4035,F6,32,9,air,push-through (IP20),none,400V 3ph,none,none,492,400,500,710,615,887.5,1065,629.983,381.838,23.714,2.698,2.698,150,125,88.73,53.78,3.34,0.38,0.38,2,4,5000
32F6P59-4041,F6,32,9,air,panel,none,400V 3ph,none,none,492,400,500,710,615,887.5,1065,629.983,381.838,23.714,2.698,2.698,150,125,88.73,53.78,3.34,0.38,0.38,2,4,5000
32F6P59-4042,F6,32,9,water,panel,none,400V 3ph,none,none,492,400,500,710,615,887.5,1065,747.275,600.021,23.714,2.698,2.698,150,125,105.25,84.51,3.34,0.38,0.38,2,4,5000
32F6P59-4043,F6,32,9,air,push-through,none,400V 3ph,none,none,492,400,500,710,615,887.5,1065,629.983,381.838,23.714,2.698,2.698,150,125,88.73,53.78,3.34,0.38,0.38,2,4,5000
32F6P59-4044,F6,32,9,water,push-through,none,400V 3ph,none,none,492,400,500,710,615,887.5,1065,747.275,600.021,23.714,2.698,2.698,150,125,105.25,84.51,3.34,0.38,0.38,2,4,5000
32F6P59-4045,F6,32,9,air,push-through (IP20),none,400V 3ph,none,none,492,400,500,710,615,887.5,1065,629.983,381.838,23.714,2.698,2.698,150,125,88.73,53.78,3.34,0.38,0.38,2,4,5000
32F6P59-4051,F6,32,9,air,panel,none,400V 3ph,none,none,492,400,500,710,615,887.5,1065,629.983,381.838,23.714,2.698,2.698,150,125,88.73,53.78,3.34,0.38,0.38,2,4,5000
32F6P59-4052,F6,32,9,water,panel,none,400V 3ph,none,none,492,400,500,710,615,887.5,1065,747.275,600.021,23.714,2.698,2.698,150,125,105.25,84.51,3.34,0.38,0.38,2,4,5000
32F6P59-4053,F6,32,9,air,push-through,none,400V 3ph,none,none,492,400,500,710,615,887.5,1065,629.983,381.838,23.714,2.698,2.698,150,125,88.73,53.78,3.34,0.38,0.38,2,4,5000
32F6P59-4054,F6,32,9,water,push-through,none,400V 3ph,none,none,492,400,500,710,615,887.5,1065,747.275,600.021,23.714,2.698,2.698,150,125,105.25,84.51,3.34,0.38,0.38,2,4,5000
32F6P59-4055,F6,32,9,air,push-through (IP20),none,400V 3ph,none,none,492,400,500,710,615,887.5,1065,629.983,381.838,23.714,2.698,2.698,150,125,88.73,53.78,3.34,0.38,0.38,2,4,5000
32F6P59-4B3E,F6,32,9,water,panel (high perf),none,400V 3ph,none,none,492,400,500,710,615,887.5,1065,747.275,600.021,299.975,2.698,2.698,150,125,105.25,84.51,42.25,0.38,0.38,8,8,5000
32F6P59-4B3G,F6,32,9,water,push-through (high perf),none,400V 3ph,none,none,492,400,500,710,615,887.5,1065,747.275,600.021,299.975,2.698,2.698,150,125,105.25,84.51,42.25,0.38,0.38,8,8,5000
32F6P59-4B4E,F6,32,9,water,panel (high perf),none,400V 3ph,none,none,492,400,500,710,615,887.5,1065,747.275,600.021,299.975,2.698,2.698,150,125,105.25,84.51,42.25,0.38,0.38,8,8,5000
32F6P59-4B4G,F6,32,9,water,push-through (high perf),none,400V 3ph,none,none,492,400,500,710,615,887.5,1065,747.275,600.021,299.975,2.698,2.698,150,125,105.25,84.51,42.25,0.38,0.38,8,8,5000
32F6P59-4B5E,F6,32,9,water,panel (high perf),none,400V 3ph,none,none,492,400,500,710,615,887.5,1065,747.275,600.021,299.975,2.698,2.698,150,125,105.25,84.51,42.25,0.38,0.38,8,8,5000
32F6P59-4B5G,F6,32,9,water,push-through (high perf),none,400V 3ph,none,none,492,400,500,710,615,887.5,1065,747.275,600.021,299.975,2.698,2.698,150,125,105.25,84.51,42.25,0.38,0.38,8,8,5000
33F6A19-3012,F6,33,9,water,panel,none,400V 3ph,none,std,554,450,600,800,692,1000,1200,801.84,600,30,2.72,2.72,150,125,100.23,75.00,3.75,0.34,0.34,2,4,5000
33F6A19-3014,F6,33,9,water,push-through,none,400V 3ph,none,std,554,450,600,800,692,1000,1200,801.84,600,30,2.72,2.72,150,125,100.23,75.00,3.75,0.34,0.34,2,4,5000
33F6A19-3016,F6,33,9,water,push-through,integrated,400V 3ph,none,std,554,450,600,800,692,1000,1200,801.84,600,30,2.72,2.72,150,125,100.23,75.00,3.75,0.34,0.34,2,4,5000
33F6A19-3019,F6,33,9,water,panel,integrated,400V 3ph,none,std,554,450,600,800,692,1000,1200,801.84,600,30,2.72,2.72,150,125,100.23,75.00,3.75,0.34,0.34,2,4,5000
33F6A19-3B1A,F6,33,9,water,panel (high perf),integrated,400V 3ph,none,std,554,450,600,800,692,1000,1200,801.84,600,300,2.72,2.72,150,125,100.23,75.00,37.50,0.34,0.34,8,8,5000
33F6A19-3B1B,F6,33,9,water,push-through (high perf),integrated,400V 3ph,none,std,554,450,600,800,692,1000,1200,801.84,600,300,2.72,2.72,150,125,100.23,75.00,37.50,0.34,0.34,8,8,5000
33F6A19-3B1E,F6,33,9,water,panel (high perf),none,400V 3ph,none,std,554,450,600,800,692,1000,1200,801.84,600,300,2.72,2.72,150,125,100.23,75.00,37.50,0.34,0.34,8,8,5000
33F6A19-3B1G,F6,33,9,water,push-through (high perf),none,400V 3ph,none,std,554,450,600,800,692,1000,1200,801.84,600,300,2.72,2.72,150,125,100.23,75.00,37.50,0.34,0.34,8,8,5000
33F6A19-4012,F6,33,9,water,panel,none,400V 3ph,none,none,554,450,600,800,692,1000,1200,801.84,600,30,2.72,2.72,150,125,100.23,75.00,3.75,0.34,0.34,2,4,5000
33F6A19-4014,F6,33,9,water,push-through,none,400V 3ph,none,none,554,450,600,800,692,1000,1200,801.84,600,30,2.72,2.72,150,125,100.23,75.00,3.75,0.34,0.34,2,4,5000
33F6A19-4B1E,F6,33,9,water,panel (high perf),none,400V 3ph,none,none,554,450,600,800,692,1000,1200,801.84,600,300,2.72,2.72,150,125,100.23,75.00,37.50,0.34,0.34,8,8,5000
33F6A19-4B1G,F6,33,9,water,push-through (high perf),none,400V 3ph,none,none,554,450,600,800,692,1000,1200,801.84,600,300,2.72,2.72,150,125,100.23,75.00,37.50,0.34,0.34,8,8,5000
33F6A39-3012,F6,33,9,water,panel,none,400V 3ph,none,std,554,450,600,800,692,1000,1200,801.84,600,30,2.72,2.72,150,125,100.23,75.00,3.75,0.34,0.34,2,4,5000
33F6A39-3014,F6,33,9,water,push-through,none,400V 3ph,none,std,554,450,600,800,692,1000,1200,801.84,600,30,2.72,2.72,150,125,100.23,75.00,3.75,0.34,0.34,2,4,5000
33F6A39-3016,F6,33,9,water,push-through,integrated,400V 3ph,none,std,554,450,600,800,692,1000,1200,801.84,600,30,2.72,2.72,150,125,100.23,75.00,3.75,0.34,0.34,2,4,5000
33F6A39-3019,F6,33,9,water,panel,integrated,400V 3ph,none,std,554,450,600,800,692,1000,1200,801.84,600,30,2.72,2.72,150,125,100.23,75.00,3.75,0.34,0.34,2,4,5000
33F6A39-3B1A,F6,33,9,water,panel (high perf),integrated,400V 3ph,none,std,554,450,600,800,692,1000,1200,801.84,600,300,2.72,2.72,150,125,100.23,75.00,37.50,0.34,0.34,8,8,5000
33F6A39-3B1B,F6,33,9,water,push-through (high perf),integrated,400V 3ph,none,std,554,450,600,800,692,1000,1200,801.84,600,300,2.72,2.72,150,125,100.23,75.00,37.50,0.34,0.34,8,8,5000
33F6A39-3B1E,F6,33,9,water,panel (high perf),none,400V 3ph,none,std,554,450,600,800,692,1000,1200,801.84,600,300,2.72,2.72,150,125,100.23,75.00,37.50,0.34,0.34,8,8,5000
33F6A39-3B1G,F6,33,9,water,push-through (high perf),none,400V 3ph,none,std,554,450,600,800,692,1000,1200,801.84,600,300,2.72,2.72,150,125,100.23,75.00,37.50,0.34,0.34,8,8,5000
33F6A39-4012,F6,33,9,water,panel,none,400V 3ph,none,none,554,450,600,800,692,1000,1200,801.84,600,30,2.72,2.72,150,125,100.23,75.00,3.75,0.34,0.34,2,4,5000
33F6A39-4014,F6,33,9,water,push-through,none,400V 3ph,none,none,554,450,600,800,692,1000,1200,801.84,600,30,2.72,2.72,150,125,100.23,75.00,3.75,0.34,0.34,2,4,5000
33F6A39-4B1E,F6,33,9,water,panel (high perf),none,400V 3ph,none,none,554,450,600,800,692,1000,1200,801.84,600,300,2.72,2.72,150,125,100.23,75.00,37.50,0.34,0.34,8,8,5000
33F6A39-4B1G,F6,33,9,water,push-through (high perf),none,400V 3ph,none,none,554,450,600,800,692,1000,1200,801.84,600,300,2.72,2.72,150,125,100.23,75.00,37.50,0.34,0.34,8,8,5000
33F6K19-3012,F6,33,9,water,panel,none,400V 3ph,none,std,554,450,600,800,692,1000,1200,801.84,600,30,2.72,2.72,150,125,100.23,75.00,3.75,0.34,0.34,2,4,5000
33F6K19-3014,F6,33,9,water,push-through,none,400V 3ph,none,std,554,450,600,800,692,1000,1200,801.84,600,30,2.72,2.72,150,125,100.23,75.00,3.75,0.34,0.34,2,4,5000
33F6K19-3016,F6,33,9,water,push-through,integrated,400V 3ph,none,std,554,450,600,800,692,1000,1200,801.84,600,30,2.72,2.72,150,125,100.23,75.00,3.75,0.34,0.34,2,4,5000
33F6K19-3019,F6,33,9,water,panel,integrated,400V 3ph,none,std,554,450,600,800,692,1000,1200,801.84,600,30,2.72,2.72,150,125,100.23,75.00,3.75,0.34,0.34,2,4,5000
33F6K19-3022,F6,33,9,water,panel,none,400V 3ph,none,std,554,450,600,800,692,1000,1200,801.84,600,30,2.72,2.72,150,125,100.23,75.00,3.75,0.34,0.34,2,4,5000
33F6K19-3024,F6,33,9,water,push-through,none,400V 3ph,none,std,554,450,600,800,692,1000,1200,801.84,600,30,2.72,2.72,150,125,100.23,75.00,3.75,0.34,0.34,2,4,5000
33F6K19-3026,F6,33,9,water,push-through,integrated,400V 3ph,none,std,554,450,600,800,692,1000,1200,801.84,600,30,2.72,2.72,150,125,100.23,75.00,3.75,0.34,0.34,2,4,5000
33F6K19-3029,F6,33,9,water,panel,integrated,400V 3ph,none,std,554,450,600,800,692,1000,1200,801.84,600,30,2.72,2.72,150,125,100.23,75.00,3.75,0.34,0.34,2,4,5000
33F6K19-4012,F6,33,9,water,panel,none,400V 3ph,none,none,554,450,600,800,692,1000,1200,801.84,600,30,2.72,2.72,150,125,100.23,75.00,3.75,0.34,0.34,2,4,5000
33F6K19-4014,F6,33,9,water,push-through,none,400V 3ph,none,none,554,450,600,800,692,1000,1200,801.84,600,30,2.72,2.72,150,125,100.23,75.00,3.75,0.34,0.34,2,4,5000
33F6K19-4022,F6,33,9,water,panel,none,400V 3ph,none,none,554,450,600,800,692,1000,1200,801.84,600,30,2.72,2.72,150,125,100.23,75.00,3.75,0.34,0.34,2,4,5000
33F6K19-4024,F6,33,9,water,push-through,none,400V 3ph,none,none,554,450,600,800,692,1000,1200,801.84,600,30,2.72,2.72,150,125,100.23,75.00,3.75,0.34,0.34,2,4,5000
33F6P59-3032,F6,33,9,water,panel,none,400V 3ph,none,std,554,450,600,800,692,1000,1200,801.84,600,30,2.72,2.72,150,125,100.23,75.00,3.75,0.34,0.34,2,4,5000
33F6P59-3034,F6,33,9,water,push-through,none,400V 3ph,none,std,554,450,600,800,692,1000,1200,801.84,600,30,2.72,2.72,150,125,100.23,75.00,3.75,0.34,0.34,2,4,5000
33F6P59-3036,F6,33,9,water,push-through,integrated,400V 3ph,none,std,554,450,600,800,692,1000,1200,801.84,600,30,2.72,2.72,150,125,100.23,75.00,3.75,0.34,0.34,2,4,5000
33F6P59-3039,F6,33,9,water,panel,integrated,400V 3ph,none,std,554,450,600,800,692,1000,1200,801.84,600,30,2.72,2.72,150,125,100.23,75.00,3.75,0.34,0.34,2,4,5000
33F6P59-3042,F6,33,9,water,panel,none,400V 3ph,none,std,554,450,600,800,692,1000,1200,801.84,600,30,2.72,2.72,150,125,100.23,75.00,3.75,0.34,0.34,2,4,5000
33F6P59-3044,F6,33,9,water,push-through,none,400V 3ph,none,std,554,450,600,800,692,1000,1200,801.84,600,30,2.72,2.72,150,125,100.23,75.00,3.75,0.34,0.34,2,4,5000
33F6P59-3046,F6,33,9,water,push-through,integrated,400V 3ph,none,std,554,450,600,800,692,1000,1200,801.84,600,30,2.72,2.72,150,125,100.23,75.00,3.75,0.34,0.34,2,4,5000
33F6P59-3049,F6,33,9,water,panel,integrated,400V 3ph,none,std,554,450,600,800,692,1000,1200,801.84,600,30,2.72,2.72,150,125,100.23,75.00,3.75,0.34,0.34,2,4,5000
33F6P59-3052,F6,33,9,water,panel,none,400V 3ph,none,std,554,450,600,800,692,1000,1200,801.84,600,30,2.72,2.72,150,125,100.23,75.00,3.75,0.34,0.34,2,4,5000
33F6P59-3054,F6,33,9,water,push-through,none,400V 3ph,none,std,554,450,600,800,692,1000,1200,801.84,600,30,2.72,2.72,150,125,100.23,75.00,3.75,0.34,0.34,2,4,5000
33F6P59-3056,F6,33,9,water,push-through,integrated,400V 3ph,none,std,554,450,600,800,692,1000,1200,801.84,600,30,2.72,2.72,150,125,100.23,75.00,3.75,0.34,0.34,2,4,5000
33F6P59-3059,F6,33,9,water,panel,integrated,400V 3ph,none,std,554,450,600,800,692,1000,1200,801.84,600,30,2.72,2.72,150,125,100.23,75.00,3.75,0.34,0.34,2,4,5000
33F6P59-3B3A,F6,33,9,water,panel (high perf),integrated,400V 3ph,none,std,554,450,600,800,692,1000,1200,801.84,600,300,2.72,2.72,150,125,100.23,75.00,37.50,0.34,0.34,8,8,5000
33F6P59-3B3B,F6,33,9,water,push-through (high perf),integrated,400V 3ph,none,std,554,450,600,800,692,1000,1200,801.84,600,300,2.72,2.72,150,125,100.23,75.00,37.50,0.34,0.34,8,8,5000
33F6P59-3B3E,F6,33,9,water,panel (high perf),none,400V 3ph,none,std,554,450,600,800,692,1000,1200,801.84,600,300,2.72,2.72,150,125,100.23,75.00,37.50,0.34,0.34,8,8,5000
33F6P59-3B3G,F6,33,9,water,push-through (high perf),none,400V 3ph,none,std,554,450,600,800,692,1000,1200,801.84,600,300,2.72,2.72,150,125,100.23,75.00,37.50,0.34,0.34,8,8,5000
33F6P59-3B4A,F6,33,9,water,panel (high perf),integrated,400V 3ph,none,std,554,450,600,800,692,1000,1200,801.84,600,300,2.72,2.72,150,125,100.23,75.00,37.50,0.34,0.34,8,8,5000
33F6P59-3B4B,F6,33,9,water,push-through (high perf),integrated,400V 3ph,none,std,554,450,600,800,692,1000,1200,801.84,600,300,2.72,2.72,150,125,100.23,75.00,37.50,0.34,0.34,8,8,5000
33F6P59-3B4E,F6,33,9,water,panel (high perf),none,400V 3ph,none,std,554,450,600,800,692,1000,1200,801.84,600,300,2.72,2.72,150,125,100.23,75.00,37.50,0.34,0.34,8,8,5000
33F6P59-3B4G,F6,33,9,water,push-through (high perf),none,400V 3ph,none,std,554,450,600,800,692,1000,1200,801.84,600,300,2.72,2.72,150,125,100.23,75.00,37.50,0.34,0.34,8,8,5000
33F6P59-3B5A,F6,33,9,water,panel (high perf),integrated,400V 3ph,none,std,554,450,600,800,692,1000,1200,801.84,600,300,2.72,2.72,150,125,100.23,75.00,37.50,0.34,0.34,8,8,5000
33F6P59-3B5B,F6,33,9,water,push-through (high perf),integrated,400V 3ph,none,std,554,450,600,800,692,1000,1200,801.84,600,300,2.72,2.72,150,125,100.23,75.00,37.50,0.34,0.34,8,8,5000
33F6P59-3B5E,F6,33,9,water,panel (high perf),none,400V 3ph,none,std,554,450,600,800,692,1000,1200,801.84,600,300,2.72,2.72,150,125,100.23,75.00,37.50,0.34,0.34,8,8,5000
33F6P59-3B5G,F6,33,9,water,push-through (high perf),none,400V 3ph,none,std,554,450,600,800,692,1000,1200,801.84,600,300,2.72,2.72,150,125,100.23,75.00,37.50,0.34,0.34,8,8,5000
33F6P59-4032,F6,33,9,water,panel,none,400V 3ph,none,none,554,450,600,800,692,1000,1200,801.84,600,30,2.72,2.72,150,125,100.23,75.00,3.75,0.34,0.34,2,4,5000
33F6P59-4034,F6,33,9,water,push-through,none,400V 3ph,none,none,554,450,600,800,692,1000,1200,801.84,600,30,2.72,2.72,150,125,100.23,75.00,3.75,0.34,0.34,2,4,5000
33F6P59-4042,F6,33,9,water,panel,none,400V 3ph,none,none,554,450,600,800,692,1000,1200,801.84,600,30,2.72,2.72,150,125,100.23,75.00,3.75,0.34,0.34,2,4,5000
33F6P59-4044,F6,33,9,water,push-through,none,400V 3ph,none,none,554,450,600,800,692,1000,1200,801.84,600,30,2.72,2.72,150,125,100.23,75.00,3.75,0.34,0.34,2,4,5000
33F6P59-4052,F6,33,9,water,panel,none,400V 3ph,none,none,554,450,600,800,692,1000,1200,801.84,600,30,2.72,2.72,150,125,100.23,75.00,3.75,0.34,0.34,2,4,5000
33F6P59-4054,F6,33,9,water,push-through,none,400V 3ph,none,none,554,450,600,800,692,1000,1200,801.84,600,30,2.72,2.72,150,125,100.23,75.00,3.75,0.34,0.34,2,4,5000
33F6P59-4B3E,F6,33,9,water,panel (high perf),none,400V 3ph,none,none,554,450,600,800,692,1000,1200,801.84,600,300,2.72,2.72,150,125,100.23,75.00,37.50,0.34,0.34,8,8,5000
33F6P59-4B3G,F6,33,9,water,push-through (high perf),none,400V 3ph,none,none,554,450,600,800,692,1000,1200,801.84,600,300,2.72,2.72,150,125,100.23,75.00,37.50,0.34,0.34,8,8,5000
33F6P59-4B4E,F6,33,9,water,panel (high perf),none,400V 3ph,none,none,554,450,600,800,692,1000,1200,801.84,600,300,2.72,2.72,150,125,100.23,75.00,37.50,0.34,0.34,8,8,5000
33F6P59-4B4G,F6,33,9,water,push-through (high perf),none,400V 3ph,none,none,554,450,600,800,692,1000,1200,801.84,600,300,2.72,2.72,150,125,100.23,75.00,37.50,0.34,0.34,8,8,5000
33F6P59-4B5E,F6,33,9,water,panel (high perf),none,400V 3ph,none,none,554,450,600,800,692,1000,1200,801.84,600,300,2.72,2.72,150,125,100.23,75.00,37.50,0.34,0.34,8,8,5000
33F6P59-4B5G,F6,33,9,water,push-through (high perf),none,400V 3ph,none,none,554,450,600,800,692,1000,1200,801.84,600,300,2.72,2.72,150,125,100.23,75.00,37.50,0.34,0.34,8,8,5000
CMF6309-0001,F6,30,9,water,panel (high perf),none,400V 3ph,none,none,395,315,400,570,495,712.5,855,627.285,572.736,299.991,2.736,2.736,150,125,110.05,100.48,52.63,0.48,0.48,8,8,5000
CMF6319-0004,F6,31,9,water,panel (high perf),none,400V 3ph,none,none,436,355,450,630,545,787.5,945,695.457,600.012,300.006,2.709,2.709,150,125,110.39,95.24,47.62,0.43,0.43,8,8,5000
CMF6339-0001,F6,33,9,water,panel (high perf),none,400V 3ph,none,none,554,450,600,800,692,1000,1200,801.84,600,300,2.72,2.72,150,125,100.23,75.00,37.50,0.34,0.34,8,8,5000
CMF6339-0007,F6,33,9,water,push-through (high perf),none,400V 3ph,none,none,554,450,600,800,692,1000,1200,801.84,600,300,2.72,2.72,150,125,100.23,75.00,37.50,0.34,0.34,8,8,5000